txn_id,sender_account_id,receiver_account_id,amount_inr,timestamp,mode
TXN-00001,A-0095,A-0240,476735.82,2025-08-10 04:27:11,IMPS
TXN-00002,A-0299,A-0041,452633.89,2025-12-17 16:46:07,RTGS
TXN-00003,A-0261,A-0383,170116.14,2024-06-21 13:35:06,UPI
TXN-00004,A-0283,A-0160,84149.38,2026-01-01 13:24:01,Cash Deposit
TXN-00005,A-0132,A-0127,69295.08,2025-10-12 05:07:03,Cash Deposit
TXN-00006,A-0102,A-0066,132612.19,2025-09-17 05:09:13,RTGS
TXN-00007,A-0246,A-0475,267603.21,2024-12-17 20:37:35,NEFT
TXN-00008,A-0012,A-0457,38497.13,2024-11-13 22:28:20,Cash Deposit
TXN-00009,A-0089,A-0197,327058.78,2025-10-05 03:52:21,NEFT
TXN-00010,A-0369,A-0135,156528.0,2024-10-25 01:11:32,IMPS
TXN-00011,A-0431,A-0252,493775.11,2026-11-22 04:02:57,NEFT
TXN-00012,A-0055,A-0149,69024.43,2026-01-13 13:49:34,IMPS
TXN-00013,A-0117,A-0032,441913.52,2025-03-23 02:12:04,IMPS
TXN-00014,A-0436,A-0034,8096.41,2025-03-25 00:34:12,UPI
TXN-00015,A-0108,A-0034,151532.55,2025-07-30 15:26:52,IMPS
TXN-00016,A-0095,A-0043,232753.73,2025-07-31 09:02:29,Cash Deposit
TXN-00017,A-0258,A-0348,168240.59,2024-02-26 13:31:08,RTGS
TXN-00018,A-0071,A-0379,482906.52,2024-09-29 17:25:07,UPI
TXN-00019,A-0483,A-0339,27010.46,2024-09-16 15:33:43,IMPS
TXN-00020,A-0289,A-0239,467548.34,2026-03-29 22:40:51,Cash Deposit
TXN-00021,A-0314,A-0299,348067.74,2026-11-27 16:22:46,IMPS
TXN-00022,A-0207,A-0344,389997.98,2026-06-12 23:35:30,UPI
TXN-00023,A-0033,A-0109,427097.06,2025-12-13 00:33:40,Cash Deposit
TXN-00024,A-0403,A-0149,84362.36,2026-02-17 16:26:45,Cash Deposit
TXN-00025,A-0362,A-0207,282586.08,2025-01-24 07:55:43,RTGS
TXN-00026,A-0014,A-0485,57034.67,2024-03-23 16:07:30,UPI
TXN-00027,A-0316,A-0443,157431.92,2025-08-01 18:10:18,IMPS
TXN-00028,A-0326,A-0095,48027.6,2024-09-19 01:39:21,NEFT
TXN-00029,A-0453,A-0432,366244.86,2026-09-17 00:17:56,NEFT
TXN-00030,A-0066,A-0490,362625.57,2026-01-26 20:45:00,NEFT
TXN-00031,A-0333,A-0368,382096.99,2024-10-10 07:39:15,UPI
TXN-00032,A-0414,A-0156,56298.14,2025-04-20 07:43:32,UPI
TXN-00033,A-0221,A-0208,339265.17,2026-08-23 11:11:31,Cash Deposit
TXN-00034,A-0299,A-0250,57680.35,2024-03-22 17:45:28,RTGS
TXN-00035,A-0270,A-0414,396007.58,2025-11-07 02:28:25,UPI
TXN-00036,A-0190,A-0253,120318.39,2026-07-18 04:40:27,UPI
TXN-00037,A-0468,A-0101,161322.13,2026-10-10 04:16:32,IMPS
TXN-00038,A-0480,A-0473,5726.29,2026-11-22 14:35:14,Cash Deposit
TXN-00039,A-0155,A-0067,435102.53,2025-03-06 14:40:49,IMPS
TXN-00040,A-0174,A-0409,360795.16,2026-11-09 19:34:40,IMPS
TXN-00041,A-0365,A-0193,35059.98,2025-02-26 16:14:15,IMPS
TXN-00042,A-0237,A-0332,432225.22,2026-10-14 12:36:42,RTGS
TXN-00043,A-0344,A-0012,347009.42,2026-01-01 23:31:30,UPI
TXN-00044,A-0035,A-0456,129455.54,2026-10-16 19:14:46,IMPS
TXN-00045,A-0143,A-0026,366782.2,2024-05-03 05:41:06,IMPS
TXN-00046,A-0397,A-0261,138452.81,2025-06-07 06:11:20,NEFT
TXN-00047,A-0227,A-0312,195170.36,2025-02-23 14:46:57,UPI
TXN-00048,A-0147,A-0159,58805.51,2026-03-24 16:41:41,RTGS
TXN-00049,A-0269,A-0039,263278.05,2026-04-13 02:28:13,Cash Deposit
TXN-00050,A-0368,A-0226,411902.82,2025-03-27 10:46:17,Cash Deposit
TXN-00051,A-0148,A-0302,486205.72,2026-05-05 15:57:09,IMPS
TXN-00052,A-0192,A-0359,448041.16,2024-09-13 16:51:01,NEFT
TXN-00053,A-0329,A-0325,258484.68,2024-07-28 23:19:23,RTGS
TXN-00054,A-0054,A-0163,163882.48,2026-04-30 18:02:27,IMPS
TXN-00055,A-0062,A-0420,139004.2,2025-03-13 12:12:05,IMPS
TXN-00056,A-0176,A-0339,228657.69,2026-06-16 21:44:32,UPI
TXN-00057,A-0371,A-0236,446771.52,2024-05-04 17:20:14,UPI
TXN-00058,A-0427,A-0159,484370.99,2026-02-03 12:17:02,UPI
TXN-00059,A-0011,A-0037,52388.14,2026-09-20 07:07:49,IMPS
TXN-00060,A-0054,A-0078,480788.48,2026-08-22 06:15:55,RTGS
TXN-00061,A-0090,A-0056,313365.28,2025-01-10 20:55:27,IMPS
TXN-00062,A-0196,A-0230,26606.96,2024-09-17 09:24:20,IMPS
TXN-00063,A-0176,A-0404,425708.69,2024-11-28 11:53:17,UPI
TXN-00064,A-0256,A-0241,266128.75,2025-08-14 23:06:25,Cash Deposit
TXN-00065,A-0165,A-0080,456311.14,2026-04-06 11:12:54,IMPS
TXN-00066,A-0111,A-0225,252890.36,2025-09-22 05:37:24,NEFT
TXN-00067,A-0401,A-0079,64028.51,2024-02-18 06:43:46,IMPS
TXN-00068,A-0038,A-0002,452305.66,2026-05-06 10:39:07,Cash Deposit
TXN-00069,A-0022,A-0235,170557.39,2024-11-27 13:41:21,UPI
TXN-00070,A-0489,A-0425,257017.2,2024-08-06 10:08:35,Cash Deposit
TXN-00071,A-0025,A-0319,475322.9,2026-04-22 16:26:07,Cash Deposit
TXN-00072,A-0088,A-0192,287002.07,2024-03-09 02:00:01,NEFT
TXN-00073,A-0499,A-0061,360475.81,2025-12-02 14:11:21,RTGS
TXN-00074,A-0100,A-0405,187554.38,2025-01-02 02:09:20,UPI
TXN-00075,A-0217,A-0373,198782.03,2025-12-12 01:31:02,RTGS
TXN-00076,A-0199,A-0467,457678.97,2024-08-20 12:13:34,RTGS
TXN-00077,A-0130,A-0140,109101.69,2025-12-20 04:36:34,IMPS
TXN-00078,A-0298,A-0465,52190.0,2025-06-25 02:37:42,UPI
TXN-00079,A-0410,A-0018,269115.55,2024-12-15 01:12:29,Cash Deposit
TXN-00080,A-0252,A-0207,29708.87,2024-03-10 10:49:50,Cash Deposit
TXN-00081,A-0074,A-0126,418335.3,2025-01-16 03:31:00,UPI
TXN-00082,A-0357,A-0494,62742.16,2026-08-12 11:28:13,Cash Deposit
TXN-00083,A-0243,A-0303,204168.31,2025-01-01 20:59:33,IMPS
TXN-00084,A-0268,A-0221,40767.23,2025-12-25 08:31:57,IMPS
TXN-00085,A-0348,A-0408,449462.4,2025-03-09 09:50:52,NEFT
TXN-00086,A-0017,A-0254,108885.7,2024-04-05 10:26:31,UPI
TXN-00087,A-0478,A-0234,83401.72,2026-07-25 06:07:48,RTGS
TXN-00088,A-0239,A-0130,283422.42,2025-11-11 18:26:49,Cash Deposit
TXN-00089,A-0250,A-0478,270598.2,2025-08-23 05:59:07,Cash Deposit
TXN-00090,A-0017,A-0043,492247.2,2026-09-22 14:16:04,Cash Deposit
TXN-00091,A-0342,A-0444,477731.82,2026-12-21 16:23:30,RTGS
TXN-00092,A-0391,A-0449,59483.15,2026-11-22 02:05:17,UPI
TXN-00093,A-0413,A-0106,175360.53,2024-03-08 23:46:18,RTGS
TXN-00094,A-0078,A-0484,111649.39,2025-03-01 19:16:59,NEFT
TXN-00095,A-0076,A-0108,168045.04,2026-08-11 17:58:42,IMPS
TXN-00096,A-0147,A-0408,199067.71,2026-12-09 01:05:28,NEFT
TXN-00097,A-0323,A-0096,275354.6,2025-06-24 10:08:44,RTGS
TXN-00098,A-0205,A-0282,17804.38,2025-05-27 14:55:08,UPI
TXN-00099,A-0475,A-0479,52862.64,2024-12-12 15:13:23,IMPS
TXN-00100,A-0167,A-0324,233807.99,2025-09-28 04:43:32,NEFT
TXN-00101,A-0101,A-0338,66571.2,2026-08-18 02:01:39,IMPS
TXN-00102,A-0344,A-0196,306522.17,2024-06-07 14:02:11,UPI
TXN-00103,A-0160,A-0243,25703.05,2026-02-17 02:39:09,RTGS
TXN-00104,A-0439,A-0219,147230.14,2026-01-21 09:35:42,RTGS
TXN-00105,A-0384,A-0023,244896.17,2025-06-27 07:13:25,UPI
TXN-00106,A-0086,A-0317,462353.2,2026-04-28 16:41:23,UPI
TXN-00107,A-0170,A-0006,207069.97,2025-02-25 11:42:04,NEFT
TXN-00108,A-0122,A-0487,490190.66,2026-07-12 06:48:10,IMPS
TXN-00109,A-0204,A-0342,491090.01,2025-07-03 11:51:03,Cash Deposit
TXN-00110,A-0005,A-0151,42971.31,2026-01-01 03:08:47,RTGS
TXN-00111,A-0017,A-0467,376489.58,2026-04-08 11:39:32,NEFT
TXN-00112,A-0091,A-0442,242866.6,2025-01-16 14:43:07,UPI
TXN-00113,A-0390,A-0060,254585.74,2024-06-06 17:53:26,UPI
TXN-00114,A-0093,A-0178,89683.77,2024-12-16 16:32:00,RTGS
TXN-00115,A-0040,A-0208,381498.57,2025-08-19 05:04:59,NEFT
TXN-00116,A-0451,A-0435,123757.81,2024-10-17 12:40:32,IMPS
TXN-00117,A-0037,A-0283,395426.27,2026-06-26 12:01:39,Cash Deposit
TXN-00118,A-0495,A-0476,245234.7,2026-03-10 03:09:15,IMPS
TXN-00119,A-0348,A-0249,335109.51,2024-11-27 05:49:15,IMPS
TXN-00120,A-0431,A-0267,218280.75,2026-12-01 08:34:34,UPI
TXN-00121,A-0256,A-0300,498541.73,2025-03-18 08:33:08,IMPS
TXN-00122,A-0025,A-0264,236216.21,2025-02-15 07:04:54,NEFT
TXN-00123,A-0201,A-0436,416685.24,2024-08-18 12:48:15,RTGS
TXN-00124,A-0094,A-0437,261462.96,2026-03-07 15:05:48,Cash Deposit
TXN-00125,A-0330,A-0266,472307.85,2024-02-18 19:44:13,Cash Deposit
TXN-00126,A-0302,A-0190,119671.52,2026-05-04 12:13:47,UPI
TXN-00127,A-0026,A-0096,499384.76,2024-10-20 17:38:29,UPI
TXN-00128,A-0316,A-0104,407199.2,2026-04-17 23:59:38,IMPS
TXN-00129,A-0241,A-0448,78116.52,2024-01-12 22:31:46,UPI
TXN-00130,A-0121,A-0459,400960.88,2025-03-30 16:28:43,IMPS
TXN-00131,A-0073,A-0350,402335.83,2024-08-16 07:51:41,IMPS
TXN-00132,A-0231,A-0422,414002.67,2024-12-27 18:09:41,NEFT
TXN-00133,A-0297,A-0090,494685.75,2024-10-21 14:50:30,RTGS
TXN-00134,A-0319,A-0143,79322.55,2025-11-02 09:28:02,Cash Deposit
TXN-00135,A-0380,A-0449,123565.71,2024-09-14 22:14:11,NEFT
TXN-00136,A-0482,A-0203,71083.98,2026-11-12 07:48:04,IMPS
TXN-00137,A-0016,A-0348,399203.65,2026-08-23 06:19:48,RTGS
TXN-00138,A-0044,A-0401,251419.77,2025-12-08 22:16:19,Cash Deposit
TXN-00139,A-0472,A-0039,294967.59,2026-10-23 00:55:36,RTGS
TXN-00140,A-0420,A-0385,267362.77,2024-03-04 21:50:16,UPI
TXN-00141,A-0135,A-0010,197321.23,2025-03-01 08:24:53,NEFT
TXN-00142,A-0225,A-0076,164990.17,2025-07-04 11:00:01,NEFT
TXN-00143,A-0096,A-0248,129866.36,2026-01-06 21:55:43,Cash Deposit
TXN-00144,A-0251,A-0120,90134.82,2024-10-01 17:38:07,NEFT
TXN-00145,A-0053,A-0410,119437.25,2025-10-07 12:40:53,IMPS
TXN-00146,A-0026,A-0398,309440.43,2024-07-16 14:17:06,RTGS
TXN-00147,A-0097,A-0398,466205.7,2025-01-15 20:37:58,Cash Deposit
TXN-00148,A-0130,A-0186,352458.45,2024-07-16 03:06:26,Cash Deposit
TXN-00149,A-0174,A-0418,2605.13,2024-05-20 15:22:03,Cash Deposit
TXN-00150,A-0089,A-0397,391741.82,2025-08-29 21:35:11,UPI
TXN-00151,A-0116,A-0103,406766.63,2026-05-20 15:30:49,UPI
TXN-00152,A-0487,A-0377,162191.76,2025-11-29 16:54:15,NEFT
TXN-00153,A-0329,A-0295,372063.5,2026-04-11 14:23:08,Cash Deposit
TXN-00154,A-0034,A-0500,43315.69,2024-07-10 18:38:33,NEFT
TXN-00155,A-0338,A-0002,97057.61,2026-07-17 05:38:41,RTGS
TXN-00156,A-0061,A-0299,131913.0,2024-06-27 19:33:49,Cash Deposit
TXN-00157,A-0169,A-0475,387752.19,2026-01-17 01:58:26,NEFT
TXN-00158,A-0222,A-0298,498449.47,2026-11-07 12:23:13,UPI
TXN-00159,A-0497,A-0194,324578.02,2026-07-27 15:18:38,IMPS
TXN-00160,A-0182,A-0318,189856.68,2024-06-03 21:44:02,Cash Deposit
TXN-00161,A-0300,A-0227,370449.61,2026-04-11 02:14:13,NEFT
TXN-00162,A-0102,A-0194,286264.35,2025-07-16 11:09:13,RTGS
TXN-00163,A-0407,A-0409,423849.37,2025-12-12 03:47:29,NEFT
TXN-00164,A-0231,A-0342,98952.54,2024-01-10 09:47:28,IMPS
TXN-00165,A-0499,A-0080,52241.76,2025-08-30 22:06:13,Cash Deposit
TXN-00166,A-0080,A-0221,248976.97,2025-02-08 04:21:21,Cash Deposit
TXN-00167,A-0392,A-0140,90962.64,2025-07-13 05:23:07,UPI
TXN-00168,A-0440,A-0096,483547.8,2025-09-09 04:46:35,UPI
TXN-00169,A-0415,A-0367,486656.83,2026-09-09 06:58:59,UPI
TXN-00170,A-0343,A-0376,129058.13,2024-02-27 08:28:04,NEFT
TXN-00171,A-0054,A-0233,16111.87,2025-10-31 03:40:29,NEFT
TXN-00172,A-0303,A-0476,118586.99,2026-01-18 19:40:37,RTGS
TXN-00173,A-0168,A-0008,117957.45,2026-11-02 07:29:33,Cash Deposit
TXN-00174,A-0052,A-0013,104031.64,2025-09-03 11:26:06,IMPS
TXN-00175,A-0045,A-0495,325269.13,2025-03-21 11:34:18,NEFT
TXN-00176,A-0345,A-0363,33186.49,2025-08-26 08:11:53,Cash Deposit
TXN-00177,A-0494,A-0040,115501.57,2024-05-12 13:51:41,NEFT
TXN-00178,A-0389,A-0179,314295.05,2025-06-18 16:14:49,IMPS
TXN-00179,A-0447,A-0134,468424.86,2025-03-08 08:51:04,RTGS
TXN-00180,A-0484,A-0461,151695.38,2024-12-06 11:47:01,Cash Deposit
TXN-00181,A-0411,A-0211,16786.55,2024-10-15 05:21:22,RTGS
TXN-00182,A-0069,A-0292,386361.55,2025-06-05 12:24:54,UPI
TXN-00183,A-0089,A-0476,173612.55,2026-11-15 11:03:18,UPI
TXN-00184,A-0346,A-0286,477099.42,2026-05-05 20:51:31,UPI
TXN-00185,A-0388,A-0289,213896.49,2026-11-19 03:06:17,NEFT
TXN-00186,A-0190,A-0483,302720.89,2025-08-23 21:43:59,UPI
TXN-00187,A-0472,A-0155,364960.65,2025-10-21 09:03:31,IMPS
TXN-00188,A-0052,A-0103,483192.06,2025-03-20 18:50:02,UPI
TXN-00189,A-0403,A-0115,346319.76,2026-04-28 16:57:52,Cash Deposit
TXN-00190,A-0042,A-0221,413104.0,2024-07-24 15:37:55,IMPS
TXN-00191,A-0140,A-0124,341135.3,2025-04-08 16:28:53,Cash Deposit
TXN-00192,A-0386,A-0343,235075.23,2025-04-30 13:55:42,NEFT
TXN-00193,A-0256,A-0359,2528.57,2025-06-15 17:37:03,RTGS
TXN-00194,A-0386,A-0469,402391.62,2026-02-06 08:42:50,NEFT
TXN-00195,A-0056,A-0233,151637.25,2026-12-18 21:39:23,UPI
TXN-00196,A-0340,A-0352,384921.86,2026-03-05 22:38:19,NEFT
TXN-00197,A-0305,A-0219,427096.84,2026-07-03 05:07:36,IMPS
TXN-00198,A-0046,A-0284,306622.09,2026-05-30 06:10:43,UPI
TXN-00199,A-0316,A-0388,188818.58,2024-08-04 23:28:43,Cash Deposit
TXN-00200,A-0283,A-0474,371822.59,2026-07-15 11:24:53,RTGS
TXN-00201,A-0198,A-0354,482303.31,2025-06-12 17:53:28,UPI
TXN-00202,A-0455,A-0399,410423.03,2024-08-27 22:07:10,IMPS
TXN-00203,A-0177,A-0127,487262.13,2024-09-04 16:29:42,IMPS
TXN-00204,A-0410,A-0001,419044.86,2025-06-17 14:14:21,Cash Deposit
TXN-00205,A-0058,A-0152,422915.79,2025-04-24 19:42:55,IMPS
TXN-00206,A-0026,A-0117,422775.73,2026-08-12 04:34:35,Cash Deposit
TXN-00207,A-0173,A-0145,209373.55,2025-12-08 16:01:12,RTGS
TXN-00208,A-0324,A-0030,129370.33,2025-08-25 03:14:27,IMPS
TXN-00209,A-0479,A-0338,176640.74,2024-05-06 22:26:47,NEFT
TXN-00210,A-0210,A-0347,254971.65,2024-04-25 07:56:22,IMPS
TXN-00211,A-0083,A-0260,95319.7,2026-12-06 06:46:25,NEFT
TXN-00212,A-0077,A-0317,256115.35,2026-05-25 17:42:06,IMPS
TXN-00213,A-0104,A-0478,349790.39,2026-01-05 19:30:25,IMPS
TXN-00214,A-0317,A-0297,231889.24,2024-08-09 22:04:51,Cash Deposit
TXN-00215,A-0210,A-0127,256151.16,2026-11-15 13:10:44,Cash Deposit
TXN-00216,A-0361,A-0411,167385.19,2024-10-30 05:09:40,IMPS
TXN-00217,A-0117,A-0250,210756.34,2026-04-13 07:08:29,NEFT
TXN-00218,A-0258,A-0255,230998.71,2024-07-17 02:47:49,UPI
TXN-00219,A-0495,A-0414,430676.57,2026-06-14 13:30:16,IMPS
TXN-00220,A-0306,A-0388,488626.49,2025-11-12 12:38:14,RTGS
TXN-00221,A-0138,A-0474,212783.12,2026-01-26 01:44:06,RTGS
TXN-00222,A-0267,A-0316,389330.96,2025-11-20 18:17:50,NEFT
TXN-00223,A-0311,A-0135,391006.85,2026-04-25 08:34:23,UPI
TXN-00224,A-0311,A-0294,260494.44,2026-08-03 05:28:42,IMPS
TXN-00225,A-0356,A-0322,223613.64,2025-07-20 04:25:12,NEFT
TXN-00226,A-0359,A-0427,43032.66,2025-09-04 07:59:09,RTGS
TXN-00227,A-0361,A-0061,455381.77,2025-06-23 05:47:05,IMPS
TXN-00228,A-0130,A-0159,200989.21,2024-03-08 21:06:34,Cash Deposit
TXN-00229,A-0076,A-0160,477008.2,2024-10-19 20:02:01,IMPS
TXN-00230,A-0254,A-0134,11783.77,2024-03-08 11:15:32,IMPS
TXN-00231,A-0082,A-0382,345518.67,2026-09-20 23:10:42,UPI
TXN-00232,A-0103,A-0189,215787.41,2025-05-30 16:48:59,NEFT
TXN-00233,A-0026,A-0494,440821.81,2026-07-16 23:59:23,RTGS
TXN-00234,A-0416,A-0312,38920.67,2026-09-27 11:40:04,UPI
TXN-00235,A-0299,A-0015,177141.15,2026-03-20 23:52:09,UPI
TXN-00236,A-0319,A-0436,244088.99,2025-08-02 00:50:29,NEFT
TXN-00237,A-0144,A-0487,181594.74,2026-04-15 03:44:00,UPI
TXN-00238,A-0140,A-0061,25411.0,2024-05-08 18:10:08,NEFT
TXN-00239,A-0289,A-0078,293974.27,2024-10-11 01:55:00,IMPS
TXN-00240,A-0046,A-0388,14675.79,2025-03-07 22:30:26,NEFT
TXN-00241,A-0300,A-0353,32480.53,2025-12-29 01:37:47,UPI
TXN-00242,A-0156,A-0226,88654.07,2025-06-09 16:13:47,RTGS
TXN-00243,A-0029,A-0363,161339.75,2025-12-12 13:28:35,NEFT
TXN-00244,A-0247,A-0259,14443.26,2025-01-19 22:30:06,RTGS
TXN-00245,A-0492,A-0469,240304.53,2026-10-09 12:33:30,IMPS
TXN-00246,A-0161,A-0193,68633.15,2025-08-02 10:19:25,Cash Deposit
TXN-00247,A-0119,A-0101,388531.76,2025-03-07 08:56:35,RTGS
TXN-00248,A-0279,A-0457,171653.51,2025-09-21 15:05:13,RTGS
TXN-00249,A-0471,A-0022,280946.12,2025-02-28 10:35:36,UPI
TXN-00250,A-0287,A-0071,104622.57,2025-08-26 03:14:51,UPI
TXN-00251,A-0217,A-0407,331081.81,2024-04-10 14:46:01,IMPS
TXN-00252,A-0339,A-0440,20989.64,2025-06-22 21:10:38,IMPS
TXN-00253,A-0328,A-0382,463667.48,2025-05-12 10:34:57,UPI
TXN-00254,A-0495,A-0249,490403.13,2026-09-18 22:45:53,NEFT
TXN-00255,A-0146,A-0368,21714.77,2025-04-23 22:57:18,Cash Deposit
TXN-00256,A-0057,A-0281,312963.96,2024-11-07 03:38:10,RTGS
TXN-00257,A-0082,A-0048,442342.36,2026-02-23 00:36:51,NEFT
TXN-00258,A-0292,A-0085,264278.17,2025-03-26 02:26:25,Cash Deposit
TXN-00259,A-0237,A-0326,337743.14,2026-12-03 04:07:55,UPI
TXN-00260,A-0279,A-0411,462758.02,2024-05-04 05:36:58,NEFT
TXN-00261,A-0471,A-0278,498613.99,2025-05-08 14:31:53,Cash Deposit
TXN-00262,A-0466,A-0004,225140.83,2024-10-14 12:57:25,IMPS
TXN-00263,A-0123,A-0401,155149.68,2026-01-02 15:24:14,UPI
TXN-00264,A-0463,A-0036,146344.48,2025-01-22 12:41:42,Cash Deposit
TXN-00265,A-0356,A-0095,124882.19,2026-12-07 14:13:28,RTGS
TXN-00266,A-0360,A-0201,403722.44,2024-11-28 11:08:49,NEFT
TXN-00267,A-0119,A-0258,72373.55,2025-06-21 22:40:58,NEFT
TXN-00268,A-0037,A-0244,38113.91,2025-12-07 22:41:03,IMPS
TXN-00269,A-0006,A-0311,321529.64,2024-03-31 21:54:00,NEFT
TXN-00270,A-0319,A-0346,69650.67,2026-01-17 17:26:57,Cash Deposit
TXN-00271,A-0316,A-0124,288370.7,2025-11-27 08:34:34,UPI
TXN-00272,A-0013,A-0197,110479.35,2026-09-11 08:14:45,RTGS
TXN-00273,A-0095,A-0228,410108.37,2026-02-25 11:38:57,IMPS
TXN-00274,A-0277,A-0343,346280.46,2024-04-17 06:28:51,RTGS
TXN-00275,A-0200,A-0201,287627.4,2026-12-03 22:25:05,NEFT
TXN-00276,A-0121,A-0493,172872.22,2026-01-11 19:56:46,IMPS
TXN-00277,A-0379,A-0094,1306.8,2024-02-25 02:40:24,UPI
TXN-00278,A-0325,A-0359,151717.06,2026-01-15 11:17:25,IMPS
TXN-00279,A-0282,A-0435,297519.56,2025-09-26 17:53:14,UPI
TXN-00280,A-0229,A-0139,52871.64,2024-04-26 13:20:29,RTGS
TXN-00281,A-0439,A-0497,486768.13,2026-08-12 00:30:24,NEFT
TXN-00282,A-0088,A-0053,164438.51,2026-07-14 16:36:43,RTGS
TXN-00283,A-0028,A-0069,374232.65,2025-12-06 09:08:37,RTGS
TXN-00284,A-0481,A-0272,37682.78,2025-05-08 20:54:17,NEFT
TXN-00285,A-0091,A-0004,361691.11,2025-07-15 03:51:10,NEFT
TXN-00286,A-0328,A-0250,381088.51,2024-09-25 18:30:10,UPI
TXN-00287,A-0077,A-0466,297921.92,2026-07-18 06:16:26,Cash Deposit
TXN-00288,A-0168,A-0183,215943.53,2024-08-22 05:40:15,Cash Deposit
TXN-00289,A-0029,A-0330,381435.12,2024-04-24 17:58:52,Cash Deposit
TXN-00290,A-0395,A-0475,351122.54,2025-03-09 07:34:03,NEFT
TXN-00291,A-0082,A-0179,193869.37,2024-07-30 17:00:05,Cash Deposit
TXN-00292,A-0428,A-0273,453097.57,2024-12-22 04:17:56,Cash Deposit
TXN-00293,A-0147,A-0214,426713.59,2024-11-24 03:35:30,NEFT
TXN-00294,A-0156,A-0187,88953.41,2025-12-12 20:27:05,RTGS
TXN-00295,A-0485,A-0189,199181.76,2026-03-25 12:45:35,UPI
TXN-00296,A-0297,A-0489,467536.72,2024-12-16 21:46:11,IMPS
TXN-00297,A-0433,A-0307,448141.65,2024-03-08 21:14:35,RTGS
TXN-00298,A-0156,A-0448,375477.59,2025-08-31 02:44:01,Cash Deposit
TXN-00299,A-0187,A-0471,214083.08,2025-03-02 15:58:59,NEFT
TXN-00300,A-0387,A-0232,480678.87,2024-12-25 12:42:04,IMPS
TXN-00301,A-0395,A-0261,214491.17,2025-12-25 19:47:04,IMPS
TXN-00302,A-0255,A-0224,179371.95,2026-05-05 21:14:47,IMPS
TXN-00303,A-0347,A-0255,161117.68,2026-09-22 00:09:46,RTGS
TXN-00304,A-0209,A-0442,198457.74,2026-01-18 01:54:09,RTGS
TXN-00305,A-0374,A-0397,432220.67,2026-04-26 10:11:46,UPI
TXN-00306,A-0051,A-0192,308314.37,2024-01-11 11:23:47,IMPS
TXN-00307,A-0212,A-0258,155548.11,2026-07-23 00:06:04,NEFT
TXN-00308,A-0218,A-0135,250009.83,2026-02-12 22:13:20,IMPS
TXN-00309,A-0024,A-0435,344476.54,2024-04-06 10:54:03,Cash Deposit
TXN-00310,A-0430,A-0004,253855.43,2026-03-09 08:01:24,NEFT
TXN-00311,A-0259,A-0191,51554.25,2024-03-05 10:46:04,NEFT
TXN-00312,A-0391,A-0238,429532.55,2025-11-07 00:00:07,NEFT
TXN-00313,A-0015,A-0328,167647.62,2024-11-19 06:34:20,UPI
TXN-00314,A-0095,A-0393,6747.05,2025-04-04 20:25:41,RTGS
TXN-00315,A-0419,A-0345,350119.8,2025-07-30 09:39:53,Cash Deposit
TXN-00316,A-0450,A-0432,189327.58,2024-10-02 17:56:07,IMPS
TXN-00317,A-0490,A-0369,255991.71,2024-07-15 10:41:28,IMPS
TXN-00318,A-0303,A-0437,46259.45,2026-08-23 22:56:21,UPI
TXN-00319,A-0068,A-0345,185166.61,2025-11-04 10:02:29,RTGS
TXN-00320,A-0307,A-0124,448834.3,2025-10-03 08:08:28,NEFT
TXN-00321,A-0170,A-0257,304748.12,2025-08-23 20:46:14,RTGS
TXN-00322,A-0350,A-0315,295399.64,2024-05-16 15:46:27,NEFT
TXN-00323,A-0484,A-0179,67168.47,2025-11-26 05:12:43,Cash Deposit
TXN-00324,A-0334,A-0348,65309.88,2025-10-20 02:52:56,UPI
TXN-00325,A-0293,A-0355,274329.69,2024-03-31 02:23:37,Cash Deposit
TXN-00326,A-0342,A-0155,383190.17,2026-07-25 09:04:53,UPI
TXN-00327,A-0041,A-0148,105370.17,2026-05-16 08:41:42,UPI
TXN-00328,A-0290,A-0278,157597.16,2024-07-16 01:57:31,UPI
TXN-00329,A-0145,A-0345,376082.4,2025-10-21 22:02:00,UPI
TXN-00330,A-0317,A-0336,481092.13,2026-07-15 23:37:24,UPI
TXN-00331,A-0015,A-0434,245630.54,2026-01-11 22:27:52,RTGS
TXN-00332,A-0107,A-0135,300415.24,2025-08-18 13:01:12,IMPS
TXN-00333,A-0087,A-0046,81873.35,2024-02-03 10:54:40,RTGS
TXN-00334,A-0464,A-0151,93890.07,2024-07-02 18:42:08,Cash Deposit
TXN-00335,A-0165,A-0139,273821.3,2024-03-14 16:56:16,NEFT
TXN-00336,A-0167,A-0169,155760.72,2024-03-12 13:35:24,IMPS
TXN-00337,A-0455,A-0062,102928.32,2024-04-08 20:53:24,IMPS
TXN-00338,A-0428,A-0230,491161.21,2026-08-12 00:04:51,Cash Deposit
TXN-00339,A-0425,A-0402,451395.94,2026-02-15 23:56:02,Cash Deposit
TXN-00340,A-0048,A-0465,138159.55,2026-05-17 21:22:14,NEFT
TXN-00341,A-0390,A-0187,408664.3,2024-07-24 06:15:22,IMPS
TXN-00342,A-0404,A-0442,423992.34,2025-02-23 13:49:51,IMPS
TXN-00343,A-0398,A-0402,414970.66,2026-01-07 21:24:26,RTGS
TXN-00344,A-0497,A-0082,368662.13,2026-09-19 16:51:29,Cash Deposit
TXN-00345,A-0299,A-0318,208220.98,2024-09-26 04:58:06,UPI
TXN-00346,A-0421,A-0192,336573.68,2026-03-06 20:30:39,IMPS
TXN-00347,A-0307,A-0015,425534.65,2026-06-09 00:45:32,NEFT
TXN-00348,A-0255,A-0218,5879.24,2024-09-11 00:42:27,NEFT
TXN-00349,A-0182,A-0417,69184.28,2024-06-06 23:57:28,RTGS
TXN-00350,A-0391,A-0445,496350.58,2025-06-14 13:18:18,Cash Deposit
TXN-00351,A-0299,A-0057,103144.67,2025-11-15 17:05:16,IMPS
TXN-00352,A-0308,A-0134,173371.39,2025-02-02 20:28:43,Cash Deposit
TXN-00353,A-0103,A-0105,283760.78,2026-09-03 13:03:12,RTGS
TXN-00354,A-0356,A-0370,346508.39,2025-07-04 21:33:48,NEFT
TXN-00355,A-0375,A-0277,249257.15,2026-08-27 19:15:03,UPI
TXN-00356,A-0058,A-0288,315125.56,2026-11-22 03:13:28,UPI
TXN-00357,A-0062,A-0370,398287.78,2025-04-17 08:30:24,RTGS
TXN-00358,A-0167,A-0450,101417.36,2024-11-23 07:35:23,IMPS
TXN-00359,A-0121,A-0086,314934.71,2025-07-18 02:58:07,Cash Deposit
TXN-00360,A-0007,A-0343,72703.46,2026-08-10 03:34:42,RTGS
TXN-00361,A-0249,A-0396,123219.83,2026-05-02 08:44:15,RTGS
TXN-00362,A-0249,A-0389,362465.17,2024-03-24 18:39:56,NEFT
TXN-00363,A-0346,A-0486,368312.92,2024-12-18 06:17:13,RTGS
TXN-00364,A-0481,A-0073,152965.87,2025-01-05 01:58:21,RTGS
TXN-00365,A-0151,A-0338,56551.61,2025-05-04 11:34:48,Cash Deposit
TXN-00366,A-0264,A-0398,440413.34,2024-07-19 15:07:25,RTGS
TXN-00367,A-0181,A-0244,400706.82,2024-08-16 01:15:07,NEFT
TXN-00368,A-0343,A-0446,295806.38,2025-11-28 22:39:07,UPI
TXN-00369,A-0361,A-0401,147680.7,2025-01-16 18:36:45,NEFT
TXN-00370,A-0141,A-0392,22334.35,2024-07-18 18:09:07,UPI
TXN-00371,A-0277,A-0410,392738.97,2025-04-02 22:49:18,NEFT
TXN-00372,A-0254,A-0253,129093.6,2025-07-18 07:37:54,NEFT
TXN-00373,A-0456,A-0465,369560.28,2024-05-01 12:25:47,Cash Deposit
TXN-00374,A-0294,A-0088,45895.08,2025-11-11 23:16:10,NEFT
TXN-00375,A-0115,A-0126,58051.71,2025-12-12 18:57:10,Cash Deposit
TXN-00376,A-0257,A-0084,41307.96,2024-11-28 01:42:24,IMPS
TXN-00377,A-0439,A-0080,209518.8,2026-09-23 22:26:15,IMPS
TXN-00378,A-0148,A-0207,46660.57,2024-12-25 02:57:40,Cash Deposit
TXN-00379,A-0005,A-0325,82482.28,2024-04-19 15:11:05,RTGS
TXN-00380,A-0071,A-0484,134280.14,2024-08-04 04:49:55,Cash Deposit
TXN-00381,A-0430,A-0397,142596.89,2026-02-12 15:45:15,IMPS
TXN-00382,A-0342,A-0419,76606.67,2025-03-12 14:09:30,RTGS
TXN-00383,A-0066,A-0060,22391.73,2025-05-17 12:06:47,UPI
TXN-00384,A-0054,A-0123,462045.87,2025-07-08 09:19:52,Cash Deposit
TXN-00385,A-0278,A-0471,295155.37,2025-10-30 00:59:06,RTGS
TXN-00386,A-0043,A-0432,254612.8,2026-12-14 10:23:15,RTGS
TXN-00387,A-0477,A-0304,136152.12,2025-06-09 12:57:37,RTGS
TXN-00388,A-0143,A-0377,176224.49,2026-06-18 05:07:34,Cash Deposit
TXN-00389,A-0432,A-0076,245003.15,2024-04-22 10:30:59,IMPS
TXN-00390,A-0065,A-0348,418398.39,2024-08-08 16:18:09,Cash Deposit
TXN-00391,A-0119,A-0292,1446.77,2025-06-10 21:21:53,IMPS
TXN-00392,A-0417,A-0197,436561.15,2025-10-28 03:40:24,IMPS
TXN-00393,A-0133,A-0157,242752.85,2026-05-11 13:13:12,RTGS
TXN-00394,A-0035,A-0409,80445.5,2025-08-21 11:35:07,NEFT
TXN-00395,A-0361,A-0455,267303.69,2026-11-13 18:35:52,Cash Deposit
TXN-00396,A-0153,A-0195,442447.07,2025-10-13 00:37:31,RTGS
TXN-00397,A-0118,A-0459,119496.03,2024-02-20 09:06:08,UPI
TXN-00398,A-0244,A-0476,38682.17,2025-08-24 05:39:09,RTGS
TXN-00399,A-0051,A-0115,308918.34,2026-06-13 22:11:10,Cash Deposit
TXN-00400,A-0175,A-0134,307815.68,2026-12-15 07:57:57,Cash Deposit
TXN-00401,A-0249,A-0248,369037.38,2024-09-28 16:04:01,IMPS
TXN-00402,A-0129,A-0428,129064.13,2024-11-06 05:56:34,NEFT
TXN-00403,A-0163,A-0497,425979.06,2024-01-04 07:24:41,NEFT
TXN-00404,A-0141,A-0388,144341.98,2024-07-19 06:46:24,NEFT
TXN-00405,A-0093,A-0118,22261.7,2026-07-21 05:19:27,IMPS
TXN-00406,A-0468,A-0036,108659.09,2026-09-16 12:34:50,Cash Deposit
TXN-00407,A-0026,A-0483,118485.91,2024-04-16 15:38:28,NEFT
TXN-00408,A-0306,A-0470,105263.72,2026-09-29 16:36:15,IMPS
TXN-00409,A-0082,A-0050,171064.84,2024-01-02 19:19:56,RTGS
TXN-00410,A-0097,A-0496,178510.75,2026-07-31 13:18:53,RTGS
TXN-00411,A-0457,A-0403,472121.41,2025-01-02 15:06:42,NEFT
TXN-00412,A-0486,A-0045,140933.03,2026-12-16 21:58:37,IMPS
TXN-00413,A-0451,A-0052,261897.77,2024-05-04 20:16:17,RTGS
TXN-00414,A-0289,A-0362,264120.86,2026-11-22 03:23:52,UPI
TXN-00415,A-0410,A-0489,280900.21,2025-07-07 06:36:09,Cash Deposit
TXN-00416,A-0419,A-0456,67884.09,2025-04-26 10:23:15,UPI
TXN-00417,A-0211,A-0131,329182.51,2025-01-23 07:17:56,RTGS
TXN-00418,A-0382,A-0336,94443.06,2025-10-15 12:21:26,IMPS
TXN-00419,A-0101,A-0097,338756.77,2025-08-04 20:31:43,UPI
TXN-00420,A-0394,A-0306,312910.02,2026-06-29 04:38:47,IMPS
TXN-00421,A-0026,A-0425,145874.78,2025-03-17 06:44:40,IMPS
TXN-00422,A-0397,A-0101,306647.91,2024-03-06 00:53:20,UPI
TXN-00423,A-0349,A-0380,56240.06,2026-07-30 08:11:27,NEFT
TXN-00424,A-0114,A-0069,114093.54,2025-08-23 23:35:27,RTGS
TXN-00425,A-0336,A-0408,153237.78,2026-10-16 06:12:54,Cash Deposit
TXN-00426,A-0258,A-0123,59856.28,2024-02-28 17:41:33,NEFT
TXN-00427,A-0043,A-0467,248131.51,2024-12-08 13:19:06,RTGS
TXN-00428,A-0483,A-0302,492342.18,2026-06-03 21:51:00,UPI
TXN-00429,A-0076,A-0156,494636.37,2024-08-16 20:42:47,NEFT
TXN-00430,A-0242,A-0392,145794.04,2024-11-29 10:13:48,RTGS
TXN-00431,A-0185,A-0091,192258.59,2024-03-17 16:02:37,RTGS
TXN-00432,A-0322,A-0418,72101.06,2024-06-06 12:56:57,RTGS
TXN-00433,A-0108,A-0044,232024.33,2024-07-03 20:35:17,RTGS
TXN-00434,A-0296,A-0183,203142.13,2024-08-06 15:31:06,UPI
TXN-00435,A-0477,A-0055,26794.15,2026-12-31 01:45:32,IMPS
TXN-00436,A-0152,A-0499,233651.87,2024-02-12 05:14:24,Cash Deposit
TXN-00437,A-0031,A-0060,49103.46,2024-09-15 08:05:33,NEFT
TXN-00438,A-0174,A-0432,46508.25,2026-08-23 13:23:40,UPI
TXN-00439,A-0010,A-0111,375325.33,2026-03-01 14:57:50,IMPS
TXN-00440,A-0242,A-0441,293000.43,2025-10-01 08:42:26,Cash Deposit
TXN-00441,A-0330,A-0122,485780.54,2025-07-07 16:25:17,UPI
TXN-00442,A-0382,A-0355,251708.5,2025-07-05 13:19:45,Cash Deposit
TXN-00443,A-0117,A-0441,54023.93,2024-04-07 06:25:15,RTGS
TXN-00444,A-0413,A-0040,203820.33,2024-11-21 06:59:25,Cash Deposit
TXN-00445,A-0498,A-0069,47138.89,2025-11-07 04:07:18,RTGS
TXN-00446,A-0340,A-0267,477537.65,2024-03-05 07:29:05,UPI
TXN-00447,A-0027,A-0079,116621.32,2026-02-18 05:33:58,UPI
TXN-00448,A-0186,A-0019,336861.76,2026-02-24 16:32:33,RTGS
TXN-00449,A-0371,A-0478,80454.51,2024-12-23 12:45:31,NEFT
TXN-00450,A-0295,A-0082,424505.41,2025-10-29 10:14:37,Cash Deposit
TXN-00451,A-0173,A-0489,188341.65,2025-07-24 17:59:50,UPI
TXN-00452,A-0222,A-0309,185606.27,2024-07-07 10:48:34,RTGS
TXN-00453,A-0488,A-0432,192746.25,2024-04-19 07:30:40,NEFT
TXN-00454,A-0182,A-0383,416588.72,2025-07-31 05:46:22,NEFT
TXN-00455,A-0226,A-0082,212357.46,2025-06-07 15:54:36,Cash Deposit
TXN-00456,A-0382,A-0433,204967.28,2024-09-14 06:05:36,Cash Deposit
TXN-00457,A-0200,A-0038,322186.05,2026-10-06 11:04:23,RTGS
TXN-00458,A-0007,A-0143,469874.96,2025-12-29 12:12:32,NEFT
TXN-00459,A-0151,A-0371,180330.83,2024-12-15 01:34:26,Cash Deposit
TXN-00460,A-0134,A-0497,144842.78,2024-10-28 13:20:01,Cash Deposit
TXN-00461,A-0273,A-0027,115091.04,2026-02-07 09:53:47,UPI
TXN-00462,A-0317,A-0432,347454.74,2026-03-26 01:27:23,NEFT
TXN-00463,A-0149,A-0436,243166.41,2026-11-13 22:39:34,NEFT
TXN-00464,A-0036,A-0056,61869.26,2026-05-26 01:41:20,Cash Deposit
TXN-00465,A-0434,A-0176,301689.57,2025-04-25 20:36:46,NEFT
TXN-00466,A-0475,A-0048,365655.47,2024-07-15 23:16:18,IMPS
TXN-00467,A-0144,A-0416,2913.01,2025-01-10 09:17:12,IMPS
TXN-00468,A-0012,A-0347,420388.89,2025-06-18 07:46:46,Cash Deposit
TXN-00469,A-0313,A-0500,208238.34,2024-05-04 19:06:10,RTGS
TXN-00470,A-0014,A-0272,169532.06,2026-11-14 08:46:23,IMPS
TXN-00471,A-0457,A-0181,473715.48,2026-10-26 23:28:47,NEFT
TXN-00472,A-0219,A-0134,317007.06,2025-10-18 09:34:20,Cash Deposit
TXN-00473,A-0192,A-0392,282794.66,2026-07-08 20:54:55,Cash Deposit
TXN-00474,A-0134,A-0069,461026.77,2025-12-16 10:38:51,RTGS
TXN-00475,A-0332,A-0030,192603.82,2025-09-13 07:45:17,NEFT
TXN-00476,A-0409,A-0245,257808.13,2025-10-30 14:41:38,RTGS
TXN-00477,A-0254,A-0454,31334.53,2026-12-17 11:56:05,Cash Deposit
TXN-00478,A-0268,A-0442,463240.63,2026-06-01 17:31:12,IMPS
TXN-00479,A-0120,A-0030,167108.49,2026-11-13 03:53:43,UPI
TXN-00480,A-0279,A-0440,261458.01,2026-04-07 15:59:11,RTGS
TXN-00481,A-0134,A-0192,423134.73,2024-08-09 03:54:52,RTGS
TXN-00482,A-0463,A-0114,206657.72,2024-11-21 10:19:06,UPI
TXN-00483,A-0331,A-0366,168433.69,2024-11-12 16:53:58,NEFT
TXN-00484,A-0225,A-0461,438565.22,2024-08-04 00:44:17,NEFT
TXN-00485,A-0373,A-0408,320494.56,2026-01-23 22:17:53,NEFT
TXN-00486,A-0163,A-0038,226471.96,2026-09-22 12:46:28,IMPS
TXN-00487,A-0105,A-0418,281575.68,2025-01-05 01:30:47,NEFT
TXN-00488,A-0193,A-0040,10556.14,2025-03-29 22:58:53,IMPS
TXN-00489,A-0160,A-0414,395300.14,2026-04-14 09:57:40,UPI
TXN-00490,A-0319,A-0491,355166.98,2026-09-14 05:44:31,IMPS
TXN-00491,A-0037,A-0337,213970.7,2024-04-27 07:41:39,IMPS
TXN-00492,A-0272,A-0488,284361.06,2024-01-30 14:06:44,NEFT
TXN-00493,A-0079,A-0364,133451.12,2026-12-09 21:31:58,UPI
TXN-00494,A-0492,A-0047,416321.09,2026-07-23 02:49:32,UPI
TXN-00495,A-0385,A-0128,309744.85,2026-09-19 01:01:04,UPI
TXN-00496,A-0271,A-0136,295734.27,2026-04-23 16:42:25,RTGS
TXN-00497,A-0239,A-0244,108464.81,2025-04-24 17:19:23,UPI
TXN-00498,A-0500,A-0214,172845.62,2024-10-20 16:17:25,NEFT
TXN-00499,A-0252,A-0159,42625.64,2026-04-27 01:43:20,UPI
TXN-00500,A-0497,A-0205,146382.22,2026-06-25 17:08:08,UPI
TXN-00501,A-0305,A-0353,31963.05,2026-08-04 02:00:15,NEFT
TXN-00502,A-0068,A-0190,371962.73,2026-03-26 13:52:54,UPI
TXN-00503,A-0279,A-0005,2114.84,2026-02-12 03:24:48,IMPS
TXN-00504,A-0403,A-0125,3733.36,2026-07-18 01:29:35,UPI
TXN-00505,A-0425,A-0011,459649.11,2024-07-24 00:13:28,NEFT
TXN-00506,A-0068,A-0372,351266.57,2024-08-27 06:09:47,RTGS
TXN-00507,A-0425,A-0112,48351.31,2024-03-26 11:36:03,UPI
TXN-00508,A-0063,A-0473,454377.98,2024-06-05 19:52:52,Cash Deposit
TXN-00509,A-0290,A-0101,56394.97,2025-07-04 21:24:33,Cash Deposit
TXN-00510,A-0469,A-0238,259321.86,2026-06-12 22:25:39,Cash Deposit
TXN-00511,A-0432,A-0034,141165.44,2024-03-22 04:00:02,IMPS
TXN-00512,A-0041,A-0042,418054.86,2026-05-21 08:21:04,RTGS
TXN-00513,A-0077,A-0381,56480.83,2024-11-06 13:12:33,Cash Deposit
TXN-00514,A-0132,A-0396,468478.9,2024-10-03 21:29:02,RTGS
TXN-00515,A-0324,A-0198,223310.45,2024-09-05 15:45:06,UPI
TXN-00516,A-0033,A-0460,433881.61,2026-09-19 00:43:10,NEFT
TXN-00517,A-0417,A-0168,393453.35,2025-06-02 10:58:28,RTGS
TXN-00518,A-0200,A-0162,486044.64,2025-10-31 01:18:42,IMPS
TXN-00519,A-0473,A-0379,422322.05,2024-11-16 03:02:41,NEFT
TXN-00520,A-0469,A-0167,262674.86,2025-06-23 23:10:29,IMPS
TXN-00521,A-0357,A-0239,418643.94,2025-12-08 22:29:21,IMPS
TXN-00522,A-0002,A-0451,71254.61,2024-12-15 10:43:07,IMPS
TXN-00523,A-0334,A-0393,108027.13,2024-10-10 15:15:10,IMPS
TXN-00524,A-0092,A-0117,314863.81,2024-08-24 16:51:19,IMPS
TXN-00525,A-0258,A-0227,422010.18,2026-10-16 04:32:57,NEFT
TXN-00526,A-0079,A-0002,200609.64,2024-11-12 00:36:20,NEFT
TXN-00527,A-0316,A-0411,117935.35,2024-09-23 00:31:20,RTGS
TXN-00528,A-0213,A-0231,140397.27,2026-05-21 16:49:46,RTGS
TXN-00529,A-0453,A-0086,372907.48,2024-12-30 18:34:43,RTGS
TXN-00530,A-0006,A-0256,31359.63,2025-02-03 22:23:21,IMPS
TXN-00531,A-0314,A-0222,349135.38,2025-04-16 01:08:21,Cash Deposit
TXN-00532,A-0214,A-0201,87730.04,2026-07-08 15:54:37,Cash Deposit
TXN-00533,A-0017,A-0324,424574.77,2024-11-16 22:09:41,IMPS
TXN-00534,A-0433,A-0313,21260.89,2024-05-23 23:12:30,Cash Deposit
TXN-00535,A-0063,A-0213,164158.85,2025-09-01 21:40:34,IMPS
TXN-00536,A-0426,A-0497,251313.72,2025-10-18 23:13:37,IMPS
TXN-00537,A-0376,A-0156,234153.22,2026-04-13 12:31:51,UPI
TXN-00538,A-0126,A-0353,172613.9,2026-07-11 04:03:03,IMPS
TXN-00539,A-0086,A-0239,106343.4,2026-10-25 21:11:25,NEFT
TXN-00540,A-0267,A-0466,73437.88,2026-08-08 07:49:37,NEFT
TXN-00541,A-0413,A-0240,480451.59,2026-02-12 15:31:09,IMPS
TXN-00542,A-0388,A-0376,145120.86,2026-12-30 22:59:41,Cash Deposit
TXN-00543,A-0441,A-0157,344452.26,2025-08-16 15:35:44,IMPS
TXN-00544,A-0322,A-0141,446169.87,2024-04-30 06:53:06,UPI
TXN-00545,A-0369,A-0015,50512.53,2024-11-14 23:25:05,IMPS
TXN-00546,A-0120,A-0197,378524.6,2026-05-01 11:52:56,RTGS
TXN-00547,A-0151,A-0184,495037.85,2025-02-16 20:10:30,NEFT
TXN-00548,A-0111,A-0070,394836.54,2025-05-24 11:07:43,IMPS
TXN-00549,A-0371,A-0126,194104.83,2025-03-23 12:42:38,RTGS
TXN-00550,A-0415,A-0083,299535.88,2024-09-28 19:04:22,Cash Deposit
TXN-00551,A-0418,A-0187,151981.39,2026-09-18 13:25:11,NEFT
TXN-00552,A-0341,A-0003,273815.85,2025-03-28 22:22:56,UPI
TXN-00553,A-0104,A-0120,198661.36,2026-08-13 23:15:32,RTGS
TXN-00554,A-0040,A-0461,241169.66,2026-01-18 16:38:11,UPI
TXN-00555,A-0051,A-0469,58042.34,2025-09-28 03:14:44,UPI
TXN-00556,A-0183,A-0384,318535.81,2026-12-18 03:55:49,NEFT
TXN-00557,A-0109,A-0036,304972.29,2025-12-25 08:51:36,NEFT
TXN-00558,A-0281,A-0038,272906.43,2024-08-19 13:02:28,Cash Deposit
TXN-00559,A-0173,A-0020,101395.36,2024-05-11 13:42:11,RTGS
TXN-00560,A-0230,A-0451,184877.39,2026-01-16 00:49:32,Cash Deposit
TXN-00561,A-0420,A-0381,435940.78,2024-10-07 04:23:49,IMPS
TXN-00562,A-0033,A-0020,15698.57,2024-07-08 02:15:42,RTGS
TXN-00563,A-0438,A-0136,8057.69,2025-08-26 08:02:41,NEFT
TXN-00564,A-0236,A-0250,375132.47,2025-04-06 05:02:10,Cash Deposit
TXN-00565,A-0172,A-0204,223511.2,2025-08-15 05:19:01,Cash Deposit
TXN-00566,A-0322,A-0097,263308.85,2024-01-18 23:02:35,Cash Deposit
TXN-00567,A-0443,A-0102,405021.27,2024-12-03 14:19:46,Cash Deposit
TXN-00568,A-0378,A-0116,155043.24,2024-07-24 03:11:37,UPI
TXN-00569,A-0383,A-0032,114727.19,2026-07-28 12:22:05,RTGS
TXN-00570,A-0258,A-0443,138522.45,2026-09-01 02:51:15,IMPS
TXN-00571,A-0436,A-0494,360742.83,2025-01-15 15:43:26,IMPS
TXN-00572,A-0069,A-0304,397161.55,2025-03-28 01:07:08,IMPS
TXN-00573,A-0375,A-0196,470279.59,2024-08-17 10:14:28,RTGS
TXN-00574,A-0376,A-0104,206808.42,2026-11-02 02:18:09,IMPS
TXN-00575,A-0363,A-0371,363266.79,2024-10-02 19:40:07,IMPS
TXN-00576,A-0466,A-0160,266384.89,2024-04-14 12:57:10,Cash Deposit
TXN-00577,A-0133,A-0127,438622.08,2025-08-22 17:47:17,NEFT
TXN-00578,A-0408,A-0261,326019.46,2026-09-18 05:53:45,IMPS
TXN-00579,A-0419,A-0311,278148.45,2026-07-27 20:31:54,RTGS
TXN-00580,A-0279,A-0092,170263.52,2025-01-18 10:28:34,IMPS
TXN-00581,A-0014,A-0373,61498.56,2025-07-26 05:30:41,UPI
TXN-00582,A-0058,A-0154,55203.13,2026-03-29 04:18:45,Cash Deposit
TXN-00583,A-0229,A-0270,186196.54,2025-10-20 10:11:09,RTGS
TXN-00584,A-0379,A-0429,220372.65,2024-03-05 12:36:42,RTGS
TXN-00585,A-0280,A-0195,488246.7,2026-02-26 04:39:44,Cash Deposit
TXN-00586,A-0305,A-0091,283475.87,2025-03-16 08:37:32,NEFT
TXN-00587,A-0475,A-0476,373155.25,2024-01-18 01:11:03,NEFT
TXN-00588,A-0336,A-0178,297625.71,2025-12-20 07:06:42,NEFT
TXN-00589,A-0444,A-0328,346750.04,2026-01-26 14:34:29,Cash Deposit
TXN-00590,A-0432,A-0422,53202.68,2026-09-25 07:56:39,IMPS
TXN-00591,A-0081,A-0160,359836.59,2026-01-11 19:19:37,Cash Deposit
TXN-00592,A-0414,A-0017,499906.66,2024-09-08 08:02:31,UPI
TXN-00593,A-0033,A-0228,245521.28,2025-12-19 04:26:20,NEFT
TXN-00594,A-0187,A-0286,71463.58,2025-02-05 14:58:24,IMPS
TXN-00595,A-0427,A-0289,168782.65,2024-12-27 04:31:36,IMPS
TXN-00596,A-0220,A-0297,110529.02,2025-09-24 11:20:24,Cash Deposit
TXN-00597,A-0454,A-0281,229076.05,2026-09-01 02:32:44,UPI
TXN-00598,A-0119,A-0166,448075.22,2025-03-17 12:41:23,RTGS
TXN-00599,A-0349,A-0300,457034.25,2024-06-20 02:03:13,IMPS
TXN-00600,A-0276,A-0460,216892.79,2024-12-22 12:02:38,Cash Deposit
TXN-00601,A-0110,A-0313,99954.02,2026-05-19 10:13:01,NEFT
TXN-00602,A-0439,A-0064,383738.81,2026-05-31 03:00:06,UPI
TXN-00603,A-0330,A-0307,210639.07,2024-10-16 20:00:09,RTGS
TXN-00604,A-0339,A-0370,146983.04,2026-09-01 20:19:44,Cash Deposit
TXN-00605,A-0247,A-0170,111505.17,2024-07-29 11:27:00,Cash Deposit
TXN-00606,A-0405,A-0071,220072.44,2024-04-06 21:28:42,IMPS
TXN-00607,A-0019,A-0424,308170.85,2026-02-25 13:40:17,UPI
TXN-00608,A-0351,A-0478,157207.7,2024-09-20 19:53:53,Cash Deposit
TXN-00609,A-0266,A-0169,39821.26,2025-07-17 10:36:22,IMPS
TXN-00610,A-0421,A-0293,50125.0,2025-04-29 07:28:50,UPI
TXN-00611,A-0045,A-0164,353902.25,2026-02-20 23:12:01,IMPS
TXN-00612,A-0160,A-0494,193726.83,2024-02-28 06:11:41,NEFT
TXN-00613,A-0051,A-0266,358426.77,2024-03-25 14:18:54,UPI
TXN-00614,A-0367,A-0126,85305.8,2026-04-17 09:05:44,IMPS
TXN-00615,A-0379,A-0063,72734.71,2025-10-28 06:15:07,UPI
TXN-00616,A-0219,A-0420,47090.01,2025-12-26 14:31:34,UPI
TXN-00617,A-0429,A-0226,258022.44,2025-05-07 22:34:40,Cash Deposit
TXN-00618,A-0041,A-0332,144920.46,2025-08-18 18:36:39,IMPS
TXN-00619,A-0489,A-0139,15312.69,2025-09-22 07:14:20,Cash Deposit
TXN-00620,A-0331,A-0150,369174.36,2025-11-21 16:24:37,Cash Deposit
TXN-00621,A-0472,A-0149,444376.43,2024-09-05 23:36:07,Cash Deposit
TXN-00622,A-0421,A-0431,250962.43,2025-12-10 03:39:03,UPI
TXN-00623,A-0206,A-0126,442882.7,2025-02-14 06:22:20,NEFT
TXN-00624,A-0440,A-0403,98828.05,2025-05-11 15:47:06,IMPS
TXN-00625,A-0234,A-0377,343906.84,2025-12-24 16:52:09,Cash Deposit
TXN-00626,A-0207,A-0448,499813.59,2024-04-24 16:30:03,NEFT
TXN-00627,A-0424,A-0465,228513.57,2025-11-20 00:50:44,Cash Deposit
TXN-00628,A-0219,A-0023,320547.89,2026-03-02 20:57:22,IMPS
TXN-00629,A-0010,A-0264,213555.37,2026-01-09 05:23:16,UPI
TXN-00630,A-0216,A-0263,173397.67,2026-04-19 13:33:38,NEFT
TXN-00631,A-0070,A-0198,135936.05,2025-06-05 18:04:31,UPI
TXN-00632,A-0333,A-0364,90727.6,2025-06-15 02:20:03,IMPS
TXN-00633,A-0008,A-0346,284617.95,2025-06-16 07:07:03,RTGS
TXN-00634,A-0146,A-0264,291742.23,2025-03-06 11:35:27,Cash Deposit
TXN-00635,A-0026,A-0004,276310.71,2024-01-11 02:26:55,NEFT
TXN-00636,A-0004,A-0462,53284.63,2026-11-17 17:46:38,NEFT
TXN-00637,A-0272,A-0455,108154.25,2024-09-06 21:34:09,RTGS
TXN-00638,A-0324,A-0329,41071.2,2024-10-24 17:21:29,UPI
TXN-00639,A-0260,A-0304,420583.84,2025-03-27 20:21:13,UPI
TXN-00640,A-0489,A-0313,437686.67,2026-12-30 17:23:56,NEFT
TXN-00641,A-0050,A-0212,49114.7,2025-11-11 00:05:57,RTGS
TXN-00642,A-0490,A-0038,228571.66,2026-08-11 13:10:53,UPI
TXN-00643,A-0053,A-0262,215804.89,2024-03-06 18:55:47,Cash Deposit
TXN-00644,A-0351,A-0432,63507.24,2025-10-16 04:33:20,NEFT
TXN-00645,A-0157,A-0306,64783.74,2024-06-26 12:09:10,RTGS
TXN-00646,A-0315,A-0116,54123.38,2024-12-10 18:34:54,Cash Deposit
TXN-00647,A-0447,A-0224,244002.65,2025-11-21 02:55:41,Cash Deposit
TXN-00648,A-0103,A-0040,422952.03,2025-02-26 03:02:17,Cash Deposit
TXN-00649,A-0462,A-0149,120025.07,2025-05-18 04:12:47,NEFT
TXN-00650,A-0366,A-0498,400152.43,2026-09-28 15:32:11,IMPS
TXN-00651,A-0176,A-0316,211825.14,2025-05-20 17:54:28,IMPS
TXN-00652,A-0033,A-0048,160583.8,2026-11-28 04:38:36,Cash Deposit
TXN-00653,A-0321,A-0397,191994.71,2025-11-22 04:00:50,RTGS
TXN-00654,A-0057,A-0234,48271.74,2024-12-13 17:04:06,IMPS
TXN-00655,A-0129,A-0274,86491.48,2025-02-01 15:03:06,UPI
TXN-00656,A-0445,A-0378,61181.18,2025-02-03 10:27:40,IMPS
TXN-00657,A-0013,A-0097,201424.63,2025-02-17 10:18:46,Cash Deposit
TXN-00658,A-0160,A-0304,480621.31,2026-05-01 23:06:31,Cash Deposit
TXN-00659,A-0167,A-0229,372578.25,2025-09-09 23:30:36,Cash Deposit
TXN-00660,A-0359,A-0162,269653.47,2025-09-15 09:12:34,UPI
TXN-00661,A-0264,A-0434,307587.79,2026-09-27 07:55:30,RTGS
TXN-00662,A-0338,A-0091,447196.66,2024-08-04 04:37:38,IMPS
TXN-00663,A-0262,A-0279,140107.95,2026-09-29 17:09:04,UPI
TXN-00664,A-0461,A-0399,109360.5,2025-12-20 02:06:53,UPI
TXN-00665,A-0175,A-0034,382191.54,2025-03-01 11:17:57,Cash Deposit
TXN-00666,A-0192,A-0028,346808.05,2026-05-01 11:46:04,RTGS
TXN-00667,A-0289,A-0471,272983.82,2026-05-28 07:58:43,IMPS
TXN-00668,A-0151,A-0246,114622.03,2026-10-04 02:50:51,UPI
TXN-00669,A-0085,A-0174,400922.49,2025-05-03 23:20:44,NEFT
TXN-00670,A-0135,A-0443,212254.46,2024-06-27 00:55:43,Cash Deposit
TXN-00671,A-0424,A-0460,365301.78,2024-10-04 22:14:28,RTGS
TXN-00672,A-0484,A-0229,183658.88,2026-05-13 13:55:27,NEFT
TXN-00673,A-0487,A-0366,409087.8,2024-03-28 15:19:40,UPI
TXN-00674,A-0444,A-0121,489490.71,2025-04-22 07:47:29,Cash Deposit
TXN-00675,A-0438,A-0349,128333.44,2026-09-24 16:32:05,UPI
TXN-00676,A-0018,A-0442,292912.14,2025-05-30 07:23:24,UPI
TXN-00677,A-0384,A-0396,93412.04,2024-08-17 18:55:27,UPI
TXN-00678,A-0462,A-0007,18069.05,2025-03-22 10:01:32,NEFT
TXN-00679,A-0172,A-0378,238938.53,2026-11-12 06:40:09,UPI
TXN-00680,A-0471,A-0452,343897.33,2026-09-21 07:12:45,NEFT
TXN-00681,A-0418,A-0492,40327.41,2024-04-18 07:41:17,UPI
TXN-00682,A-0224,A-0204,450617.95,2026-03-19 10:14:48,IMPS
TXN-00683,A-0050,A-0432,237707.46,2026-10-24 09:42:47,RTGS
TXN-00684,A-0256,A-0367,274779.21,2026-08-14 19:08:57,IMPS
TXN-00685,A-0180,A-0438,352417.78,2026-10-22 22:46:55,Cash Deposit
TXN-00686,A-0318,A-0376,350434.97,2025-12-29 16:56:20,Cash Deposit
TXN-00687,A-0044,A-0051,43758.67,2025-08-21 21:48:04,RTGS
TXN-00688,A-0432,A-0151,323829.46,2026-05-03 02:26:26,RTGS
TXN-00689,A-0028,A-0477,354382.78,2026-02-08 21:26:29,NEFT
TXN-00690,A-0410,A-0116,10865.19,2025-12-26 03:30:39,NEFT
TXN-00691,A-0486,A-0069,481098.53,2026-10-07 18:48:50,Cash Deposit
TXN-00692,A-0267,A-0439,485597.39,2026-05-21 19:44:00,RTGS
TXN-00693,A-0293,A-0269,9361.26,2025-09-09 05:19:09,NEFT
TXN-00694,A-0096,A-0483,30705.04,2026-02-28 12:02:59,NEFT
TXN-00695,A-0026,A-0450,131132.78,2025-10-10 05:05:25,UPI
TXN-00696,A-0140,A-0387,367299.65,2024-12-10 01:25:55,Cash Deposit
TXN-00697,A-0192,A-0433,108392.8,2024-07-13 08:07:03,NEFT
TXN-00698,A-0430,A-0289,187094.44,2025-08-01 21:51:07,Cash Deposit
TXN-00699,A-0028,A-0128,496915.76,2026-05-05 02:34:20,RTGS
TXN-00700,A-0139,A-0403,239187.79,2024-12-03 21:30:09,IMPS
TXN-00701,A-0396,A-0163,478477.86,2025-02-25 18:59:15,RTGS
TXN-00702,A-0228,A-0204,347529.57,2024-05-23 05:13:25,RTGS
TXN-00703,A-0230,A-0211,76593.33,2026-10-02 13:43:01,NEFT
TXN-00704,A-0172,A-0154,375433.77,2025-10-19 14:42:36,IMPS
TXN-00705,A-0370,A-0117,370647.9,2024-09-03 12:32:27,RTGS
TXN-00706,A-0321,A-0098,411641.8,2025-09-14 20:20:00,RTGS
TXN-00707,A-0445,A-0301,489940.29,2026-01-12 08:55:15,UPI
TXN-00708,A-0092,A-0446,260141.87,2024-04-13 01:09:39,IMPS
TXN-00709,A-0296,A-0473,24342.59,2024-03-28 11:21:09,UPI
TXN-00710,A-0445,A-0090,488541.38,2025-07-26 03:47:11,Cash Deposit
TXN-00711,A-0017,A-0111,92070.48,2026-04-08 09:09:28,NEFT
TXN-00712,A-0409,A-0252,39273.31,2025-05-23 07:55:38,IMPS
TXN-00713,A-0419,A-0325,31771.83,2024-11-01 11:20:05,Cash Deposit
TXN-00714,A-0064,A-0411,449352.93,2026-11-15 20:50:18,Cash Deposit
TXN-00715,A-0084,A-0433,391940.28,2024-06-02 17:29:17,Cash Deposit
TXN-00716,A-0311,A-0438,480929.15,2025-08-25 05:08:15,RTGS
TXN-00717,A-0091,A-0051,247758.35,2024-03-12 03:46:21,Cash Deposit
TXN-00718,A-0457,A-0137,354414.08,2024-09-30 02:56:44,UPI
TXN-00719,A-0463,A-0246,366154.16,2025-11-21 00:43:13,Cash Deposit
TXN-00720,A-0351,A-0291,40548.64,2026-05-13 08:35:25,NEFT
TXN-00721,A-0141,A-0352,293597.42,2024-05-03 09:59:31,UPI
TXN-00722,A-0319,A-0461,486924.15,2026-05-09 23:26:33,IMPS
TXN-00723,A-0048,A-0313,86264.12,2026-03-22 14:16:42,UPI
TXN-00724,A-0142,A-0180,494543.79,2026-09-18 01:52:32,IMPS
TXN-00725,A-0475,A-0354,389544.51,2026-12-24 15:46:58,Cash Deposit
TXN-00726,A-0084,A-0428,256003.84,2025-03-14 16:04:54,Cash Deposit
TXN-00727,A-0237,A-0050,89378.77,2026-08-06 04:28:38,RTGS
TXN-00728,A-0303,A-0293,435943.48,2025-02-03 23:52:28,UPI
TXN-00729,A-0253,A-0195,333095.96,2026-09-06 00:02:16,Cash Deposit
TXN-00730,A-0327,A-0006,86045.78,2024-01-03 04:37:20,Cash Deposit
TXN-00731,A-0296,A-0442,368411.58,2026-05-18 05:51:19,IMPS
TXN-00732,A-0173,A-0094,495215.23,2026-06-25 18:24:52,IMPS
TXN-00733,A-0486,A-0101,110097.23,2024-01-01 00:23:13,RTGS
TXN-00734,A-0255,A-0257,493809.51,2024-03-22 15:17:36,IMPS
TXN-00735,A-0217,A-0460,154104.62,2025-11-28 20:32:09,RTGS
TXN-00736,A-0045,A-0338,322944.34,2026-04-29 19:45:45,IMPS
TXN-00737,A-0308,A-0334,348628.85,2026-11-12 17:42:55,RTGS
TXN-00738,A-0364,A-0100,105155.39,2024-12-31 00:16:50,RTGS
TXN-00739,A-0073,A-0086,429559.3,2026-02-13 20:07:50,Cash Deposit
TXN-00740,A-0257,A-0242,342682.43,2024-02-22 23:35:57,Cash Deposit
TXN-00741,A-0188,A-0191,184335.64,2026-10-02 19:20:38,IMPS
TXN-00742,A-0168,A-0248,107574.67,2026-03-02 11:48:26,RTGS
TXN-00743,A-0074,A-0134,102959.14,2026-05-07 10:28:51,RTGS
TXN-00744,A-0058,A-0114,87065.53,2024-09-21 05:27:53,Cash Deposit
TXN-00745,A-0190,A-0010,69492.78,2025-06-13 02:46:04,Cash Deposit
TXN-00746,A-0202,A-0157,365594.82,2025-05-03 13:35:49,UPI
TXN-00747,A-0293,A-0144,483865.98,2025-10-07 13:27:59,Cash Deposit
TXN-00748,A-0119,A-0051,75770.63,2025-08-09 20:45:25,Cash Deposit
TXN-00749,A-0217,A-0091,126991.76,2024-10-24 23:56:44,Cash Deposit
TXN-00750,A-0220,A-0002,76534.32,2025-02-16 20:13:21,RTGS
TXN-00751,A-0031,A-0247,24953.89,2024-05-23 02:12:57,IMPS
TXN-00752,A-0162,A-0270,136781.37,2026-12-17 15:36:14,Cash Deposit
TXN-00753,A-0336,A-0301,301700.11,2025-05-05 21:45:57,Cash Deposit
TXN-00754,A-0314,A-0245,436749.98,2025-05-15 23:57:30,NEFT
TXN-00755,A-0387,A-0408,252983.63,2025-02-19 08:56:53,NEFT
TXN-00756,A-0270,A-0229,256428.04,2026-05-29 20:10:02,RTGS
TXN-00757,A-0369,A-0408,290636.09,2026-03-27 19:00:20,RTGS
TXN-00758,A-0077,A-0177,479816.2,2026-11-16 04:28:10,NEFT
TXN-00759,A-0286,A-0446,51696.88,2026-06-07 19:36:25,Cash Deposit
TXN-00760,A-0179,A-0093,166644.25,2024-10-17 09:04:59,Cash Deposit
TXN-00761,A-0414,A-0424,271938.31,2025-04-27 17:28:24,Cash Deposit
TXN-00762,A-0120,A-0376,57446.1,2026-01-07 04:50:41,RTGS
TXN-00763,A-0268,A-0013,128197.95,2026-02-10 18:48:07,RTGS
TXN-00764,A-0207,A-0016,464617.77,2025-02-07 07:35:43,NEFT
TXN-00765,A-0305,A-0466,270820.7,2025-12-19 02:05:38,Cash Deposit
TXN-00766,A-0079,A-0369,331501.73,2024-11-11 14:52:00,Cash Deposit
TXN-00767,A-0095,A-0274,225036.93,2024-06-29 02:03:35,Cash Deposit
TXN-00768,A-0234,A-0380,426760.52,2026-06-28 19:35:55,Cash Deposit
TXN-00769,A-0344,A-0365,241334.18,2025-04-13 21:54:33,RTGS
TXN-00770,A-0035,A-0312,326204.54,2024-04-02 13:03:59,Cash Deposit
TXN-00771,A-0136,A-0465,474835.44,2026-05-31 18:15:16,RTGS
TXN-00772,A-0459,A-0292,16984.01,2025-04-11 07:54:29,NEFT
TXN-00773,A-0355,A-0249,334482.28,2025-07-28 01:33:43,NEFT
TXN-00774,A-0499,A-0132,59115.66,2024-10-14 14:07:24,NEFT
TXN-00775,A-0124,A-0078,346614.57,2025-07-26 20:14:49,Cash Deposit
TXN-00776,A-0097,A-0200,264311.7,2025-12-18 03:57:24,IMPS
TXN-00777,A-0400,A-0311,268492.31,2024-08-15 22:21:32,Cash Deposit
TXN-00778,A-0387,A-0202,71044.92,2024-06-15 07:41:58,IMPS
TXN-00779,A-0011,A-0205,485886.17,2025-05-02 13:15:53,NEFT
TXN-00780,A-0136,A-0240,299909.45,2026-04-05 07:25:24,IMPS
TXN-00781,A-0244,A-0392,330429.88,2024-10-28 14:26:41,RTGS
TXN-00782,A-0166,A-0018,70365.71,2024-01-24 16:55:58,IMPS
TXN-00783,A-0432,A-0117,356168.81,2026-11-06 23:36:18,IMPS
TXN-00784,A-0269,A-0397,289681.73,2024-01-17 00:59:01,RTGS
TXN-00785,A-0468,A-0262,449739.48,2026-05-28 15:47:24,RTGS
TXN-00786,A-0083,A-0402,398804.09,2025-07-02 23:28:44,IMPS
TXN-00787,A-0354,A-0009,435681.08,2025-10-31 02:21:32,RTGS
TXN-00788,A-0015,A-0159,373945.9,2026-10-27 17:00:32,IMPS
TXN-00789,A-0370,A-0311,136971.93,2026-09-25 13:38:33,IMPS
TXN-00790,A-0488,A-0407,495703.49,2025-10-20 08:33:02,IMPS
TXN-00791,A-0317,A-0290,358049.77,2026-03-13 03:39:10,Cash Deposit
TXN-00792,A-0256,A-0370,71638.65,2026-06-29 16:37:17,NEFT
TXN-00793,A-0073,A-0358,435191.88,2026-05-29 11:11:41,Cash Deposit
TXN-00794,A-0374,A-0346,467193.89,2024-06-22 11:47:14,NEFT
TXN-00795,A-0487,A-0018,248640.66,2024-01-22 05:22:47,NEFT
TXN-00796,A-0236,A-0397,428105.55,2026-01-14 02:10:49,Cash Deposit
TXN-00797,A-0432,A-0215,347049.91,2026-08-21 15:54:24,NEFT
TXN-00798,A-0439,A-0276,54581.35,2024-03-20 11:37:15,IMPS
TXN-00799,A-0124,A-0446,297371.25,2026-02-11 23:37:56,UPI
TXN-00800,A-0060,A-0477,445497.69,2026-06-09 18:46:36,UPI
TXN-00801,A-0080,A-0390,171349.45,2024-03-17 18:07:48,UPI
TXN-00802,A-0028,A-0013,429406.53,2026-04-04 22:16:38,RTGS
TXN-00803,A-0351,A-0042,265106.42,2025-12-13 13:19:25,IMPS
TXN-00804,A-0476,A-0292,446902.93,2025-03-24 21:18:52,NEFT
TXN-00805,A-0443,A-0074,159749.93,2025-06-13 09:19:32,Cash Deposit
TXN-00806,A-0174,A-0094,64020.97,2025-03-10 06:36:29,IMPS
TXN-00807,A-0381,A-0498,383511.19,2025-09-25 10:10:52,NEFT
TXN-00808,A-0319,A-0411,43154.37,2026-02-04 23:52:57,Cash Deposit
TXN-00809,A-0206,A-0289,468913.0,2025-02-11 07:35:42,NEFT
TXN-00810,A-0283,A-0041,292107.6,2025-10-10 15:47:58,RTGS
TXN-00811,A-0468,A-0022,174938.73,2026-09-13 00:28:58,Cash Deposit
TXN-00812,A-0307,A-0190,419819.71,2024-05-13 00:28:26,NEFT
TXN-00813,A-0211,A-0463,392743.82,2024-08-17 23:41:40,NEFT
TXN-00814,A-0266,A-0437,20997.55,2026-09-19 10:36:17,RTGS
TXN-00815,A-0332,A-0058,413807.48,2024-05-10 16:30:25,UPI
TXN-00816,A-0352,A-0193,73060.09,2025-04-14 19:18:36,IMPS
TXN-00817,A-0161,A-0068,291711.54,2026-06-21 18:54:44,RTGS
TXN-00818,A-0456,A-0290,252904.21,2026-03-23 04:54:49,NEFT
TXN-00819,A-0004,A-0400,143805.48,2025-01-18 20:06:56,IMPS
TXN-00820,A-0074,A-0039,24143.74,2026-10-26 13:04:37,Cash Deposit
TXN-00821,A-0443,A-0027,285692.61,2025-01-23 03:53:23,NEFT
TXN-00822,A-0335,A-0210,350996.23,2024-04-19 09:33:49,RTGS
TXN-00823,A-0182,A-0382,210808.77,2026-12-17 20:39:11,IMPS
TXN-00824,A-0314,A-0480,486651.34,2024-05-19 19:56:58,IMPS
TXN-00825,A-0493,A-0008,471909.71,2025-05-10 19:47:32,Cash Deposit
TXN-00826,A-0181,A-0158,311291.76,2026-07-29 02:31:34,NEFT
TXN-00827,A-0464,A-0256,127117.1,2024-04-15 13:34:18,Cash Deposit
TXN-00828,A-0157,A-0272,168458.06,2026-08-24 01:20:40,Cash Deposit
TXN-00829,A-0079,A-0116,416925.1,2024-02-26 01:43:19,Cash Deposit
TXN-00830,A-0004,A-0300,313260.21,2025-09-24 09:54:39,UPI
TXN-00831,A-0185,A-0006,420106.71,2024-07-18 05:02:37,NEFT
TXN-00832,A-0470,A-0172,197668.9,2024-04-17 15:11:03,IMPS
TXN-00833,A-0441,A-0193,423296.87,2026-06-05 02:00:47,IMPS
TXN-00834,A-0015,A-0179,426359.31,2024-02-12 18:37:00,IMPS
TXN-00835,A-0357,A-0235,242607.73,2026-05-26 12:00:31,RTGS
TXN-00836,A-0109,A-0423,349922.81,2026-09-02 20:51:35,NEFT
TXN-00837,A-0299,A-0050,133642.93,2025-09-23 17:44:59,Cash Deposit
TXN-00838,A-0078,A-0449,163140.43,2024-03-26 06:56:34,NEFT
TXN-00839,A-0043,A-0356,296448.64,2026-03-04 00:39:55,UPI
TXN-00840,A-0071,A-0234,248796.44,2026-05-15 09:54:10,IMPS
TXN-00841,A-0096,A-0129,40789.52,2025-04-11 06:07:44,UPI
TXN-00842,A-0417,A-0324,218709.11,2024-04-10 04:45:40,Cash Deposit
TXN-00843,A-0391,A-0345,242738.25,2024-09-30 08:32:23,NEFT
TXN-00844,A-0324,A-0478,474214.21,2024-08-11 07:58:51,NEFT
TXN-00845,A-0004,A-0314,498351.97,2025-05-13 03:33:30,IMPS
TXN-00846,A-0084,A-0128,460724.34,2026-10-02 19:26:33,UPI
TXN-00847,A-0107,A-0159,400201.65,2026-03-01 07:53:45,NEFT
TXN-00848,A-0264,A-0227,77128.2,2025-06-25 23:02:58,IMPS
TXN-00849,A-0214,A-0164,196646.67,2026-04-06 20:06:52,RTGS
TXN-00850,A-0018,A-0383,20847.51,2025-11-14 20:09:47,UPI
TXN-00851,A-0367,A-0185,272465.63,2025-12-17 07:50:09,IMPS
TXN-00852,A-0241,A-0427,456476.31,2026-02-01 01:56:04,IMPS
TXN-00853,A-0139,A-0114,270457.8,2025-11-13 16:31:54,RTGS
TXN-00854,A-0326,A-0026,310686.95,2026-09-11 16:31:59,IMPS
TXN-00855,A-0318,A-0475,440016.61,2024-08-06 10:16:08,RTGS
TXN-00856,A-0447,A-0414,335018.09,2024-08-22 12:39:14,UPI
TXN-00857,A-0490,A-0152,203468.26,2025-07-09 15:34:17,RTGS
TXN-00858,A-0337,A-0305,55705.59,2025-11-29 09:11:40,UPI
TXN-00859,A-0019,A-0002,207805.46,2026-04-12 13:13:57,NEFT
TXN-00860,A-0467,A-0203,268396.36,2026-03-11 15:35:24,IMPS
TXN-00861,A-0149,A-0439,117854.5,2025-10-04 12:06:25,Cash Deposit
TXN-00862,A-0113,A-0255,217063.0,2026-10-13 15:29:38,RTGS
TXN-00863,A-0318,A-0456,299963.59,2025-12-22 22:30:39,NEFT
TXN-00864,A-0340,A-0118,461415.07,2025-07-18 10:15:06,NEFT
TXN-00865,A-0120,A-0458,90912.21,2024-07-28 15:34:43,Cash Deposit
TXN-00866,A-0220,A-0498,423211.74,2025-07-05 18:34:55,RTGS
TXN-00867,A-0331,A-0056,196343.84,2026-12-14 23:35:51,IMPS
TXN-00868,A-0198,A-0454,258604.69,2024-11-24 19:58:34,Cash Deposit
TXN-00869,A-0112,A-0365,470267.68,2025-11-17 19:34:10,IMPS
TXN-00870,A-0385,A-0106,329301.21,2025-02-15 03:09:24,UPI
TXN-00871,A-0323,A-0103,173081.2,2024-06-07 07:10:17,UPI
TXN-00872,A-0418,A-0056,82345.46,2026-06-28 00:10:31,RTGS
TXN-00873,A-0149,A-0244,153705.2,2025-01-19 10:49:02,RTGS
TXN-00874,A-0404,A-0099,374199.18,2026-07-01 06:13:08,NEFT
TXN-00875,A-0395,A-0318,381945.37,2024-08-13 17:34:13,UPI
TXN-00876,A-0313,A-0358,80659.27,2026-04-14 20:18:01,NEFT
TXN-00877,A-0178,A-0268,494584.75,2025-11-29 19:01:47,IMPS
TXN-00878,A-0339,A-0101,317477.57,2024-09-03 07:50:41,IMPS
TXN-00879,A-0357,A-0349,8045.68,2026-10-11 11:04:59,Cash Deposit
TXN-00880,A-0158,A-0229,432695.25,2025-07-14 01:00:18,NEFT
TXN-00881,A-0313,A-0245,314416.21,2024-11-06 20:55:27,UPI
TXN-00882,A-0382,A-0250,171103.68,2025-12-12 14:49:49,Cash Deposit
TXN-00883,A-0302,A-0293,62790.32,2024-04-23 14:00:45,NEFT
TXN-00884,A-0380,A-0149,164737.0,2025-06-21 05:26:13,UPI
TXN-00885,A-0260,A-0020,167204.51,2025-10-09 09:29:30,UPI
TXN-00886,A-0300,A-0460,52683.0,2024-09-15 10:32:11,NEFT
TXN-00887,A-0264,A-0491,155982.6,2026-06-03 08:37:30,IMPS
TXN-00888,A-0004,A-0035,335585.54,2026-05-22 03:10:20,UPI
TXN-00889,A-0457,A-0426,303615.86,2026-02-18 09:10:19,UPI
TXN-00890,A-0156,A-0157,499665.6,2025-10-28 07:43:52,Cash Deposit
TXN-00891,A-0353,A-0492,10525.2,2025-12-16 06:31:30,IMPS
TXN-00892,A-0196,A-0314,217972.3,2024-07-14 10:03:07,UPI
TXN-00893,A-0195,A-0351,175676.23,2025-09-03 02:47:19,Cash Deposit
TXN-00894,A-0117,A-0097,447837.26,2026-08-31 15:29:25,RTGS
TXN-00895,A-0139,A-0004,133931.3,2024-06-30 07:20:25,Cash Deposit
TXN-00896,A-0260,A-0036,3380.39,2024-02-01 22:31:27,UPI
TXN-00897,A-0294,A-0192,51515.22,2026-09-13 23:23:14,IMPS
TXN-00898,A-0463,A-0177,291645.94,2024-07-27 11:20:45,UPI
TXN-00899,A-0144,A-0299,266342.11,2026-01-05 11:54:06,NEFT
TXN-00900,A-0278,A-0250,274747.77,2025-03-11 13:58:07,Cash Deposit
TXN-00901,A-0090,A-0305,363373.85,2026-03-18 15:31:21,RTGS
TXN-00902,A-0026,A-0274,447450.2,2025-06-10 08:47:00,RTGS
TXN-00903,A-0454,A-0036,155811.51,2026-02-22 19:41:34,NEFT
TXN-00904,A-0440,A-0240,326243.87,2024-12-13 07:06:48,UPI
TXN-00905,A-0422,A-0305,464061.86,2024-03-05 16:35:26,IMPS
TXN-00906,A-0371,A-0480,125745.19,2026-02-27 10:01:46,UPI
TXN-00907,A-0121,A-0012,335947.62,2024-01-15 13:45:00,IMPS
TXN-00908,A-0184,A-0366,307529.66,2024-09-11 22:13:01,RTGS
TXN-00909,A-0043,A-0430,115770.59,2026-11-17 17:27:16,UPI
TXN-00910,A-0015,A-0091,412156.49,2026-10-06 23:14:03,NEFT
TXN-00911,A-0366,A-0072,83580.65,2026-07-24 06:40:31,Cash Deposit
TXN-00912,A-0114,A-0427,428624.76,2026-05-23 22:19:21,UPI
TXN-00913,A-0135,A-0426,458441.51,2025-03-01 05:19:15,Cash Deposit
TXN-00914,A-0456,A-0023,24512.5,2025-11-10 21:18:15,Cash Deposit
TXN-00915,A-0120,A-0183,421754.76,2025-03-07 11:55:09,NEFT
TXN-00916,A-0215,A-0388,295057.78,2026-01-19 09:28:21,UPI
TXN-00917,A-0495,A-0407,480711.04,2025-12-05 07:37:02,RTGS
TXN-00918,A-0240,A-0455,421812.75,2025-01-23 11:06:46,UPI
TXN-00919,A-0100,A-0347,293909.12,2025-12-11 22:22:33,IMPS
TXN-00920,A-0075,A-0216,190232.44,2024-05-01 23:03:48,UPI
TXN-00921,A-0367,A-0014,233792.53,2026-07-27 05:41:31,UPI
TXN-00922,A-0359,A-0161,327535.22,2024-07-02 09:24:24,NEFT
TXN-00923,A-0059,A-0470,46018.33,2026-03-03 10:35:36,UPI
TXN-00924,A-0312,A-0315,217387.66,2024-07-01 07:17:09,Cash Deposit
TXN-00925,A-0159,A-0368,489029.33,2024-04-11 23:20:05,NEFT
TXN-00926,A-0358,A-0185,214294.81,2025-08-13 06:18:39,UPI
TXN-00927,A-0212,A-0066,95074.98,2025-01-10 06:05:22,IMPS
TXN-00928,A-0105,A-0185,456647.7,2026-08-05 22:10:51,NEFT
TXN-00929,A-0276,A-0331,150655.72,2025-10-15 20:52:00,RTGS
TXN-00930,A-0290,A-0086,32366.33,2024-11-14 11:52:14,Cash Deposit
TXN-00931,A-0143,A-0445,88382.66,2026-09-22 11:43:35,IMPS
TXN-00932,A-0319,A-0228,199375.5,2026-07-27 12:56:18,IMPS
TXN-00933,A-0053,A-0084,336759.8,2026-11-20 18:40:51,RTGS
TXN-00934,A-0344,A-0171,268267.25,2026-06-11 07:20:56,Cash Deposit
TXN-00935,A-0252,A-0209,386351.91,2026-05-17 12:38:09,UPI
TXN-00936,A-0108,A-0042,84242.17,2024-01-07 02:50:59,UPI
TXN-00937,A-0126,A-0115,178540.46,2026-11-22 17:57:00,NEFT
TXN-00938,A-0329,A-0398,37311.78,2025-06-20 06:30:03,IMPS
TXN-00939,A-0378,A-0262,144616.99,2025-03-15 12:13:33,IMPS
TXN-00940,A-0387,A-0402,282167.04,2026-07-18 10:30:19,RTGS
TXN-00941,A-0365,A-0322,212762.09,2025-04-18 22:30:59,RTGS
TXN-00942,A-0497,A-0103,75770.17,2024-09-17 13:10:50,IMPS
TXN-00943,A-0111,A-0019,344779.74,2025-01-28 12:26:13,IMPS
TXN-00944,A-0089,A-0494,32054.09,2024-05-11 12:48:53,NEFT
TXN-00945,A-0349,A-0147,472806.63,2026-02-16 15:17:27,UPI
TXN-00946,A-0482,A-0403,362016.79,2026-06-04 19:23:25,RTGS
TXN-00947,A-0415,A-0365,235372.58,2024-11-06 09:18:42,IMPS
TXN-00948,A-0244,A-0400,445785.94,2025-10-19 15:07:03,UPI
TXN-00949,A-0280,A-0024,400510.41,2024-06-06 01:24:58,UPI
TXN-00950,A-0084,A-0092,105219.47,2024-07-29 05:05:34,IMPS
TXN-00951,A-0493,A-0187,48719.09,2024-08-06 06:30:44,Cash Deposit
TXN-00952,A-0306,A-0263,95919.39,2025-04-04 04:57:57,RTGS
TXN-00953,A-0182,A-0467,131247.76,2025-06-15 03:35:39,NEFT
TXN-00954,A-0479,A-0085,314140.6,2026-04-18 08:23:55,Cash Deposit
TXN-00955,A-0381,A-0383,147838.65,2024-09-18 04:08:34,IMPS
TXN-00956,A-0104,A-0466,168369.77,2026-08-30 03:52:26,UPI
TXN-00957,A-0137,A-0165,196686.27,2024-09-12 22:29:45,RTGS
TXN-00958,A-0442,A-0226,250270.69,2026-10-08 20:02:28,UPI
TXN-00959,A-0393,A-0425,319614.16,2024-06-09 04:32:19,RTGS
TXN-00960,A-0052,A-0107,268598.01,2024-12-31 15:23:26,NEFT
TXN-00961,A-0101,A-0465,95491.9,2024-12-24 14:19:03,IMPS
TXN-00962,A-0407,A-0138,340398.09,2026-04-28 22:14:22,NEFT
TXN-00963,A-0099,A-0368,352996.79,2026-03-03 20:29:05,UPI
TXN-00964,A-0018,A-0449,41890.79,2025-11-29 16:10:52,Cash Deposit
TXN-00965,A-0127,A-0091,50548.27,2025-02-14 19:57:32,IMPS
TXN-00966,A-0175,A-0174,483527.39,2024-10-08 16:31:55,RTGS
TXN-00967,A-0374,A-0241,389208.26,2026-06-14 23:15:34,Cash Deposit
TXN-00968,A-0004,A-0451,165201.22,2025-01-08 07:50:15,IMPS
TXN-00969,A-0012,A-0347,311455.71,2025-04-21 00:31:46,RTGS
TXN-00970,A-0274,A-0222,489120.0,2026-11-08 22:06:05,RTGS
TXN-00971,A-0371,A-0192,348083.51,2024-01-26 17:32:17,Cash Deposit
TXN-00972,A-0254,A-0481,285930.78,2026-03-13 20:44:05,RTGS
TXN-00973,A-0112,A-0342,499290.55,2026-12-10 03:56:26,UPI
TXN-00974,A-0455,A-0459,485031.19,2025-08-17 20:27:37,Cash Deposit
TXN-00975,A-0140,A-0200,117624.06,2024-08-29 06:18:38,UPI
TXN-00976,A-0307,A-0357,71438.95,2024-01-18 01:18:53,UPI
TXN-00977,A-0186,A-0173,424119.27,2024-08-19 18:00:07,IMPS
TXN-00978,A-0267,A-0390,449374.64,2026-03-22 07:55:40,Cash Deposit
TXN-00979,A-0108,A-0171,83327.27,2025-02-22 07:22:48,Cash Deposit
TXN-00980,A-0018,A-0067,302465.72,2026-10-30 21:35:43,Cash Deposit
TXN-00981,A-0493,A-0223,404738.98,2026-10-24 15:45:22,RTGS
TXN-00982,A-0189,A-0417,35263.95,2025-07-04 07:44:16,Cash Deposit
TXN-00983,A-0083,A-0468,356339.21,2024-05-17 02:09:42,Cash Deposit
TXN-00984,A-0182,A-0442,350536.36,2024-06-21 11:05:37,IMPS
TXN-00985,A-0432,A-0237,467470.78,2025-02-27 22:20:30,IMPS
TXN-00986,A-0351,A-0405,39546.82,2025-08-17 07:18:59,IMPS
TXN-00987,A-0182,A-0225,331675.4,2026-10-11 02:25:02,NEFT
TXN-00988,A-0349,A-0029,165602.71,2024-10-21 16:46:57,Cash Deposit
TXN-00989,A-0022,A-0286,191830.55,2025-11-08 19:57:08,Cash Deposit
TXN-00990,A-0312,A-0097,150046.81,2025-11-10 18:59:01,IMPS
TXN-00991,A-0462,A-0083,131241.24,2025-01-20 03:38:04,IMPS
TXN-00992,A-0394,A-0171,84827.03,2024-12-08 03:41:33,RTGS
TXN-00993,A-0222,A-0024,321526.87,2026-05-18 05:03:32,UPI
TXN-00994,A-0388,A-0320,276002.39,2026-11-14 03:54:48,IMPS
TXN-00995,A-0025,A-0335,62502.89,2024-08-24 11:32:25,IMPS
TXN-00996,A-0382,A-0054,179457.45,2025-08-20 00:04:39,UPI
TXN-00997,A-0286,A-0179,352165.65,2024-01-30 02:53:00,IMPS
TXN-00998,A-0246,A-0323,485152.87,2025-07-12 05:52:54,Cash Deposit
TXN-00999,A-0466,A-0113,36545.5,2026-04-29 09:16:18,NEFT
TXN-01000,A-0088,A-0412,226391.3,2026-04-23 11:02:22,IMPS
TXN-01001,A-0355,A-0137,370030.75,2025-03-24 20:55:52,NEFT
TXN-01002,A-0147,A-0175,464129.49,2025-03-09 21:50:04,Cash Deposit
TXN-01003,A-0007,A-0434,127125.68,2025-08-15 04:36:19,RTGS
TXN-01004,A-0489,A-0043,354064.66,2026-07-17 10:18:36,IMPS
TXN-01005,A-0071,A-0189,349797.64,2025-04-30 20:47:48,Cash Deposit
TXN-01006,A-0271,A-0334,93279.29,2025-11-22 22:46:57,Cash Deposit
TXN-01007,A-0258,A-0439,284411.12,2024-12-28 00:41:51,RTGS
TXN-01008,A-0332,A-0282,76630.31,2024-07-28 06:01:27,Cash Deposit
TXN-01009,A-0200,A-0063,389782.21,2025-06-15 05:48:34,RTGS
TXN-01010,A-0021,A-0310,81117.89,2026-09-26 00:03:29,RTGS
TXN-01011,A-0391,A-0432,353113.79,2026-08-16 21:22:08,RTGS
TXN-01012,A-0223,A-0346,433458.7,2025-05-20 13:01:57,UPI
TXN-01013,A-0426,A-0352,39165.83,2025-10-13 22:40:24,Cash Deposit
TXN-01014,A-0175,A-0333,59090.44,2025-03-12 08:34:58,UPI
TXN-01015,A-0070,A-0344,120002.38,2025-12-18 07:25:12,RTGS
TXN-01016,A-0243,A-0001,26190.15,2026-12-24 14:10:23,NEFT
TXN-01017,A-0240,A-0391,275395.17,2026-09-07 12:34:56,NEFT
TXN-01018,A-0394,A-0189,43665.11,2025-02-10 17:00:35,NEFT
TXN-01019,A-0019,A-0351,115593.32,2024-08-23 11:46:19,NEFT
TXN-01020,A-0013,A-0004,168663.98,2025-02-12 06:47:06,Cash Deposit
TXN-01021,A-0295,A-0468,222797.15,2026-05-01 09:53:20,IMPS
TXN-01022,A-0470,A-0462,462017.85,2024-05-17 06:56:54,NEFT
TXN-01023,A-0036,A-0473,46173.67,2024-07-24 12:59:24,Cash Deposit
TXN-01024,A-0258,A-0117,375405.5,2025-08-18 19:38:18,IMPS
TXN-01025,A-0081,A-0073,216462.65,2026-04-24 23:53:04,UPI
TXN-01026,A-0189,A-0155,296706.86,2025-03-10 00:38:29,RTGS
TXN-01027,A-0016,A-0106,59190.51,2025-09-29 20:41:40,UPI
TXN-01028,A-0183,A-0421,171637.32,2026-02-19 23:19:23,Cash Deposit
TXN-01029,A-0222,A-0255,200769.19,2024-06-29 07:32:32,Cash Deposit
TXN-01030,A-0452,A-0465,42192.99,2025-02-04 11:58:03,IMPS
TXN-01031,A-0167,A-0087,377555.94,2025-01-11 18:45:07,NEFT
TXN-01032,A-0109,A-0072,415445.58,2025-10-27 07:52:35,RTGS
TXN-01033,A-0338,A-0165,223703.68,2025-01-17 21:41:04,RTGS
TXN-01034,A-0291,A-0109,424500.9,2025-06-07 21:42:10,IMPS
TXN-01035,A-0499,A-0225,275115.64,2026-07-23 11:28:44,NEFT
TXN-01036,A-0178,A-0091,248351.03,2024-09-01 22:06:56,Cash Deposit
TXN-01037,A-0151,A-0004,44623.08,2026-06-06 10:30:04,NEFT
TXN-01038,A-0476,A-0355,140804.44,2024-06-05 11:46:37,NEFT
TXN-01039,A-0158,A-0134,102583.88,2026-07-31 18:18:54,Cash Deposit
TXN-01040,A-0456,A-0172,200239.83,2024-01-30 03:53:51,NEFT
TXN-01041,A-0255,A-0325,325545.34,2024-02-12 06:54:07,RTGS
TXN-01042,A-0059,A-0130,338042.85,2024-07-28 00:36:04,NEFT
TXN-01043,A-0195,A-0486,410656.01,2026-03-23 07:19:06,Cash Deposit
TXN-01044,A-0479,A-0153,466314.63,2024-12-08 16:54:37,UPI
TXN-01045,A-0096,A-0467,342263.97,2026-04-11 09:31:15,IMPS
TXN-01046,A-0104,A-0199,255080.28,2026-09-23 15:13:31,Cash Deposit
TXN-01047,A-0313,A-0490,329727.83,2026-06-06 17:25:52,Cash Deposit
TXN-01048,A-0246,A-0323,298131.24,2025-01-15 14:04:06,Cash Deposit
TXN-01049,A-0364,A-0100,345614.22,2024-01-10 03:14:24,NEFT
TXN-01050,A-0113,A-0068,387552.85,2026-09-26 22:23:35,RTGS
TXN-01051,A-0486,A-0070,1082.84,2024-07-12 16:27:51,Cash Deposit
TXN-01052,A-0342,A-0441,301712.03,2026-09-18 04:23:30,Cash Deposit
TXN-01053,A-0037,A-0152,47464.34,2025-08-02 22:41:09,RTGS
TXN-01054,A-0181,A-0062,177665.99,2025-09-23 16:44:08,UPI
TXN-01055,A-0500,A-0213,272589.19,2024-03-26 07:36:15,RTGS
TXN-01056,A-0486,A-0168,15109.94,2024-11-03 14:30:09,Cash Deposit
TXN-01057,A-0264,A-0451,485360.4,2025-01-11 05:44:28,Cash Deposit
TXN-01058,A-0290,A-0161,153771.12,2026-04-07 02:36:28,UPI
TXN-01059,A-0386,A-0006,35432.54,2026-02-17 13:55:39,IMPS
TXN-01060,A-0315,A-0087,365993.14,2025-01-24 05:45:12,Cash Deposit
TXN-01061,A-0271,A-0307,252588.06,2024-04-04 19:55:17,UPI
TXN-01062,A-0217,A-0292,27895.83,2024-01-31 06:57:44,NEFT
TXN-01063,A-0147,A-0377,39636.61,2026-09-15 02:35:31,UPI
TXN-01064,A-0071,A-0241,415793.56,2025-03-11 00:53:33,NEFT
TXN-01065,A-0463,A-0120,407682.93,2026-12-17 22:46:02,IMPS
TXN-01066,A-0327,A-0294,347268.15,2025-11-07 03:32:41,NEFT
TXN-01067,A-0304,A-0321,232616.28,2024-11-11 01:16:52,NEFT
TXN-01068,A-0101,A-0024,186161.61,2025-02-23 08:49:47,RTGS
TXN-01069,A-0077,A-0114,270700.97,2025-04-04 20:59:02,IMPS
TXN-01070,A-0035,A-0055,313424.3,2024-09-02 08:46:40,RTGS
TXN-01071,A-0299,A-0255,270766.85,2026-08-19 08:52:15,Cash Deposit
TXN-01072,A-0309,A-0081,495637.93,2026-06-18 20:04:19,Cash Deposit
TXN-01073,A-0225,A-0483,123309.06,2026-12-28 05:41:36,UPI
TXN-01074,A-0326,A-0283,65553.17,2025-08-23 06:38:20,Cash Deposit
TXN-01075,A-0415,A-0447,52473.88,2026-04-15 11:58:47,IMPS
TXN-01076,A-0352,A-0134,169734.49,2026-11-08 13:43:08,IMPS
TXN-01077,A-0102,A-0013,410122.17,2026-04-05 05:39:05,Cash Deposit
TXN-01078,A-0271,A-0034,318163.97,2025-09-25 20:16:58,RTGS
TXN-01079,A-0315,A-0321,253116.45,2024-09-09 21:23:38,Cash Deposit
TXN-01080,A-0073,A-0026,257209.5,2024-12-20 21:29:14,UPI
TXN-01081,A-0107,A-0006,136206.52,2024-01-10 18:50:58,NEFT
TXN-01082,A-0300,A-0062,289811.64,2025-08-16 03:03:52,RTGS
TXN-01083,A-0060,A-0387,219288.0,2024-06-03 23:02:45,Cash Deposit
TXN-01084,A-0128,A-0458,313011.69,2025-02-03 00:46:11,UPI
TXN-01085,A-0233,A-0386,479759.47,2025-07-26 20:48:22,UPI
TXN-01086,A-0445,A-0145,423530.0,2025-08-02 08:42:12,NEFT
TXN-01087,A-0226,A-0050,279445.41,2024-12-06 20:46:00,UPI
TXN-01088,A-0073,A-0362,488243.26,2026-12-01 10:13:47,IMPS
TXN-01089,A-0391,A-0475,43691.54,2024-08-16 14:54:15,Cash Deposit
TXN-01090,A-0304,A-0110,136867.34,2026-04-16 06:30:45,UPI
TXN-01091,A-0267,A-0380,490883.17,2026-12-13 12:01:52,UPI
TXN-01092,A-0484,A-0457,66791.07,2026-05-26 08:28:13,RTGS
TXN-01093,A-0054,A-0101,489475.95,2026-09-30 00:30:28,IMPS
TXN-01094,A-0248,A-0365,19310.66,2025-08-25 02:47:01,Cash Deposit
TXN-01095,A-0211,A-0475,207490.76,2024-11-21 06:22:45,IMPS
TXN-01096,A-0308,A-0138,64749.75,2024-09-07 11:52:49,RTGS
TXN-01097,A-0108,A-0270,401336.05,2025-12-17 03:02:46,NEFT
TXN-01098,A-0162,A-0253,496656.81,2026-11-24 02:40:03,UPI
TXN-01099,A-0211,A-0145,205565.79,2025-07-23 15:47:29,RTGS
TXN-01100,A-0141,A-0413,411638.59,2026-09-07 03:52:24,NEFT
TXN-01101,A-0351,A-0467,388137.03,2024-04-30 03:39:28,NEFT
TXN-01102,A-0427,A-0310,260946.85,2024-07-25 12:19:19,IMPS
TXN-01103,A-0351,A-0062,184135.47,2024-07-20 20:03:29,UPI
TXN-01104,A-0469,A-0062,142975.79,2024-04-18 03:24:48,UPI
TXN-01105,A-0068,A-0098,445053.36,2026-01-29 09:06:05,RTGS
TXN-01106,A-0498,A-0204,255369.27,2026-11-09 05:56:05,UPI
TXN-01107,A-0050,A-0402,269156.46,2025-07-08 01:45:04,NEFT
TXN-01108,A-0355,A-0125,114289.03,2025-11-20 15:36:43,UPI
TXN-01109,A-0205,A-0254,25007.82,2026-02-22 14:23:21,Cash Deposit
TXN-01110,A-0049,A-0204,264573.91,2025-01-03 16:51:47,RTGS
TXN-01111,A-0285,A-0141,385850.51,2026-08-17 18:39:45,Cash Deposit
TXN-01112,A-0491,A-0046,99779.54,2024-06-06 22:24:59,RTGS
TXN-01113,A-0118,A-0158,373712.23,2026-10-18 16:09:06,IMPS
TXN-01114,A-0500,A-0046,409118.38,2024-01-26 23:36:27,IMPS
TXN-01115,A-0243,A-0120,277598.22,2024-01-04 22:49:53,NEFT
TXN-01116,A-0265,A-0085,57311.41,2024-07-12 07:50:55,UPI
TXN-01117,A-0357,A-0153,155867.29,2026-11-12 06:17:16,UPI
TXN-01118,A-0426,A-0379,10944.23,2025-09-08 08:31:19,IMPS
TXN-01119,A-0159,A-0196,313578.51,2026-08-09 19:23:19,IMPS
TXN-01120,A-0076,A-0408,206642.98,2025-11-02 20:29:03,IMPS
TXN-01121,A-0297,A-0478,464928.87,2024-02-02 00:46:30,RTGS
TXN-01122,A-0232,A-0215,113426.07,2026-12-13 22:10:31,IMPS
TXN-01123,A-0185,A-0004,52444.28,2024-05-05 09:24:18,IMPS
TXN-01124,A-0046,A-0342,314997.31,2024-06-26 07:12:46,NEFT
TXN-01125,A-0014,A-0227,35732.28,2026-03-07 14:12:23,UPI
TXN-01126,A-0199,A-0360,342796.33,2024-08-05 14:07:03,Cash Deposit
TXN-01127,A-0285,A-0376,155748.36,2025-07-02 15:03:52,RTGS
TXN-01128,A-0346,A-0467,486951.7,2024-10-04 23:20:13,RTGS
TXN-01129,A-0268,A-0251,155106.17,2024-09-16 19:19:50,RTGS
TXN-01130,A-0471,A-0427,53244.73,2024-05-25 18:38:14,Cash Deposit
TXN-01131,A-0294,A-0202,390480.2,2024-10-13 08:14:24,IMPS
TXN-01132,A-0460,A-0132,185256.67,2024-04-24 11:53:23,NEFT
TXN-01133,A-0436,A-0474,378139.94,2025-09-25 18:08:54,NEFT
TXN-01134,A-0043,A-0405,205257.35,2025-03-31 20:46:43,NEFT
TXN-01135,A-0333,A-0495,13288.01,2026-04-06 05:33:36,RTGS
TXN-01136,A-0039,A-0209,292314.6,2024-01-16 09:55:17,IMPS
TXN-01137,A-0488,A-0057,432192.57,2026-09-04 05:44:13,UPI
TXN-01138,A-0458,A-0320,219721.01,2024-02-28 02:16:36,Cash Deposit
TXN-01139,A-0217,A-0422,121770.44,2026-12-15 13:41:09,Cash Deposit
TXN-01140,A-0069,A-0052,288193.21,2026-01-13 20:11:54,IMPS
TXN-01141,A-0263,A-0482,25974.98,2025-05-27 23:51:20,IMPS
TXN-01142,A-0247,A-0021,44632.51,2026-01-19 16:37:27,NEFT
TXN-01143,A-0426,A-0214,480725.96,2025-10-12 14:08:11,Cash Deposit
TXN-01144,A-0439,A-0465,340454.36,2025-07-23 03:40:16,IMPS
TXN-01145,A-0203,A-0200,48016.16,2026-05-09 16:39:32,Cash Deposit
TXN-01146,A-0396,A-0406,411178.82,2024-08-17 03:01:37,NEFT
TXN-01147,A-0020,A-0480,52730.99,2026-10-09 00:39:12,UPI
TXN-01148,A-0355,A-0173,96285.83,2026-12-14 20:38:00,IMPS
TXN-01149,A-0292,A-0217,295047.16,2026-10-01 22:58:45,NEFT
TXN-01150,A-0412,A-0486,181089.54,2026-04-18 06:38:30,IMPS
TXN-01151,A-0071,A-0177,39551.51,2026-07-31 15:19:45,UPI
TXN-01152,A-0365,A-0469,173935.0,2025-05-01 06:49:40,RTGS
TXN-01153,A-0409,A-0322,129447.76,2026-11-17 23:30:21,UPI
TXN-01154,A-0431,A-0265,252238.26,2026-05-05 02:23:15,RTGS
TXN-01155,A-0380,A-0490,409652.65,2025-01-26 00:21:56,NEFT
TXN-01156,A-0144,A-0489,296537.38,2024-10-24 05:51:49,Cash Deposit
TXN-01157,A-0277,A-0192,413179.72,2025-03-20 04:45:41,UPI
TXN-01158,A-0354,A-0002,109890.05,2024-05-12 08:45:15,RTGS
TXN-01159,A-0279,A-0290,282767.7,2025-03-20 00:20:58,IMPS
TXN-01160,A-0004,A-0025,466186.14,2025-05-21 17:50:23,Cash Deposit
TXN-01161,A-0177,A-0284,283840.08,2025-09-25 23:53:45,UPI
TXN-01162,A-0055,A-0457,437881.22,2025-09-14 01:32:34,Cash Deposit
TXN-01163,A-0171,A-0377,417128.78,2024-01-01 05:23:25,Cash Deposit
TXN-01164,A-0281,A-0251,23698.25,2024-03-17 21:45:52,IMPS
TXN-01165,A-0313,A-0029,367858.21,2024-10-19 16:46:57,RTGS
TXN-01166,A-0004,A-0139,197767.85,2026-03-11 07:01:24,UPI
TXN-01167,A-0399,A-0305,382638.77,2024-08-16 18:47:57,RTGS
TXN-01168,A-0216,A-0452,377210.81,2025-06-30 19:19:10,NEFT
TXN-01169,A-0195,A-0069,454739.21,2026-04-16 21:21:46,Cash Deposit
TXN-01170,A-0041,A-0212,476813.78,2025-02-01 14:09:27,Cash Deposit
TXN-01171,A-0454,A-0035,159480.97,2026-07-21 16:39:50,RTGS
TXN-01172,A-0211,A-0367,344623.85,2025-09-04 06:33:02,RTGS
TXN-01173,A-0051,A-0184,316442.28,2025-07-11 19:40:12,Cash Deposit
TXN-01174,A-0474,A-0277,132758.59,2024-06-29 23:10:31,NEFT
TXN-01175,A-0133,A-0168,376245.63,2024-12-01 16:11:21,Cash Deposit
TXN-01176,A-0019,A-0186,402417.02,2024-03-19 19:24:50,Cash Deposit
TXN-01177,A-0173,A-0478,161392.2,2025-11-23 01:29:26,NEFT
TXN-01178,A-0136,A-0152,271964.81,2026-12-30 02:55:31,RTGS
TXN-01179,A-0273,A-0338,258539.16,2026-02-28 16:05:21,RTGS
TXN-01180,A-0367,A-0189,113252.78,2024-02-21 03:41:33,RTGS
TXN-01181,A-0058,A-0472,230919.87,2025-02-15 19:08:05,Cash Deposit
TXN-01182,A-0472,A-0143,437897.34,2024-06-14 10:52:45,UPI
TXN-01183,A-0052,A-0124,407870.29,2025-07-20 22:41:52,RTGS
TXN-01184,A-0440,A-0159,492452.62,2025-03-09 20:06:05,NEFT
TXN-01185,A-0280,A-0340,8817.0,2024-06-02 11:18:39,Cash Deposit
TXN-01186,A-0091,A-0160,219013.77,2026-08-30 19:24:14,NEFT
TXN-01187,A-0408,A-0184,108223.41,2026-06-20 06:44:03,NEFT
TXN-01188,A-0247,A-0469,24188.36,2025-04-10 08:28:07,RTGS
TXN-01189,A-0006,A-0124,388395.7,2025-09-18 11:35:47,IMPS
TXN-01190,A-0204,A-0336,401840.21,2026-10-21 10:18:54,NEFT
TXN-01191,A-0494,A-0390,488279.43,2024-12-31 02:17:16,UPI
TXN-01192,A-0444,A-0469,479177.88,2025-10-21 10:46:26,Cash Deposit
TXN-01193,A-0288,A-0215,230517.74,2024-07-27 17:44:15,NEFT
TXN-01194,A-0030,A-0401,466013.49,2026-08-25 20:37:02,RTGS
TXN-01195,A-0318,A-0039,198699.2,2026-10-22 10:09:19,Cash Deposit
TXN-01196,A-0035,A-0239,287347.23,2024-02-09 21:43:29,UPI
TXN-01197,A-0048,A-0386,357518.31,2024-03-22 07:50:31,IMPS
TXN-01198,A-0207,A-0374,241477.49,2024-11-29 11:35:48,Cash Deposit
TXN-01199,A-0069,A-0036,297744.09,2024-04-26 22:47:09,NEFT
TXN-01200,A-0270,A-0014,379173.65,2025-12-10 16:30:58,RTGS
TXN-01201,A-0499,A-0360,12140.89,2025-12-04 13:36:11,UPI
TXN-01202,A-0392,A-0132,37312.58,2025-09-01 09:58:57,Cash Deposit
TXN-01203,A-0436,A-0432,21110.89,2026-02-21 08:40:26,IMPS
TXN-01204,A-0373,A-0230,186793.62,2024-11-16 18:05:26,NEFT
TXN-01205,A-0411,A-0453,82300.34,2025-01-18 00:47:29,Cash Deposit
TXN-01206,A-0164,A-0277,106450.34,2025-01-01 20:26:18,UPI
TXN-01207,A-0165,A-0100,59205.5,2026-07-30 01:03:52,NEFT
TXN-01208,A-0329,A-0245,483328.43,2026-03-14 01:03:04,Cash Deposit
TXN-01209,A-0095,A-0003,445574.35,2025-03-19 05:33:29,IMPS
TXN-01210,A-0266,A-0312,114099.37,2025-01-30 05:07:32,Cash Deposit
TXN-01211,A-0457,A-0473,210511.7,2026-09-13 13:18:47,Cash Deposit
TXN-01212,A-0314,A-0474,194289.86,2025-07-08 13:41:08,RTGS
TXN-01213,A-0167,A-0105,58820.14,2025-01-16 10:05:44,IMPS
TXN-01214,A-0259,A-0145,324943.86,2024-11-15 15:14:22,RTGS
TXN-01215,A-0310,A-0261,220933.15,2024-03-13 17:43:14,Cash Deposit
TXN-01216,A-0445,A-0325,396688.45,2025-08-08 15:55:06,RTGS
TXN-01217,A-0174,A-0347,186172.27,2026-06-18 19:59:37,IMPS
TXN-01218,A-0188,A-0045,69204.09,2025-01-02 10:05:11,RTGS
TXN-01219,A-0124,A-0136,340871.13,2026-03-01 19:35:37,RTGS
TXN-01220,A-0343,A-0287,199556.82,2026-01-13 03:19:13,NEFT
TXN-01221,A-0094,A-0342,487692.28,2026-12-03 17:51:35,NEFT
TXN-01222,A-0168,A-0056,233726.96,2024-06-26 20:03:10,RTGS
TXN-01223,A-0202,A-0124,34445.85,2025-06-15 22:49:50,IMPS
TXN-01224,A-0287,A-0462,220938.98,2026-09-06 17:39:58,Cash Deposit
TXN-01225,A-0482,A-0209,223163.53,2025-02-07 21:16:11,UPI
TXN-01226,A-0489,A-0497,34123.28,2024-02-07 07:02:11,RTGS
TXN-01227,A-0225,A-0437,243482.34,2025-01-01 18:06:22,RTGS
TXN-01228,A-0486,A-0215,333849.29,2024-04-22 14:55:14,RTGS
TXN-01229,A-0407,A-0268,333975.08,2026-02-21 15:57:01,IMPS
TXN-01230,A-0374,A-0471,165590.33,2024-12-23 00:20:00,UPI
TXN-01231,A-0341,A-0421,267726.52,2025-10-26 17:08:11,IMPS
TXN-01232,A-0207,A-0090,202922.44,2024-10-22 02:32:12,IMPS
TXN-01233,A-0396,A-0209,265869.99,2025-11-07 03:22:22,Cash Deposit
TXN-01234,A-0440,A-0163,116741.93,2024-08-20 12:36:09,NEFT
TXN-01235,A-0033,A-0151,356290.25,2024-05-26 08:29:57,NEFT
TXN-01236,A-0322,A-0316,420956.0,2026-10-24 23:21:40,RTGS
TXN-01237,A-0025,A-0273,213890.86,2026-05-30 18:31:56,UPI
TXN-01238,A-0472,A-0328,419140.3,2025-06-03 15:53:59,UPI
TXN-01239,A-0402,A-0404,7531.23,2024-07-28 17:59:28,IMPS
TXN-01240,A-0291,A-0122,18978.49,2026-04-29 16:51:41,IMPS
TXN-01241,A-0190,A-0355,194135.2,2024-12-03 06:41:54,UPI
TXN-01242,A-0378,A-0069,478424.09,2025-06-22 14:02:53,IMPS
TXN-01243,A-0172,A-0079,280837.07,2026-01-09 17:42:22,NEFT
TXN-01244,A-0471,A-0163,271727.29,2024-08-22 13:48:47,NEFT
TXN-01245,A-0003,A-0482,399156.38,2025-01-03 05:47:34,Cash Deposit
TXN-01246,A-0367,A-0064,326428.68,2024-06-18 07:48:10,RTGS
TXN-01247,A-0026,A-0031,373486.3,2024-10-20 02:59:42,RTGS
TXN-01248,A-0266,A-0027,127380.74,2024-03-06 19:25:36,IMPS
TXN-01249,A-0418,A-0438,223601.1,2025-11-12 13:06:14,Cash Deposit
TXN-01250,A-0127,A-0149,280420.45,2025-03-19 05:26:58,NEFT
TXN-01251,A-0453,A-0311,64133.37,2024-05-19 06:51:12,UPI
TXN-01252,A-0282,A-0406,195418.39,2025-05-08 15:08:31,IMPS
TXN-01253,A-0320,A-0265,294017.11,2025-05-24 13:02:46,UPI
TXN-01254,A-0269,A-0140,258215.83,2026-03-09 21:51:38,Cash Deposit
TXN-01255,A-0106,A-0071,255482.29,2026-07-17 11:29:31,IMPS
TXN-01256,A-0219,A-0073,450404.69,2026-08-29 03:53:48,NEFT
TXN-01257,A-0239,A-0028,457425.28,2024-10-21 09:26:42,Cash Deposit
TXN-01258,A-0435,A-0313,174172.41,2026-12-11 10:04:16,RTGS
TXN-01259,A-0315,A-0372,31111.59,2024-02-29 21:54:51,Cash Deposit
TXN-01260,A-0477,A-0417,148809.72,2024-02-27 20:53:11,RTGS
TXN-01261,A-0102,A-0499,73948.67,2024-04-21 15:10:14,Cash Deposit
TXN-01262,A-0149,A-0208,447906.1,2025-11-10 18:16:42,RTGS
TXN-01263,A-0303,A-0284,492983.66,2026-10-20 06:27:38,IMPS
TXN-01264,A-0389,A-0154,41512.32,2026-03-07 08:49:47,RTGS
TXN-01265,A-0351,A-0144,289819.93,2024-10-13 01:33:40,NEFT
TXN-01266,A-0235,A-0157,413691.74,2025-05-18 20:38:53,RTGS
TXN-01267,A-0265,A-0048,69624.85,2024-06-12 05:12:54,NEFT
TXN-01268,A-0491,A-0385,328084.46,2024-05-31 12:25:26,NEFT
TXN-01269,A-0331,A-0351,39593.9,2026-11-05 12:53:13,Cash Deposit
TXN-01270,A-0261,A-0143,145682.37,2024-03-06 11:49:19,UPI
TXN-01271,A-0367,A-0199,498124.3,2025-11-10 06:00:49,Cash Deposit
TXN-01272,A-0005,A-0001,238314.63,2026-07-14 18:08:14,UPI
TXN-01273,A-0315,A-0028,88364.74,2024-04-04 07:29:13,Cash Deposit
TXN-01274,A-0014,A-0244,380187.72,2025-05-10 10:26:49,Cash Deposit
TXN-01275,A-0261,A-0383,80801.85,2025-08-10 08:43:55,Cash Deposit
TXN-01276,A-0490,A-0132,211394.79,2026-12-25 11:16:16,NEFT
TXN-01277,A-0040,A-0398,70593.57,2024-05-06 07:36:15,NEFT
TXN-01278,A-0279,A-0478,121731.73,2025-12-25 09:22:36,Cash Deposit
TXN-01279,A-0491,A-0456,28035.02,2026-09-12 08:35:48,IMPS
TXN-01280,A-0281,A-0176,310674.97,2024-12-22 02:48:33,IMPS
TXN-01281,A-0391,A-0175,74685.29,2026-05-09 19:51:43,IMPS
TXN-01282,A-0106,A-0048,75053.42,2024-10-05 02:54:36,IMPS
TXN-01283,A-0483,A-0257,260089.62,2026-10-24 22:20:05,RTGS
TXN-01284,A-0087,A-0353,238854.37,2025-02-25 00:45:47,UPI
TXN-01285,A-0137,A-0057,233950.38,2024-09-18 12:00:33,Cash Deposit
TXN-01286,A-0231,A-0463,249360.28,2024-04-29 16:38:54,RTGS
TXN-01287,A-0361,A-0346,127202.08,2025-01-16 10:55:38,IMPS
TXN-01288,A-0154,A-0377,327216.14,2026-08-18 11:51:53,Cash Deposit
TXN-01289,A-0036,A-0053,187244.9,2025-04-17 04:00:40,Cash Deposit
TXN-01290,A-0410,A-0270,58999.6,2026-09-23 07:40:41,UPI
TXN-01291,A-0067,A-0153,402261.18,2024-11-18 14:05:51,IMPS
TXN-01292,A-0308,A-0372,286159.63,2026-05-29 08:24:15,IMPS
TXN-01293,A-0495,A-0219,185905.37,2026-12-18 10:26:20,NEFT
TXN-01294,A-0363,A-0051,7774.15,2024-01-26 20:50:43,IMPS
TXN-01295,A-0285,A-0348,356152.01,2025-12-07 18:19:44,NEFT
TXN-01296,A-0194,A-0098,175311.37,2025-01-18 17:14:28,NEFT
TXN-01297,A-0252,A-0325,77729.73,2024-05-25 22:03:41,IMPS
TXN-01298,A-0095,A-0057,118048.1,2024-01-14 06:17:54,Cash Deposit
TXN-01299,A-0417,A-0084,15989.91,2026-11-23 19:55:42,NEFT
TXN-01300,A-0223,A-0500,154128.43,2026-04-28 23:12:38,Cash Deposit
TXN-01301,A-0022,A-0194,355350.35,2025-10-02 21:04:25,UPI
TXN-01302,A-0373,A-0376,410923.81,2024-08-27 20:30:19,IMPS
TXN-01303,A-0113,A-0382,207316.74,2025-05-05 12:34:44,NEFT
TXN-01304,A-0298,A-0171,37035.24,2024-02-24 06:16:05,UPI
TXN-01305,A-0442,A-0062,3182.19,2026-11-07 17:10:12,UPI
TXN-01306,A-0492,A-0003,436071.88,2024-03-23 19:34:21,NEFT
TXN-01307,A-0066,A-0029,66062.85,2026-01-05 08:35:05,NEFT
TXN-01308,A-0022,A-0278,359392.48,2025-04-26 20:57:59,Cash Deposit
TXN-01309,A-0393,A-0026,264405.2,2026-12-19 20:47:54,IMPS
TXN-01310,A-0218,A-0197,58709.78,2024-05-25 16:16:27,UPI
TXN-01311,A-0443,A-0048,431733.53,2025-08-08 17:07:05,NEFT
TXN-01312,A-0135,A-0415,448515.4,2026-08-11 12:49:55,RTGS
TXN-01313,A-0370,A-0052,96131.23,2024-09-06 17:44:03,UPI
TXN-01314,A-0405,A-0201,29614.97,2026-05-07 11:48:12,Cash Deposit
TXN-01315,A-0264,A-0272,231293.11,2026-10-26 13:17:29,Cash Deposit
TXN-01316,A-0399,A-0020,474100.76,2025-01-09 16:55:28,NEFT
TXN-01317,A-0063,A-0218,414661.62,2024-02-10 08:41:16,IMPS
TXN-01318,A-0028,A-0079,8297.17,2025-09-17 12:23:19,NEFT
TXN-01319,A-0065,A-0380,466620.68,2026-08-06 02:12:49,IMPS
TXN-01320,A-0080,A-0433,330687.81,2025-07-17 03:12:16,Cash Deposit
TXN-01321,A-0312,A-0417,371717.93,2025-06-10 23:08:43,Cash Deposit
TXN-01322,A-0460,A-0154,208133.79,2026-02-20 19:32:47,Cash Deposit
TXN-01323,A-0204,A-0396,307205.95,2025-06-04 14:59:26,UPI
TXN-01324,A-0143,A-0085,4675.21,2026-10-31 11:06:18,UPI
TXN-01325,A-0479,A-0463,106257.92,2024-01-28 03:59:43,Cash Deposit
TXN-01326,A-0135,A-0098,135974.84,2026-07-05 18:35:22,UPI
TXN-01327,A-0009,A-0389,254066.41,2026-08-30 08:44:50,NEFT
TXN-01328,A-0098,A-0491,162896.94,2025-01-04 05:21:42,RTGS
TXN-01329,A-0354,A-0115,214035.5,2025-04-02 17:30:30,NEFT
TXN-01330,A-0329,A-0374,360478.69,2024-10-16 07:36:44,IMPS
TXN-01331,A-0169,A-0023,138333.57,2024-08-24 12:27:47,Cash Deposit
TXN-01332,A-0253,A-0208,269731.3,2026-01-25 16:48:51,Cash Deposit
TXN-01333,A-0418,A-0224,349307.69,2024-06-09 01:32:24,UPI
TXN-01334,A-0019,A-0010,43599.97,2025-12-20 21:47:20,UPI
TXN-01335,A-0272,A-0460,322238.39,2026-02-19 05:55:22,IMPS
TXN-01336,A-0256,A-0312,108015.68,2025-05-03 22:41:17,NEFT
TXN-01337,A-0491,A-0155,43078.35,2026-11-06 21:02:26,UPI
TXN-01338,A-0066,A-0203,43554.51,2026-03-07 08:12:09,IMPS
TXN-01339,A-0497,A-0359,175815.83,2025-12-12 23:03:35,RTGS
TXN-01340,A-0025,A-0333,240718.42,2024-02-08 18:19:38,Cash Deposit
TXN-01341,A-0396,A-0174,49706.83,2026-08-01 11:57:36,NEFT
TXN-01342,A-0057,A-0261,68338.36,2025-04-02 20:04:54,NEFT
TXN-01343,A-0252,A-0028,128432.31,2025-07-29 09:59:54,RTGS
TXN-01344,A-0478,A-0327,53148.59,2025-10-16 00:36:06,NEFT
TXN-01345,A-0324,A-0278,253523.43,2024-06-28 08:54:14,IMPS
TXN-01346,A-0437,A-0056,308261.13,2025-09-24 06:26:35,NEFT
TXN-01347,A-0487,A-0207,227058.44,2025-07-27 11:45:59,UPI
TXN-01348,A-0241,A-0442,114655.25,2026-07-08 09:05:16,Cash Deposit
TXN-01349,A-0339,A-0020,211406.58,2024-05-16 01:43:09,NEFT
TXN-01350,A-0206,A-0023,395073.75,2025-12-09 10:43:23,RTGS
TXN-01351,A-0250,A-0043,289012.96,2025-01-11 17:13:14,UPI
TXN-01352,A-0322,A-0020,439264.68,2026-12-29 05:40:20,NEFT
TXN-01353,A-0332,A-0247,209491.08,2026-08-16 11:24:57,RTGS
TXN-01354,A-0311,A-0361,347745.92,2024-01-01 15:48:41,IMPS
TXN-01355,A-0060,A-0259,410467.6,2026-06-07 22:26:11,UPI
TXN-01356,A-0313,A-0497,201762.6,2026-01-06 13:59:20,UPI
TXN-01357,A-0044,A-0420,288813.43,2025-01-17 20:02:55,UPI
TXN-01358,A-0362,A-0009,251580.0,2026-09-11 11:24:13,IMPS
TXN-01359,A-0113,A-0185,292787.84,2025-05-01 00:48:50,IMPS
TXN-01360,A-0115,A-0102,56885.63,2026-02-11 07:13:02,IMPS
TXN-01361,A-0297,A-0443,314922.18,2024-10-02 18:15:45,Cash Deposit
TXN-01362,A-0297,A-0049,60478.56,2026-11-22 14:43:10,Cash Deposit
TXN-01363,A-0164,A-0332,216272.26,2026-03-19 19:51:35,IMPS
TXN-01364,A-0462,A-0163,479716.15,2025-07-16 21:32:04,IMPS
TXN-01365,A-0342,A-0351,14810.76,2024-12-13 06:16:55,RTGS
TXN-01366,A-0457,A-0390,386992.02,2024-11-09 12:19:05,RTGS
TXN-01367,A-0397,A-0124,99475.99,2024-04-21 00:23:41,IMPS
TXN-01368,A-0274,A-0031,203154.96,2026-07-31 13:24:25,NEFT
TXN-01369,A-0131,A-0382,48885.92,2025-08-16 22:28:05,UPI
TXN-01370,A-0260,A-0266,145485.22,2025-12-13 08:27:55,RTGS
TXN-01371,A-0469,A-0280,446880.48,2025-05-06 03:06:39,NEFT
TXN-01372,A-0226,A-0372,422908.84,2024-12-01 16:29:04,Cash Deposit
TXN-01373,A-0260,A-0402,24018.0,2025-03-05 10:30:21,RTGS
TXN-01374,A-0428,A-0352,469902.39,2025-01-19 05:00:46,RTGS
TXN-01375,A-0041,A-0481,331243.07,2024-07-01 14:03:28,UPI
TXN-01376,A-0461,A-0499,332902.1,2026-10-02 16:27:13,UPI
TXN-01377,A-0004,A-0116,87666.81,2025-08-05 01:34:56,Cash Deposit
TXN-01378,A-0447,A-0113,249303.86,2026-06-13 02:24:17,IMPS
TXN-01379,A-0233,A-0388,237125.79,2025-06-19 03:50:26,RTGS
TXN-01380,A-0034,A-0258,264468.11,2025-07-11 23:15:33,UPI
TXN-01381,A-0406,A-0032,438299.54,2024-02-27 00:33:33,UPI
TXN-01382,A-0117,A-0123,84671.75,2024-04-30 23:14:08,UPI
TXN-01383,A-0142,A-0423,457896.64,2024-02-07 09:17:38,UPI
TXN-01384,A-0048,A-0373,285573.94,2025-05-21 23:23:38,UPI
TXN-01385,A-0182,A-0339,75422.79,2024-06-08 21:07:30,Cash Deposit
TXN-01386,A-0481,A-0076,125277.46,2025-06-29 10:30:25,Cash Deposit
TXN-01387,A-0364,A-0216,189020.24,2025-08-14 11:44:04,RTGS
TXN-01388,A-0375,A-0471,280657.28,2025-09-27 15:31:13,UPI
TXN-01389,A-0192,A-0463,456096.18,2025-02-05 07:30:47,IMPS
TXN-01390,A-0318,A-0390,243949.8,2026-06-26 11:16:15,UPI
TXN-01391,A-0477,A-0323,257913.91,2024-08-01 10:36:47,UPI
TXN-01392,A-0309,A-0095,394280.89,2024-01-31 18:36:05,NEFT
TXN-01393,A-0483,A-0268,174097.62,2024-09-25 13:41:06,UPI
TXN-01394,A-0291,A-0241,401740.05,2026-12-31 23:07:18,RTGS
TXN-01395,A-0194,A-0279,188809.74,2024-05-24 04:56:15,Cash Deposit
TXN-01396,A-0350,A-0316,364963.04,2024-08-30 14:01:07,RTGS
TXN-01397,A-0433,A-0291,434711.63,2024-11-19 16:39:34,UPI
TXN-01398,A-0346,A-0430,212452.18,2026-10-25 23:05:08,Cash Deposit
TXN-01399,A-0182,A-0234,366801.3,2025-08-30 19:37:31,IMPS
TXN-01400,A-0431,A-0306,331972.21,2026-07-10 16:06:15,IMPS
TXN-01401,A-0308,A-0466,217125.8,2026-08-08 17:51:23,NEFT
TXN-01402,A-0355,A-0341,20098.95,2026-11-04 00:34:14,Cash Deposit
TXN-01403,A-0163,A-0018,66987.21,2026-04-22 19:05:44,NEFT
TXN-01404,A-0400,A-0244,283183.03,2025-04-26 08:09:17,IMPS
TXN-01405,A-0240,A-0396,463334.24,2025-08-01 03:23:53,NEFT
TXN-01406,A-0223,A-0256,408053.19,2026-10-21 14:43:17,Cash Deposit
TXN-01407,A-0027,A-0229,409626.87,2025-05-18 23:28:31,IMPS
TXN-01408,A-0134,A-0431,372067.95,2026-04-04 00:06:35,IMPS
TXN-01409,A-0080,A-0042,68081.54,2026-07-30 07:38:59,NEFT
TXN-01410,A-0112,A-0002,399181.29,2025-11-11 18:42:45,RTGS
TXN-01411,A-0299,A-0086,443688.36,2026-11-06 19:07:30,NEFT
TXN-01412,A-0366,A-0398,328448.81,2024-11-16 21:25:25,IMPS
TXN-01413,A-0171,A-0398,309439.26,2026-10-20 14:30:12,NEFT
TXN-01414,A-0029,A-0263,108036.35,2026-12-06 19:34:08,UPI
TXN-01415,A-0225,A-0307,391959.13,2024-05-20 21:53:22,UPI
TXN-01416,A-0214,A-0066,42011.71,2025-01-20 23:38:15,IMPS
TXN-01417,A-0116,A-0396,312514.19,2025-09-19 10:41:23,RTGS
TXN-01418,A-0424,A-0252,2024.75,2025-09-27 16:32:03,RTGS
TXN-01419,A-0498,A-0456,371410.23,2025-08-07 19:42:20,Cash Deposit
TXN-01420,A-0064,A-0058,146926.19,2026-06-19 05:45:55,RTGS
TXN-01421,A-0324,A-0162,128421.64,2026-02-11 08:43:25,Cash Deposit
TXN-01422,A-0192,A-0426,125680.45,2024-04-06 22:27:49,Cash Deposit
TXN-01423,A-0478,A-0073,89660.46,2026-03-13 16:34:17,UPI
TXN-01424,A-0259,A-0311,280041.77,2026-02-16 05:58:09,Cash Deposit
TXN-01425,A-0030,A-0043,423662.31,2025-05-20 05:11:40,IMPS
TXN-01426,A-0448,A-0437,224686.22,2026-03-26 15:25:54,UPI
TXN-01427,A-0347,A-0444,232813.59,2024-06-05 18:35:53,Cash Deposit
TXN-01428,A-0057,A-0004,358048.15,2025-07-02 12:08:47,RTGS
TXN-01429,A-0411,A-0307,238424.87,2024-11-21 01:38:27,UPI
TXN-01430,A-0466,A-0265,86650.74,2024-02-15 05:27:21,NEFT
TXN-01431,A-0054,A-0285,156933.4,2026-03-25 01:10:40,NEFT
TXN-01432,A-0471,A-0160,434087.98,2026-02-27 03:58:04,UPI
TXN-01433,A-0243,A-0122,469168.43,2025-08-27 03:16:23,Cash Deposit
TXN-01434,A-0461,A-0362,139773.4,2025-06-09 03:12:13,IMPS
TXN-01435,A-0187,A-0154,403381.25,2025-11-02 03:07:37,NEFT
TXN-01436,A-0491,A-0127,182406.46,2025-02-26 12:23:19,UPI
TXN-01437,A-0213,A-0407,44018.93,2025-09-09 22:33:45,Cash Deposit
TXN-01438,A-0208,A-0100,191232.47,2024-02-18 07:09:02,NEFT
TXN-01439,A-0263,A-0211,200108.5,2025-09-22 18:31:51,UPI
TXN-01440,A-0028,A-0229,104791.78,2025-08-26 09:32:09,NEFT
TXN-01441,A-0461,A-0412,1219.21,2025-10-11 23:43:09,RTGS
TXN-01442,A-0045,A-0212,199110.28,2026-01-19 08:24:38,Cash Deposit
TXN-01443,A-0011,A-0414,217862.84,2026-03-15 23:42:45,Cash Deposit
TXN-01444,A-0433,A-0414,253883.67,2026-09-09 17:40:28,UPI
TXN-01445,A-0421,A-0434,32720.96,2025-03-01 09:38:20,IMPS
TXN-01446,A-0077,A-0141,468283.48,2025-07-18 19:56:09,IMPS
TXN-01447,A-0395,A-0299,108428.29,2024-05-12 11:31:04,UPI
TXN-01448,A-0293,A-0009,481748.39,2025-06-27 07:08:54,UPI
TXN-01449,A-0427,A-0267,473785.98,2025-07-21 01:25:48,Cash Deposit
TXN-01450,A-0481,A-0107,355705.52,2024-11-10 21:53:00,Cash Deposit
TXN-01451,A-0187,A-0051,458822.92,2025-02-22 05:16:16,UPI
TXN-01452,A-0026,A-0018,327916.3,2025-09-04 22:30:32,UPI
TXN-01453,A-0444,A-0089,489635.02,2026-05-29 10:12:15,NEFT
TXN-01454,A-0495,A-0265,355807.11,2025-06-27 17:11:12,RTGS
TXN-01455,A-0288,A-0051,9087.21,2024-11-20 23:33:38,UPI
TXN-01456,A-0477,A-0311,429482.54,2024-07-13 13:57:05,NEFT
TXN-01457,A-0291,A-0347,122315.65,2024-11-06 23:59:12,Cash Deposit
TXN-01458,A-0066,A-0163,435657.29,2025-03-26 04:52:56,Cash Deposit
TXN-01459,A-0185,A-0251,491186.29,2024-09-02 04:02:45,RTGS
TXN-01460,A-0087,A-0363,371759.75,2025-08-23 20:53:41,NEFT
TXN-01461,A-0262,A-0394,441958.58,2025-03-09 00:05:40,Cash Deposit
TXN-01462,A-0089,A-0446,56781.04,2025-05-04 19:22:11,NEFT
TXN-01463,A-0467,A-0473,182345.1,2024-12-14 09:46:00,Cash Deposit
TXN-01464,A-0253,A-0293,225347.44,2024-07-01 17:58:11,UPI
TXN-01465,A-0350,A-0367,245981.18,2026-06-13 00:17:11,UPI
TXN-01466,A-0049,A-0242,474436.35,2024-10-15 22:18:59,NEFT
TXN-01467,A-0122,A-0117,61873.57,2025-10-30 20:34:15,NEFT
TXN-01468,A-0186,A-0106,123994.9,2024-06-17 13:35:34,Cash Deposit
TXN-01469,A-0086,A-0365,359319.42,2026-07-31 04:59:54,IMPS
TXN-01470,A-0358,A-0425,359512.67,2024-02-15 09:55:38,UPI
TXN-01471,A-0295,A-0130,396790.12,2024-07-31 09:42:05,Cash Deposit
TXN-01472,A-0047,A-0388,83313.15,2026-05-28 20:02:49,RTGS
TXN-01473,A-0276,A-0089,325438.21,2024-06-07 19:31:15,IMPS
TXN-01474,A-0147,A-0198,200388.52,2024-11-25 03:31:22,Cash Deposit
TXN-01475,A-0067,A-0307,106360.93,2026-09-26 00:08:32,Cash Deposit
TXN-01476,A-0437,A-0329,433361.44,2025-08-06 23:26:31,Cash Deposit
TXN-01477,A-0450,A-0119,109242.54,2024-10-16 05:54:43,NEFT
TXN-01478,A-0491,A-0071,428110.87,2025-05-31 05:46:43,NEFT
TXN-01479,A-0232,A-0446,256466.34,2025-03-15 14:17:57,UPI
TXN-01480,A-0082,A-0175,147157.46,2025-05-29 03:47:15,NEFT
TXN-01481,A-0479,A-0267,140416.9,2026-09-20 19:42:55,IMPS
TXN-01482,A-0313,A-0004,233065.49,2025-07-22 09:23:58,UPI
TXN-01483,A-0227,A-0218,136907.84,2025-10-01 07:49:18,UPI
TXN-01484,A-0002,A-0177,150123.85,2026-07-27 21:20:37,UPI
TXN-01485,A-0198,A-0354,377952.75,2025-10-20 06:38:41,NEFT
TXN-01486,A-0091,A-0297,64535.47,2025-05-20 23:00:45,IMPS
TXN-01487,A-0428,A-0138,363570.93,2025-04-20 10:06:46,UPI
TXN-01488,A-0296,A-0487,459573.0,2026-01-25 11:37:25,RTGS
TXN-01489,A-0334,A-0358,159408.15,2026-07-09 17:34:44,IMPS
TXN-01490,A-0253,A-0070,334568.1,2024-09-04 11:43:57,UPI
TXN-01491,A-0467,A-0220,173465.36,2026-05-17 06:28:41,UPI
TXN-01492,A-0054,A-0362,94006.21,2026-05-28 06:18:33,IMPS
TXN-01493,A-0100,A-0338,494445.48,2026-07-07 16:08:56,IMPS
TXN-01494,A-0314,A-0444,463050.06,2025-08-07 19:57:00,NEFT
TXN-01495,A-0145,A-0266,483317.66,2025-05-27 21:16:47,Cash Deposit
TXN-01496,A-0060,A-0179,435814.48,2024-12-18 18:53:26,NEFT
TXN-01497,A-0003,A-0166,67187.84,2026-05-20 20:00:29,UPI
TXN-01498,A-0441,A-0287,88210.1,2024-04-06 18:31:18,Cash Deposit
TXN-01499,A-0329,A-0258,251017.49,2024-01-09 21:37:32,NEFT
TXN-01500,A-0088,A-0019,88879.52,2024-09-21 12:58:36,UPI
TXN-01501,A-0003,A-0332,98167.3,2025-07-14 05:15:00,IMPS
TXN-01502,A-0348,A-0133,41458.85,2026-10-02 20:34:02,UPI
TXN-01503,A-0374,A-0081,65786.3,2026-09-30 21:09:18,RTGS
TXN-01504,A-0006,A-0086,11863.64,2025-10-07 03:09:51,NEFT
TXN-01505,A-0087,A-0246,418843.64,2024-10-05 13:08:52,RTGS
TXN-01506,A-0500,A-0405,124193.03,2026-11-15 19:07:49,RTGS
TXN-01507,A-0354,A-0415,84834.59,2025-05-28 07:42:24,UPI
TXN-01508,A-0119,A-0092,25058.18,2024-12-15 10:54:35,UPI
TXN-01509,A-0439,A-0333,321097.58,2026-08-16 17:14:36,UPI
TXN-01510,A-0120,A-0247,245614.11,2026-12-29 03:47:26,IMPS
TXN-01511,A-0026,A-0459,164217.49,2026-02-16 19:44:13,IMPS
TXN-01512,A-0196,A-0007,445453.35,2026-11-02 18:34:18,RTGS
TXN-01513,A-0408,A-0300,81244.6,2026-01-26 20:58:04,UPI
TXN-01514,A-0278,A-0168,42589.54,2024-08-27 13:02:22,NEFT
TXN-01515,A-0072,A-0331,458234.39,2026-11-10 15:10:10,UPI
TXN-01516,A-0012,A-0494,289134.88,2026-07-24 10:32:58,UPI
TXN-01517,A-0053,A-0399,186953.53,2026-06-24 04:00:15,RTGS
TXN-01518,A-0460,A-0032,148200.44,2025-04-25 14:46:23,RTGS
TXN-01519,A-0369,A-0251,63353.04,2025-05-23 17:09:25,IMPS
TXN-01520,A-0315,A-0345,73422.5,2024-02-13 03:50:50,RTGS
TXN-01521,A-0295,A-0219,260808.53,2026-11-02 10:10:06,NEFT
TXN-01522,A-0138,A-0390,492915.88,2025-04-14 04:55:35,Cash Deposit
TXN-01523,A-0277,A-0472,245374.09,2026-05-23 22:53:26,IMPS
TXN-01524,A-0160,A-0482,345097.45,2025-01-12 20:38:35,IMPS
TXN-01525,A-0345,A-0318,41319.72,2025-10-25 17:39:17,RTGS
TXN-01526,A-0155,A-0225,22711.32,2026-10-14 01:52:45,UPI
TXN-01527,A-0308,A-0416,352529.55,2024-06-19 23:27:17,UPI
TXN-01528,A-0119,A-0188,201105.58,2025-01-21 07:58:17,NEFT
TXN-01529,A-0463,A-0179,312945.12,2024-10-31 04:09:55,Cash Deposit
TXN-01530,A-0092,A-0104,478853.76,2025-06-28 00:24:02,UPI
TXN-01531,A-0191,A-0165,323037.36,2026-12-27 19:46:50,Cash Deposit
TXN-01532,A-0216,A-0127,324706.02,2024-08-13 23:58:40,NEFT
TXN-01533,A-0278,A-0239,55402.78,2024-04-25 13:40:02,IMPS
TXN-01534,A-0156,A-0075,422118.02,2024-08-25 04:05:35,RTGS
TXN-01535,A-0390,A-0257,128766.45,2025-11-23 22:16:32,UPI
TXN-01536,A-0320,A-0076,335871.2,2026-03-02 11:50:30,IMPS
TXN-01537,A-0061,A-0244,197260.91,2025-02-24 08:28:30,Cash Deposit
TXN-01538,A-0217,A-0157,111902.77,2024-09-02 10:08:36,NEFT
TXN-01539,A-0404,A-0231,495612.64,2025-06-24 00:50:40,UPI
TXN-01540,A-0359,A-0048,412975.37,2024-04-28 04:15:45,UPI
TXN-01541,A-0460,A-0210,82731.08,2025-05-22 20:12:55,IMPS
TXN-01542,A-0429,A-0139,192527.07,2025-04-26 05:47:08,IMPS
TXN-01543,A-0495,A-0471,333180.42,2025-10-05 02:55:24,RTGS
TXN-01544,A-0321,A-0337,321045.64,2026-10-23 04:23:15,Cash Deposit
TXN-01545,A-0257,A-0335,32996.89,2025-11-07 11:51:35,Cash Deposit
TXN-01546,A-0307,A-0058,436320.81,2025-12-10 10:22:35,Cash Deposit
TXN-01547,A-0297,A-0286,449164.64,2024-03-24 23:21:17,IMPS
TXN-01548,A-0188,A-0309,477725.88,2025-06-09 19:26:11,NEFT
TXN-01549,A-0015,A-0500,136761.1,2025-08-03 22:27:53,RTGS
TXN-01550,A-0024,A-0312,477998.67,2024-05-22 01:13:05,Cash Deposit
TXN-01551,A-0301,A-0167,270696.61,2026-03-31 22:19:36,RTGS
TXN-01552,A-0275,A-0360,467246.44,2025-03-18 06:51:08,NEFT
TXN-01553,A-0044,A-0204,479747.76,2026-08-21 21:26:54,NEFT
TXN-01554,A-0200,A-0410,9095.66,2026-02-27 10:29:16,NEFT
TXN-01555,A-0363,A-0025,1955.62,2026-07-04 12:38:00,RTGS
TXN-01556,A-0420,A-0295,473214.37,2024-02-25 23:51:55,IMPS
TXN-01557,A-0011,A-0265,188067.11,2024-08-24 02:11:28,UPI
TXN-01558,A-0030,A-0295,312111.62,2024-08-02 16:04:43,IMPS
TXN-01559,A-0051,A-0010,81527.41,2025-10-29 22:02:19,UPI
TXN-01560,A-0277,A-0196,362299.44,2025-11-03 07:49:58,IMPS
TXN-01561,A-0297,A-0140,356541.81,2025-12-25 13:00:41,NEFT
TXN-01562,A-0305,A-0097,182477.87,2024-06-23 19:07:23,Cash Deposit
TXN-01563,A-0198,A-0376,442251.19,2025-11-11 09:19:25,NEFT
TXN-01564,A-0131,A-0471,53444.61,2026-08-04 18:34:12,NEFT
TXN-01565,A-0394,A-0211,257227.21,2026-11-25 19:57:47,UPI
TXN-01566,A-0004,A-0241,335976.21,2026-02-08 22:50:05,NEFT
TXN-01567,A-0031,A-0042,314275.14,2026-08-08 01:26:58,NEFT
TXN-01568,A-0012,A-0252,232385.8,2026-12-11 04:23:36,Cash Deposit
TXN-01569,A-0066,A-0128,168040.65,2024-12-19 11:54:28,RTGS
TXN-01570,A-0279,A-0059,370437.08,2024-06-22 23:33:00,RTGS
TXN-01571,A-0333,A-0060,231950.27,2024-12-04 16:00:55,UPI
TXN-01572,A-0452,A-0186,15221.73,2024-07-14 19:51:42,RTGS
TXN-01573,A-0441,A-0137,131997.59,2025-09-29 04:37:01,Cash Deposit
TXN-01574,A-0223,A-0401,127353.26,2024-02-09 02:13:28,NEFT
TXN-01575,A-0412,A-0177,158125.58,2026-06-27 14:58:29,UPI
TXN-01576,A-0095,A-0174,437319.02,2025-06-09 10:51:33,RTGS
TXN-01577,A-0155,A-0409,332458.4,2026-06-21 20:41:12,IMPS
TXN-01578,A-0045,A-0305,127505.97,2026-03-11 02:19:17,RTGS
TXN-01579,A-0010,A-0497,14511.73,2024-05-16 09:38:06,RTGS
TXN-01580,A-0490,A-0011,465458.1,2025-11-16 11:03:03,IMPS
TXN-01581,A-0160,A-0439,324758.19,2026-05-15 06:11:17,IMPS
TXN-01582,A-0075,A-0425,175007.39,2024-08-12 15:19:41,RTGS
TXN-01583,A-0463,A-0423,397181.0,2026-07-24 07:54:14,UPI
TXN-01584,A-0235,A-0462,371646.27,2026-04-06 14:12:47,Cash Deposit
TXN-01585,A-0183,A-0360,322309.98,2024-11-06 09:20:54,NEFT
TXN-01586,A-0008,A-0496,418963.56,2025-05-07 03:46:43,IMPS
TXN-01587,A-0247,A-0302,202488.84,2026-10-08 00:19:46,IMPS
TXN-01588,A-0402,A-0286,498984.57,2024-05-14 03:43:50,IMPS
TXN-01589,A-0189,A-0388,219112.26,2024-04-29 17:12:50,NEFT
TXN-01590,A-0224,A-0115,337966.05,2025-11-01 01:33:06,RTGS
TXN-01591,A-0216,A-0377,437260.92,2026-11-13 01:46:37,RTGS
TXN-01592,A-0072,A-0075,382126.68,2026-07-30 04:21:37,Cash Deposit
TXN-01593,A-0213,A-0088,323245.92,2025-02-26 22:06:33,IMPS
TXN-01594,A-0093,A-0463,42890.8,2026-05-09 00:02:40,Cash Deposit
TXN-01595,A-0089,A-0440,168217.38,2026-05-03 12:29:58,UPI
TXN-01596,A-0429,A-0460,396586.35,2025-02-21 04:37:48,Cash Deposit
TXN-01597,A-0051,A-0098,397195.18,2025-11-18 23:52:21,NEFT
TXN-01598,A-0423,A-0232,335922.4,2024-01-12 02:59:38,RTGS
TXN-01599,A-0066,A-0110,387433.32,2025-02-18 23:31:27,NEFT
TXN-01600,A-0330,A-0322,83452.66,2024-04-27 01:52:34,NEFT
TXN-01601,A-0023,A-0142,367241.22,2026-03-28 17:09:00,UPI
TXN-01602,A-0400,A-0233,462085.01,2024-07-11 19:49:34,IMPS
TXN-01603,A-0113,A-0120,170390.84,2024-08-19 02:49:20,IMPS
TXN-01604,A-0357,A-0260,425141.62,2025-03-26 11:47:14,NEFT
TXN-01605,A-0487,A-0431,97066.68,2026-08-01 12:21:36,UPI
TXN-01606,A-0398,A-0261,466848.45,2025-06-13 19:46:02,NEFT
TXN-01607,A-0122,A-0194,75759.84,2025-08-12 20:29:15,IMPS
TXN-01608,A-0077,A-0421,182240.0,2026-04-29 09:13:35,RTGS
TXN-01609,A-0240,A-0385,192307.07,2024-05-09 13:46:12,RTGS
TXN-01610,A-0108,A-0368,497376.03,2024-04-06 07:33:16,NEFT
TXN-01611,A-0050,A-0223,233442.55,2026-11-17 01:41:14,UPI
TXN-01612,A-0263,A-0080,168440.53,2024-06-20 12:10:31,IMPS
TXN-01613,A-0497,A-0416,473986.43,2024-06-28 04:52:23,IMPS
TXN-01614,A-0052,A-0092,273298.49,2024-07-31 19:49:59,NEFT
TXN-01615,A-0149,A-0008,287734.35,2024-06-08 17:04:53,UPI
TXN-01616,A-0304,A-0462,496895.04,2025-09-14 09:41:25,IMPS
TXN-01617,A-0323,A-0188,368567.26,2026-08-27 15:54:35,RTGS
TXN-01618,A-0387,A-0365,172239.5,2026-02-10 05:28:51,Cash Deposit
TXN-01619,A-0232,A-0427,243011.36,2024-07-30 03:43:44,NEFT
TXN-01620,A-0023,A-0117,345137.38,2025-09-16 13:21:15,Cash Deposit
TXN-01621,A-0355,A-0138,489766.38,2024-09-07 23:00:45,Cash Deposit
TXN-01622,A-0175,A-0195,360698.2,2025-12-06 22:31:30,NEFT
TXN-01623,A-0107,A-0003,92865.33,2024-04-06 04:45:00,NEFT
TXN-01624,A-0067,A-0119,201508.12,2026-07-10 03:20:01,Cash Deposit
TXN-01625,A-0160,A-0117,368112.9,2025-03-20 07:00:46,IMPS
TXN-01626,A-0470,A-0044,371978.08,2026-07-13 22:49:26,UPI
TXN-01627,A-0034,A-0036,479306.67,2025-10-10 04:51:36,RTGS
TXN-01628,A-0083,A-0227,465609.71,2024-01-18 22:24:37,RTGS
TXN-01629,A-0109,A-0372,406015.78,2024-04-23 15:21:09,Cash Deposit
TXN-01630,A-0323,A-0132,317370.05,2024-09-14 01:43:41,UPI
TXN-01631,A-0373,A-0396,460127.24,2024-07-10 18:09:20,NEFT
TXN-01632,A-0039,A-0021,306469.9,2024-06-08 01:27:38,UPI
TXN-01633,A-0016,A-0490,18415.76,2025-06-21 14:17:07,IMPS
TXN-01634,A-0096,A-0332,292908.09,2024-04-05 11:20:07,Cash Deposit
TXN-01635,A-0461,A-0214,355178.15,2026-12-31 14:34:54,UPI
TXN-01636,A-0011,A-0103,236352.25,2026-01-03 07:39:58,NEFT
TXN-01637,A-0070,A-0236,413097.13,2026-12-20 08:22:39,NEFT
TXN-01638,A-0378,A-0308,170597.24,2024-01-17 06:03:46,NEFT
TXN-01639,A-0093,A-0158,272126.34,2025-07-02 19:15:11,UPI
TXN-01640,A-0252,A-0396,408643.16,2026-04-18 21:47:35,Cash Deposit
TXN-01641,A-0183,A-0237,157571.21,2026-08-26 14:31:25,NEFT
TXN-01642,A-0293,A-0181,283625.94,2024-12-02 20:10:30,IMPS
TXN-01643,A-0217,A-0121,436835.8,2024-05-29 06:03:02,IMPS
TXN-01644,A-0176,A-0351,227061.84,2025-04-29 09:26:09,RTGS
TXN-01645,A-0361,A-0349,203401.84,2024-05-14 02:46:30,RTGS
TXN-01646,A-0136,A-0348,340510.02,2026-08-11 19:48:40,UPI
TXN-01647,A-0286,A-0081,107134.67,2024-10-23 05:56:51,IMPS
TXN-01648,A-0348,A-0139,227322.42,2025-08-16 10:08:15,IMPS
TXN-01649,A-0275,A-0156,392688.97,2026-12-11 12:55:43,Cash Deposit
TXN-01650,A-0399,A-0318,485334.79,2025-09-27 10:58:00,UPI
TXN-01651,A-0359,A-0135,314845.92,2024-12-28 04:17:53,Cash Deposit
TXN-01652,A-0072,A-0318,66687.25,2024-07-09 09:20:49,UPI
TXN-01653,A-0246,A-0033,394755.35,2025-03-25 07:23:25,UPI
TXN-01654,A-0139,A-0120,220616.66,2026-12-31 04:43:13,IMPS
TXN-01655,A-0340,A-0204,106175.08,2024-08-24 04:49:01,RTGS
TXN-01656,A-0181,A-0166,370024.41,2025-06-24 13:21:32,NEFT
TXN-01657,A-0459,A-0172,221024.53,2024-08-16 07:34:22,UPI
TXN-01658,A-0422,A-0212,319454.66,2026-08-17 16:04:15,NEFT
TXN-01659,A-0031,A-0484,13681.94,2026-08-01 20:26:54,RTGS
TXN-01660,A-0314,A-0372,200466.65,2025-03-13 09:17:46,Cash Deposit
TXN-01661,A-0083,A-0027,484292.79,2026-09-07 12:30:44,NEFT
TXN-01662,A-0289,A-0060,291306.47,2024-06-27 23:19:20,NEFT
TXN-01663,A-0282,A-0478,467456.77,2024-11-19 18:49:23,RTGS
TXN-01664,A-0422,A-0043,441735.17,2026-11-10 07:40:25,IMPS
TXN-01665,A-0007,A-0227,250431.1,2025-04-28 22:39:40,RTGS
TXN-01666,A-0327,A-0481,5944.71,2025-10-21 12:22:08,UPI
TXN-01667,A-0201,A-0261,47414.77,2024-08-31 12:35:14,UPI
TXN-01668,A-0136,A-0213,484607.83,2024-09-29 16:46:12,IMPS
TXN-01669,A-0203,A-0395,36163.62,2026-04-13 05:51:47,Cash Deposit
TXN-01670,A-0475,A-0083,155225.84,2026-08-04 06:26:59,RTGS
TXN-01671,A-0425,A-0064,435936.82,2025-09-16 09:47:55,Cash Deposit
TXN-01672,A-0445,A-0423,354875.85,2025-12-19 03:01:56,IMPS
TXN-01673,A-0304,A-0309,102199.13,2026-07-15 12:29:11,UPI
TXN-01674,A-0036,A-0152,374921.26,2025-06-15 14:00:53,NEFT
TXN-01675,A-0279,A-0134,142317.17,2025-10-20 11:48:30,UPI
TXN-01676,A-0046,A-0065,37160.98,2024-10-18 05:05:22,RTGS
TXN-01677,A-0499,A-0352,480093.06,2026-12-03 23:33:29,IMPS
TXN-01678,A-0287,A-0052,64507.16,2025-02-22 02:52:21,UPI
TXN-01679,A-0492,A-0184,277060.46,2025-05-16 02:02:08,RTGS
TXN-01680,A-0317,A-0365,498600.73,2025-04-24 00:51:59,NEFT
TXN-01681,A-0335,A-0473,356269.67,2025-01-14 05:31:02,NEFT
TXN-01682,A-0368,A-0489,404801.59,2025-09-24 02:30:55,Cash Deposit
TXN-01683,A-0209,A-0469,410145.06,2026-06-17 01:39:40,Cash Deposit
TXN-01684,A-0446,A-0272,79872.81,2025-02-16 19:56:00,NEFT
TXN-01685,A-0194,A-0363,145116.62,2026-04-17 16:19:28,UPI
TXN-01686,A-0342,A-0004,111080.83,2026-09-11 17:45:28,IMPS
TXN-01687,A-0298,A-0338,182990.98,2026-04-18 06:44:45,RTGS
TXN-01688,A-0180,A-0303,70989.6,2024-02-07 04:11:46,NEFT
TXN-01689,A-0187,A-0171,59523.43,2025-01-21 01:53:09,IMPS
TXN-01690,A-0114,A-0130,364565.63,2025-02-10 15:42:57,Cash Deposit
TXN-01691,A-0220,A-0298,31237.05,2025-03-31 16:55:49,Cash Deposit
TXN-01692,A-0325,A-0169,145589.92,2026-06-09 10:51:57,NEFT
TXN-01693,A-0323,A-0045,88155.2,2025-07-02 18:45:04,UPI
TXN-01694,A-0038,A-0318,476264.13,2025-06-17 12:01:56,Cash Deposit
TXN-01695,A-0093,A-0010,160473.49,2025-12-11 13:39:09,NEFT
TXN-01696,A-0084,A-0052,453191.77,2026-03-23 23:37:24,RTGS
TXN-01697,A-0430,A-0167,898.6,2025-12-21 11:32:57,Cash Deposit
TXN-01698,A-0422,A-0474,7364.94,2025-08-06 13:22:34,RTGS
TXN-01699,A-0418,A-0107,231559.63,2026-03-13 01:57:29,NEFT
TXN-01700,A-0287,A-0258,288513.96,2025-07-31 21:03:09,RTGS
TXN-01701,A-0077,A-0407,483906.13,2026-12-25 23:05:34,Cash Deposit
TXN-01702,A-0449,A-0199,264446.54,2026-11-01 21:03:44,UPI
TXN-01703,A-0016,A-0205,265352.67,2025-11-28 06:33:16,IMPS
TXN-01704,A-0489,A-0160,157348.33,2025-02-04 01:09:52,NEFT
TXN-01705,A-0383,A-0218,434133.25,2024-07-30 09:16:09,UPI
TXN-01706,A-0222,A-0425,222861.15,2025-04-23 23:45:38,Cash Deposit
TXN-01707,A-0327,A-0083,352872.08,2026-10-14 09:29:30,UPI
TXN-01708,A-0024,A-0448,92010.99,2025-12-16 01:55:39,RTGS
TXN-01709,A-0151,A-0412,285277.1,2024-01-10 16:06:45,NEFT
TXN-01710,A-0309,A-0466,367226.61,2026-06-25 17:14:46,RTGS
TXN-01711,A-0433,A-0043,254154.79,2024-04-06 09:33:37,RTGS
TXN-01712,A-0052,A-0481,12851.82,2025-12-13 21:45:24,IMPS
TXN-01713,A-0443,A-0136,278286.7,2024-12-15 10:46:25,Cash Deposit
TXN-01714,A-0268,A-0145,52822.44,2024-03-31 11:13:31,IMPS
TXN-01715,A-0256,A-0496,3670.59,2024-08-01 09:28:35,RTGS
TXN-01716,A-0441,A-0388,244236.71,2026-11-27 16:51:19,RTGS
TXN-01717,A-0389,A-0179,349215.72,2024-06-07 11:46:11,Cash Deposit
TXN-01718,A-0313,A-0302,295971.39,2024-11-24 04:52:17,NEFT
TXN-01719,A-0234,A-0324,32001.55,2024-03-10 22:53:05,RTGS
TXN-01720,A-0269,A-0145,349535.33,2024-01-29 11:13:10,Cash Deposit
TXN-01721,A-0354,A-0121,390458.36,2025-04-15 00:25:02,RTGS
TXN-01722,A-0159,A-0242,51686.26,2024-07-23 11:05:46,IMPS
TXN-01723,A-0336,A-0415,151338.39,2025-01-15 18:15:04,Cash Deposit
TXN-01724,A-0451,A-0484,410797.26,2026-02-17 17:51:08,Cash Deposit
TXN-01725,A-0143,A-0053,121384.74,2026-06-06 12:14:16,Cash Deposit
TXN-01726,A-0144,A-0470,381778.85,2026-04-15 13:39:21,Cash Deposit
TXN-01727,A-0285,A-0176,342092.75,2026-05-08 07:29:57,UPI
TXN-01728,A-0194,A-0152,34498.13,2025-04-29 14:27:24,UPI
TXN-01729,A-0049,A-0491,184842.46,2026-04-09 18:51:25,IMPS
TXN-01730,A-0450,A-0071,452823.81,2025-09-28 02:34:48,UPI
TXN-01731,A-0221,A-0268,245599.68,2026-10-08 10:57:06,NEFT
TXN-01732,A-0162,A-0209,366183.41,2025-05-22 09:56:07,NEFT
TXN-01733,A-0089,A-0167,61718.27,2024-06-28 00:21:59,UPI
TXN-01734,A-0014,A-0085,346966.42,2026-12-07 07:23:42,IMPS
TXN-01735,A-0293,A-0342,38743.33,2024-05-18 09:49:31,UPI
TXN-01736,A-0046,A-0380,403405.98,2024-09-21 01:39:16,Cash Deposit
TXN-01737,A-0416,A-0157,350284.3,2026-08-15 09:24:03,UPI
TXN-01738,A-0161,A-0352,218378.23,2026-08-30 20:42:15,RTGS
TXN-01739,A-0446,A-0416,94814.99,2025-07-15 04:42:48,RTGS
TXN-01740,A-0029,A-0096,129147.68,2024-05-18 06:17:30,RTGS
TXN-01741,A-0079,A-0135,254707.71,2026-09-05 00:19:06,UPI
TXN-01742,A-0384,A-0256,90630.54,2024-03-29 21:17:13,RTGS
TXN-01743,A-0330,A-0403,134978.0,2026-01-13 16:20:00,NEFT
TXN-01744,A-0210,A-0356,165370.6,2025-08-13 05:57:21,NEFT
TXN-01745,A-0347,A-0159,473690.06,2026-08-03 02:12:43,Cash Deposit
TXN-01746,A-0320,A-0450,159543.27,2024-08-09 22:54:42,IMPS
TXN-01747,A-0205,A-0208,313114.3,2026-06-12 22:05:02,UPI
TXN-01748,A-0248,A-0397,229826.76,2024-12-22 20:48:55,NEFT
TXN-01749,A-0402,A-0386,360224.42,2025-04-27 04:13:42,RTGS
TXN-01750,A-0332,A-0225,439762.81,2024-02-22 18:31:25,NEFT
TXN-01751,A-0107,A-0424,175527.53,2025-09-11 10:04:19,RTGS
TXN-01752,A-0226,A-0485,274694.46,2026-01-07 01:42:13,RTGS
TXN-01753,A-0458,A-0335,477227.44,2024-02-11 07:19:22,IMPS
TXN-01754,A-0200,A-0359,478209.25,2026-10-24 01:40:18,RTGS
TXN-01755,A-0156,A-0143,225642.41,2024-01-04 05:35:37,NEFT
TXN-01756,A-0215,A-0355,189578.61,2024-09-27 23:59:39,IMPS
TXN-01757,A-0317,A-0460,342483.33,2025-08-29 03:57:39,IMPS
TXN-01758,A-0414,A-0500,28087.69,2026-07-26 21:49:33,IMPS
TXN-01759,A-0234,A-0168,117601.19,2024-06-16 12:36:19,Cash Deposit
TXN-01760,A-0325,A-0311,447029.04,2024-12-07 14:35:33,UPI
TXN-01761,A-0429,A-0389,447999.17,2026-06-02 00:46:01,NEFT
TXN-01762,A-0128,A-0350,6183.67,2026-11-25 05:20:09,UPI
TXN-01763,A-0008,A-0350,236557.68,2024-12-18 21:37:46,UPI
TXN-01764,A-0216,A-0327,69890.47,2026-09-13 20:06:26,IMPS
TXN-01765,A-0217,A-0161,2880.84,2025-10-04 07:22:26,NEFT
TXN-01766,A-0077,A-0093,64327.8,2024-12-14 04:24:12,RTGS
TXN-01767,A-0053,A-0205,397530.39,2024-02-12 07:27:23,IMPS
TXN-01768,A-0420,A-0275,358588.1,2025-03-20 06:21:15,NEFT
TXN-01769,A-0117,A-0086,113138.24,2026-10-10 05:13:46,IMPS
TXN-01770,A-0071,A-0138,424904.78,2024-05-26 14:16:12,RTGS
TXN-01771,A-0110,A-0285,333910.63,2026-12-11 23:27:26,IMPS
TXN-01772,A-0388,A-0279,468839.58,2025-07-09 19:43:53,NEFT
TXN-01773,A-0344,A-0085,63888.54,2025-03-15 06:58:27,RTGS
TXN-01774,A-0481,A-0373,377282.32,2025-09-08 15:28:22,Cash Deposit
TXN-01775,A-0062,A-0309,23175.93,2026-06-29 02:57:07,UPI
TXN-01776,A-0393,A-0261,73780.09,2026-03-30 07:09:55,UPI
TXN-01777,A-0123,A-0330,468417.83,2025-04-09 16:14:30,IMPS
TXN-01778,A-0367,A-0484,389681.78,2024-12-31 02:56:15,IMPS
TXN-01779,A-0339,A-0183,223576.18,2025-09-10 09:22:12,NEFT
TXN-01780,A-0245,A-0015,495270.25,2024-04-15 09:37:00,RTGS
TXN-01781,A-0471,A-0349,386249.7,2026-10-05 09:35:20,NEFT
TXN-01782,A-0466,A-0090,341609.52,2025-12-03 22:19:48,Cash Deposit
TXN-01783,A-0103,A-0017,126906.43,2025-03-23 17:53:57,IMPS
TXN-01784,A-0332,A-0027,391753.43,2026-12-10 07:43:10,Cash Deposit
TXN-01785,A-0430,A-0138,367242.22,2025-03-31 05:16:53,UPI
TXN-01786,A-0205,A-0338,391023.11,2024-01-10 23:35:49,NEFT
TXN-01787,A-0002,A-0328,121960.5,2026-07-20 17:44:59,Cash Deposit
TXN-01788,A-0383,A-0341,380346.65,2026-02-20 17:35:05,RTGS
TXN-01789,A-0183,A-0298,452454.59,2026-11-28 16:05:03,UPI
TXN-01790,A-0373,A-0376,420322.18,2025-10-11 17:01:56,NEFT
TXN-01791,A-0120,A-0171,106329.98,2025-03-31 18:15:37,RTGS
TXN-01792,A-0495,A-0020,267315.98,2025-01-12 08:58:48,RTGS
TXN-01793,A-0469,A-0492,163597.69,2025-08-19 02:02:22,RTGS
TXN-01794,A-0375,A-0149,381149.92,2026-07-28 13:49:43,RTGS
TXN-01795,A-0087,A-0238,77117.81,2026-12-10 04:21:42,UPI
TXN-01796,A-0237,A-0311,140291.94,2026-03-31 05:38:02,UPI
TXN-01797,A-0451,A-0295,80368.16,2025-12-24 05:45:45,NEFT
TXN-01798,A-0387,A-0233,58362.96,2025-11-02 15:32:07,Cash Deposit
TXN-01799,A-0367,A-0126,27656.38,2026-07-03 05:30:21,Cash Deposit
TXN-01800,A-0436,A-0373,56613.59,2024-02-16 02:19:01,IMPS
TXN-01801,A-0327,A-0170,227608.82,2025-11-12 14:15:08,IMPS
TXN-01802,A-0246,A-0127,22046.32,2026-01-24 04:04:24,Cash Deposit
TXN-01803,A-0233,A-0367,130580.7,2025-09-13 10:49:00,RTGS
TXN-01804,A-0405,A-0311,493883.38,2026-11-06 20:31:19,Cash Deposit
TXN-01805,A-0486,A-0064,314128.69,2026-03-27 17:46:29,RTGS
TXN-01806,A-0459,A-0432,117903.56,2026-11-21 01:54:16,NEFT
TXN-01807,A-0147,A-0385,337417.93,2024-10-04 07:58:39,UPI
TXN-01808,A-0471,A-0005,151670.63,2025-03-15 08:10:06,RTGS
TXN-01809,A-0246,A-0413,353575.56,2024-09-03 11:39:22,UPI
TXN-01810,A-0415,A-0101,388759.97,2025-02-01 01:59:39,NEFT
TXN-01811,A-0261,A-0483,375875.38,2024-01-21 06:55:52,IMPS
TXN-01812,A-0106,A-0054,367960.57,2025-05-25 16:03:25,UPI
TXN-01813,A-0078,A-0478,397477.41,2026-01-26 01:02:59,IMPS
TXN-01814,A-0283,A-0461,429149.3,2026-11-20 22:49:35,RTGS
TXN-01815,A-0056,A-0395,282793.24,2026-10-18 13:17:18,RTGS
TXN-01816,A-0237,A-0117,321250.85,2024-10-09 06:27:34,NEFT
TXN-01817,A-0448,A-0427,19977.52,2026-09-12 19:07:16,RTGS
TXN-01818,A-0074,A-0465,441332.24,2026-12-04 08:33:59,RTGS
TXN-01819,A-0433,A-0277,437174.71,2026-03-22 07:40:12,UPI
TXN-01820,A-0323,A-0020,16098.59,2026-05-09 06:29:58,Cash Deposit
TXN-01821,A-0426,A-0236,453944.98,2026-04-29 07:09:18,NEFT
TXN-01822,A-0278,A-0033,34166.96,2026-03-04 21:04:24,RTGS
TXN-01823,A-0387,A-0132,20013.61,2026-03-15 17:27:52,Cash Deposit
TXN-01824,A-0358,A-0314,136646.58,2026-04-13 09:20:06,IMPS
TXN-01825,A-0301,A-0033,175855.23,2024-09-02 19:52:07,UPI
TXN-01826,A-0055,A-0176,220455.54,2025-06-22 06:03:40,NEFT
TXN-01827,A-0166,A-0172,7859.12,2026-07-29 08:19:17,UPI
TXN-01828,A-0259,A-0383,247417.25,2024-04-05 19:07:48,IMPS
TXN-01829,A-0258,A-0155,8741.85,2024-12-25 08:09:53,NEFT
TXN-01830,A-0329,A-0375,242655.02,2026-08-31 06:32:33,IMPS
TXN-01831,A-0082,A-0059,243832.88,2025-12-05 06:07:04,NEFT
TXN-01832,A-0124,A-0036,111192.34,2024-09-03 09:41:58,UPI
TXN-01833,A-0373,A-0198,271298.81,2026-02-24 08:30:52,Cash Deposit
TXN-01834,A-0237,A-0225,219866.08,2026-01-18 21:13:00,Cash Deposit
TXN-01835,A-0226,A-0239,286130.02,2024-08-12 23:47:34,IMPS
TXN-01836,A-0209,A-0014,351376.45,2025-12-22 06:52:12,IMPS
TXN-01837,A-0488,A-0202,453250.49,2025-11-09 23:14:38,IMPS
TXN-01838,A-0460,A-0389,190802.18,2024-05-04 22:20:46,RTGS
TXN-01839,A-0119,A-0133,390755.93,2026-12-29 15:53:52,RTGS
TXN-01840,A-0259,A-0251,347670.09,2024-07-11 15:33:00,Cash Deposit
TXN-01841,A-0404,A-0082,47133.56,2024-09-14 20:34:04,Cash Deposit
TXN-01842,A-0246,A-0385,384378.78,2025-01-30 14:11:04,IMPS
TXN-01843,A-0124,A-0388,455021.94,2024-01-05 19:47:46,UPI
TXN-01844,A-0401,A-0007,241325.85,2024-02-17 01:09:48,Cash Deposit
TXN-01845,A-0277,A-0122,415968.59,2024-08-27 18:52:29,NEFT
TXN-01846,A-0376,A-0210,319864.74,2025-02-20 17:21:08,UPI
TXN-01847,A-0301,A-0277,104284.33,2026-09-19 01:44:07,NEFT
TXN-01848,A-0096,A-0163,44684.15,2024-04-25 18:45:29,NEFT
TXN-01849,A-0119,A-0320,237632.85,2024-11-03 05:51:29,IMPS
TXN-01850,A-0333,A-0150,330075.73,2026-01-26 09:39:05,IMPS
TXN-01851,A-0372,A-0496,456135.06,2025-08-03 10:18:39,NEFT
TXN-01852,A-0228,A-0266,418287.19,2026-10-09 21:50:04,IMPS
TXN-01853,A-0145,A-0409,461133.09,2026-06-15 16:44:15,UPI
TXN-01854,A-0234,A-0160,462741.35,2024-02-18 14:51:22,RTGS
TXN-01855,A-0199,A-0231,433718.35,2025-06-18 04:34:31,Cash Deposit
TXN-01856,A-0062,A-0112,304833.77,2026-08-25 15:37:19,RTGS
TXN-01857,A-0445,A-0085,188229.86,2025-01-26 16:28:48,RTGS
TXN-01858,A-0068,A-0163,272530.34,2025-02-22 01:04:55,RTGS
TXN-01859,A-0441,A-0395,15026.21,2026-10-08 20:31:28,UPI
TXN-01860,A-0091,A-0257,473257.12,2024-06-06 06:24:52,NEFT
TXN-01861,A-0460,A-0208,399111.87,2025-03-20 11:30:27,RTGS
TXN-01862,A-0058,A-0188,37944.46,2026-06-08 17:24:45,NEFT
TXN-01863,A-0492,A-0463,85649.64,2026-03-07 06:14:20,IMPS
TXN-01864,A-0388,A-0429,100288.94,2024-07-28 22:07:50,IMPS
TXN-01865,A-0215,A-0067,145659.12,2026-11-05 10:29:26,Cash Deposit
TXN-01866,A-0345,A-0094,127443.6,2025-01-11 18:12:22,UPI
TXN-01867,A-0444,A-0086,29655.9,2025-12-27 04:49:46,IMPS
TXN-01868,A-0126,A-0096,490138.5,2024-04-05 20:28:49,RTGS
TXN-01869,A-0081,A-0257,146169.3,2024-08-29 05:35:17,RTGS
TXN-01870,A-0204,A-0338,455891.57,2026-05-07 15:41:37,Cash Deposit
TXN-01871,A-0263,A-0106,485775.45,2024-02-23 07:01:03,Cash Deposit
TXN-01872,A-0087,A-0306,307708.5,2025-06-29 01:49:40,NEFT
TXN-01873,A-0449,A-0244,106953.02,2025-12-18 02:55:34,Cash Deposit
TXN-01874,A-0454,A-0456,265458.07,2026-12-31 09:23:19,IMPS
TXN-01875,A-0378,A-0335,368272.17,2024-07-27 21:40:48,Cash Deposit
TXN-01876,A-0289,A-0315,145639.35,2024-07-23 20:15:56,IMPS
TXN-01877,A-0035,A-0320,254621.45,2024-11-10 00:06:15,IMPS
TXN-01878,A-0319,A-0384,125244.25,2026-05-23 12:45:11,RTGS
TXN-01879,A-0173,A-0047,186918.4,2025-06-21 01:25:39,Cash Deposit
TXN-01880,A-0277,A-0149,403342.35,2025-12-11 23:04:36,RTGS
TXN-01881,A-0434,A-0110,467915.94,2025-05-31 01:59:04,UPI
TXN-01882,A-0025,A-0428,432347.74,2026-08-03 13:14:14,RTGS
TXN-01883,A-0232,A-0363,70026.08,2026-08-28 05:59:33,IMPS
TXN-01884,A-0242,A-0403,64815.67,2025-10-19 01:43:21,NEFT
TXN-01885,A-0173,A-0316,331213.6,2025-05-23 04:17:00,NEFT
TXN-01886,A-0491,A-0244,134904.58,2024-12-11 13:34:26,IMPS
TXN-01887,A-0347,A-0399,312785.62,2026-01-19 11:27:47,NEFT
TXN-01888,A-0349,A-0007,158940.39,2026-07-16 20:59:32,NEFT
TXN-01889,A-0170,A-0129,483402.82,2026-05-26 17:05:27,NEFT
TXN-01890,A-0122,A-0317,333650.39,2026-02-07 16:04:58,RTGS
TXN-01891,A-0098,A-0289,160010.86,2024-01-23 16:09:30,UPI
TXN-01892,A-0209,A-0104,213393.24,2024-01-10 14:35:15,Cash Deposit
TXN-01893,A-0387,A-0248,304637.14,2025-09-04 00:28:26,RTGS
TXN-01894,A-0429,A-0439,104708.13,2024-03-19 16:42:40,NEFT
TXN-01895,A-0087,A-0317,195389.72,2024-08-16 18:11:14,RTGS
TXN-01896,A-0008,A-0112,143212.26,2026-03-30 02:30:33,IMPS
TXN-01897,A-0156,A-0129,297749.7,2024-02-21 06:38:15,RTGS
TXN-01898,A-0186,A-0196,332814.65,2025-11-12 00:42:13,IMPS
TXN-01899,A-0383,A-0268,150725.83,2025-07-29 20:24:13,IMPS
TXN-01900,A-0293,A-0092,112348.48,2024-09-16 19:34:43,IMPS
TXN-01901,A-0366,A-0206,67847.27,2024-03-10 04:52:12,RTGS
TXN-01902,A-0120,A-0500,41462.95,2025-12-31 02:19:53,Cash Deposit
TXN-01903,A-0396,A-0154,203363.34,2026-11-12 23:06:36,Cash Deposit
TXN-01904,A-0319,A-0125,269673.18,2024-04-04 12:44:50,Cash Deposit
TXN-01905,A-0494,A-0018,330726.7,2026-08-29 00:13:02,IMPS
TXN-01906,A-0118,A-0173,187603.09,2024-08-02 17:43:43,NEFT
TXN-01907,A-0042,A-0225,464670.97,2024-11-24 15:22:04,UPI
TXN-01908,A-0451,A-0496,336833.56,2024-03-09 19:42:05,IMPS
TXN-01909,A-0168,A-0204,38663.47,2025-02-15 23:29:02,IMPS
TXN-01910,A-0229,A-0350,383342.85,2026-03-24 03:47:09,Cash Deposit
TXN-01911,A-0172,A-0026,355876.85,2026-12-16 19:29:39,RTGS
TXN-01912,A-0250,A-0185,407261.69,2025-11-17 18:24:34,NEFT
TXN-01913,A-0455,A-0243,466600.95,2026-09-03 19:37:11,UPI
TXN-01914,A-0219,A-0365,317653.7,2026-05-08 18:44:57,RTGS
TXN-01915,A-0208,A-0169,287396.97,2024-06-08 03:49:07,RTGS
TXN-01916,A-0284,A-0229,151721.35,2025-08-08 23:26:41,Cash Deposit
TXN-01917,A-0100,A-0406,237620.18,2025-01-05 03:02:24,Cash Deposit
TXN-01918,A-0261,A-0392,159364.5,2025-10-23 10:40:53,IMPS
TXN-01919,A-0459,A-0245,198714.48,2026-08-04 00:51:00,RTGS
TXN-01920,A-0395,A-0327,276281.6,2025-12-01 12:21:11,RTGS
TXN-01921,A-0343,A-0098,395777.52,2025-10-01 19:40:17,Cash Deposit
TXN-01922,A-0146,A-0386,426843.65,2025-04-19 06:04:00,IMPS
TXN-01923,A-0158,A-0043,213180.91,2024-05-25 11:42:52,NEFT
TXN-01924,A-0243,A-0233,465232.49,2024-04-14 03:04:28,IMPS
TXN-01925,A-0419,A-0484,195176.24,2026-02-23 05:53:34,RTGS
TXN-01926,A-0290,A-0276,28890.39,2024-06-15 19:39:16,IMPS
TXN-01927,A-0065,A-0231,23021.21,2024-11-02 00:57:55,IMPS
TXN-01928,A-0131,A-0204,211472.98,2025-05-02 03:42:41,IMPS
TXN-01929,A-0478,A-0366,200162.73,2026-04-17 01:25:21,Cash Deposit
TXN-01930,A-0325,A-0159,119757.63,2025-02-15 05:50:57,IMPS
TXN-01931,A-0169,A-0356,260596.73,2025-03-07 18:45:33,NEFT
TXN-01932,A-0117,A-0335,290931.34,2024-07-01 09:35:27,NEFT
TXN-01933,A-0184,A-0436,162685.36,2025-08-07 18:36:46,RTGS
TXN-01934,A-0352,A-0085,87341.9,2026-10-24 22:56:38,UPI
TXN-01935,A-0482,A-0480,217668.67,2026-03-17 15:38:33,NEFT
TXN-01936,A-0133,A-0256,17964.85,2026-07-07 03:11:30,UPI
TXN-01937,A-0011,A-0078,20105.52,2024-06-17 00:00:15,NEFT
TXN-01938,A-0459,A-0086,204969.7,2026-05-06 14:32:02,UPI
TXN-01939,A-0239,A-0288,358905.61,2024-01-27 18:30:01,Cash Deposit
TXN-01940,A-0408,A-0132,459500.61,2025-09-23 22:45:12,RTGS
TXN-01941,A-0458,A-0036,476719.3,2026-03-12 05:13:47,Cash Deposit
TXN-01942,A-0399,A-0212,74285.25,2025-12-08 00:07:41,RTGS
TXN-01943,A-0391,A-0152,31683.08,2024-11-27 12:54:21,UPI
TXN-01944,A-0079,A-0069,478338.87,2024-08-26 13:09:49,IMPS
TXN-01945,A-0104,A-0234,490106.96,2025-11-02 21:19:01,NEFT
TXN-01946,A-0500,A-0247,232266.47,2024-05-29 21:33:59,Cash Deposit
TXN-01947,A-0382,A-0202,84026.5,2024-08-26 13:41:18,NEFT
TXN-01948,A-0311,A-0386,265495.0,2025-01-23 07:44:26,UPI
TXN-01949,A-0420,A-0343,441413.12,2024-04-09 17:16:21,UPI
TXN-01950,A-0060,A-0225,154599.8,2026-08-02 10:41:33,UPI
TXN-01951,A-0277,A-0114,455130.06,2025-08-29 20:21:25,IMPS
TXN-01952,A-0295,A-0060,5260.36,2026-09-25 11:46:33,RTGS
TXN-01953,A-0389,A-0439,464360.34,2025-02-18 03:27:53,NEFT
TXN-01954,A-0114,A-0060,136718.81,2025-10-15 08:14:16,Cash Deposit
TXN-01955,A-0194,A-0089,143716.29,2024-07-30 17:50:28,UPI
TXN-01956,A-0430,A-0386,174543.87,2025-03-29 16:28:34,IMPS
TXN-01957,A-0055,A-0195,366546.91,2025-07-27 20:25:48,Cash Deposit
TXN-01958,A-0356,A-0197,280075.34,2026-12-17 21:01:59,NEFT
TXN-01959,A-0313,A-0368,476668.94,2026-07-18 07:00:54,NEFT
TXN-01960,A-0228,A-0271,80101.51,2026-03-16 01:10:12,RTGS
TXN-01961,A-0149,A-0357,443611.9,2026-04-26 07:50:39,IMPS
TXN-01962,A-0472,A-0183,71011.9,2024-02-04 02:28:36,RTGS
TXN-01963,A-0344,A-0411,462241.9,2024-06-14 09:33:32,RTGS
TXN-01964,A-0367,A-0302,161128.07,2025-12-13 04:42:12,IMPS
TXN-01965,A-0296,A-0188,42449.39,2025-04-29 00:16:29,RTGS
TXN-01966,A-0199,A-0187,365327.25,2025-07-10 20:43:35,UPI
TXN-01967,A-0173,A-0406,180733.71,2025-08-16 09:19:39,RTGS
TXN-01968,A-0291,A-0052,74333.46,2025-06-16 11:23:51,UPI
TXN-01969,A-0003,A-0071,380717.64,2024-03-17 23:17:52,RTGS
TXN-01970,A-0280,A-0342,315975.02,2026-09-02 00:03:35,UPI
TXN-01971,A-0127,A-0429,423905.31,2026-05-29 00:48:26,NEFT
TXN-01972,A-0035,A-0073,17428.54,2024-07-22 00:13:26,Cash Deposit
TXN-01973,A-0278,A-0249,72562.36,2026-08-23 12:52:36,UPI
TXN-01974,A-0460,A-0031,275839.95,2026-12-13 10:21:18,IMPS
TXN-01975,A-0154,A-0090,353950.5,2025-12-11 12:03:24,RTGS
TXN-01976,A-0197,A-0417,83115.15,2024-10-18 06:39:21,UPI
TXN-01977,A-0488,A-0383,141964.17,2025-10-21 09:41:41,UPI
TXN-01978,A-0236,A-0046,481729.49,2024-02-06 12:38:27,Cash Deposit
TXN-01979,A-0255,A-0110,108644.28,2024-10-21 22:34:31,Cash Deposit
TXN-01980,A-0387,A-0294,494690.74,2024-03-08 16:57:10,Cash Deposit
TXN-01981,A-0129,A-0348,246489.96,2026-11-23 23:31:28,NEFT
TXN-01982,A-0172,A-0389,473520.84,2026-12-10 06:50:29,RTGS
TXN-01983,A-0342,A-0454,231328.1,2025-11-14 03:00:29,IMPS
TXN-01984,A-0326,A-0072,232590.25,2024-04-21 11:04:27,UPI
TXN-01985,A-0021,A-0157,348992.01,2026-12-03 07:06:49,Cash Deposit
TXN-01986,A-0201,A-0067,438891.47,2026-08-04 09:03:12,IMPS
TXN-01987,A-0176,A-0110,421374.72,2024-11-18 16:44:59,IMPS
TXN-01988,A-0111,A-0286,348529.38,2025-04-24 05:40:45,Cash Deposit
TXN-01989,A-0391,A-0409,168981.78,2024-11-26 04:38:31,Cash Deposit
TXN-01990,A-0447,A-0402,264982.21,2025-03-02 11:04:16,Cash Deposit
TXN-01991,A-0121,A-0462,428491.65,2024-10-07 08:26:34,UPI
TXN-01992,A-0134,A-0459,212307.36,2026-04-21 09:20:34,IMPS
TXN-01993,A-0475,A-0399,265349.98,2024-03-02 09:03:52,RTGS
TXN-01994,A-0168,A-0379,270946.75,2025-08-27 03:05:52,NEFT
TXN-01995,A-0032,A-0109,422467.9,2026-10-10 03:49:38,UPI
TXN-01996,A-0355,A-0477,377930.73,2024-02-10 10:03:28,NEFT
TXN-01997,A-0112,A-0019,292163.9,2026-01-14 01:34:25,UPI
TXN-01998,A-0419,A-0298,20992.17,2025-05-09 09:15:14,RTGS
TXN-01999,A-0430,A-0210,364666.53,2024-02-10 01:59:48,Cash Deposit
TXN-02000,A-0450,A-0490,146218.91,2026-04-07 18:20:37,RTGS
TXN-02001,A-0201,A-0192,335495.94,2025-11-01 18:59:03,NEFT
TXN-02002,A-0084,A-0180,220202.44,2025-01-14 16:54:28,RTGS
TXN-02003,A-0181,A-0240,346715.42,2025-11-18 13:20:00,IMPS
TXN-02004,A-0160,A-0497,88115.62,2024-10-16 21:09:54,Cash Deposit
TXN-02005,A-0175,A-0012,105488.63,2024-06-26 21:57:16,IMPS
TXN-02006,A-0067,A-0363,156411.6,2026-04-15 16:03:52,IMPS
TXN-02007,A-0071,A-0440,45541.51,2025-01-18 06:18:06,Cash Deposit
TXN-02008,A-0030,A-0314,95853.77,2025-12-28 06:21:36,UPI
TXN-02009,A-0500,A-0141,344680.15,2026-07-10 02:45:24,NEFT
TXN-02010,A-0383,A-0012,228542.45,2025-03-31 11:34:56,Cash Deposit
TXN-02011,A-0231,A-0319,88820.16,2025-03-27 04:22:35,UPI
TXN-02012,A-0149,A-0302,191934.57,2025-05-17 18:50:08,NEFT
TXN-02013,A-0193,A-0076,459977.63,2025-04-14 02:28:31,IMPS
TXN-02014,A-0328,A-0180,365797.08,2025-02-21 07:56:25,NEFT
TXN-02015,A-0324,A-0153,325264.26,2026-09-16 17:02:12,NEFT
TXN-02016,A-0032,A-0448,488252.55,2026-06-08 11:39:39,IMPS
TXN-02017,A-0261,A-0074,495640.84,2026-07-18 15:41:45,IMPS
TXN-02018,A-0473,A-0416,293595.92,2026-03-06 22:38:49,UPI
TXN-02019,A-0177,A-0347,317864.77,2026-09-29 07:58:36,NEFT
TXN-02020,A-0365,A-0252,499732.91,2026-11-10 11:40:34,UPI
TXN-02021,A-0471,A-0138,432146.63,2025-09-30 23:12:44,RTGS
TXN-02022,A-0269,A-0438,266299.5,2025-02-12 14:51:48,Cash Deposit
TXN-02023,A-0059,A-0320,156965.1,2024-02-13 16:44:51,IMPS
TXN-02024,A-0203,A-0041,473862.46,2024-07-22 12:38:20,IMPS
TXN-02025,A-0187,A-0412,247117.77,2024-07-17 01:34:44,IMPS
TXN-02026,A-0413,A-0305,260835.22,2024-09-08 20:28:35,RTGS
TXN-02027,A-0447,A-0196,186428.04,2024-08-01 03:08:43,RTGS
TXN-02028,A-0312,A-0015,36418.56,2024-05-11 17:46:02,RTGS
TXN-02029,A-0225,A-0427,228387.45,2024-09-15 21:34:44,UPI
TXN-02030,A-0422,A-0041,253752.66,2025-01-16 15:05:48,UPI
TXN-02031,A-0183,A-0389,324246.19,2026-04-11 06:08:29,IMPS
TXN-02032,A-0096,A-0031,187454.37,2026-03-10 01:46:05,UPI
TXN-02033,A-0399,A-0050,384240.62,2026-04-06 22:45:18,Cash Deposit
TXN-02034,A-0214,A-0313,133198.9,2024-01-22 12:29:56,IMPS
TXN-02035,A-0392,A-0078,393725.08,2026-04-10 20:05:16,UPI
TXN-02036,A-0310,A-0420,42239.04,2025-09-01 16:17:35,UPI
TXN-02037,A-0355,A-0068,248547.85,2025-05-21 06:18:10,UPI
TXN-02038,A-0017,A-0482,63440.43,2026-08-28 08:58:18,Cash Deposit
TXN-02039,A-0188,A-0320,469196.04,2024-10-13 04:23:04,NEFT
TXN-02040,A-0416,A-0019,254603.09,2025-02-19 10:53:50,RTGS
TXN-02041,A-0391,A-0422,205151.44,2024-05-05 11:49:09,IMPS
TXN-02042,A-0490,A-0410,221707.91,2025-02-22 02:58:20,UPI
TXN-02043,A-0378,A-0030,105161.04,2025-07-27 14:23:06,UPI
TXN-02044,A-0405,A-0037,381080.84,2026-12-11 14:03:50,Cash Deposit
TXN-02045,A-0447,A-0009,268911.07,2024-05-16 20:37:13,RTGS
TXN-02046,A-0482,A-0436,10488.1,2025-03-04 12:44:10,IMPS
TXN-02047,A-0155,A-0473,309889.6,2025-08-27 13:09:58,UPI
TXN-02048,A-0281,A-0055,74738.48,2025-03-31 03:27:47,IMPS
TXN-02049,A-0462,A-0227,290294.98,2024-01-08 21:01:16,NEFT
TXN-02050,A-0132,A-0422,179259.94,2024-07-30 08:35:28,UPI
TXN-02051,A-0478,A-0176,225064.25,2025-07-23 00:13:45,Cash Deposit
TXN-02052,A-0131,A-0385,325057.24,2026-09-15 03:59:21,Cash Deposit
TXN-02053,A-0355,A-0067,204814.12,2025-07-06 06:59:08,UPI
TXN-02054,A-0098,A-0046,452368.28,2025-08-28 12:07:32,NEFT
TXN-02055,A-0386,A-0316,325205.39,2025-07-30 20:07:37,Cash Deposit
TXN-02056,A-0426,A-0069,382367.44,2024-02-16 16:02:35,IMPS
TXN-02057,A-0374,A-0453,138870.56,2025-12-11 18:51:39,RTGS
TXN-02058,A-0155,A-0028,81227.06,2024-12-28 04:48:42,Cash Deposit
TXN-02059,A-0194,A-0352,48353.12,2024-01-12 04:43:10,UPI
TXN-02060,A-0217,A-0388,63684.64,2026-06-07 17:39:16,NEFT
TXN-02061,A-0230,A-0303,127590.23,2025-01-28 10:19:48,IMPS
TXN-02062,A-0180,A-0456,19600.32,2024-09-08 21:26:08,Cash Deposit
TXN-02063,A-0251,A-0153,366417.25,2024-10-21 02:22:44,UPI
TXN-02064,A-0436,A-0389,208234.01,2025-01-28 00:32:30,IMPS
TXN-02065,A-0152,A-0103,10185.84,2026-09-30 03:44:39,RTGS
TXN-02066,A-0132,A-0086,437751.39,2025-11-10 16:10:43,IMPS
TXN-02067,A-0139,A-0095,491737.7,2025-04-14 16:45:19,IMPS
TXN-02068,A-0108,A-0353,426689.66,2025-06-12 20:35:23,NEFT
TXN-02069,A-0160,A-0268,309533.41,2026-05-08 18:56:23,RTGS
TXN-02070,A-0430,A-0493,81077.03,2025-01-31 06:02:20,IMPS
TXN-02071,A-0435,A-0434,13619.55,2025-03-28 12:15:24,NEFT
TXN-02072,A-0230,A-0479,325696.89,2026-07-02 09:31:22,RTGS
TXN-02073,A-0004,A-0099,127770.86,2025-04-16 18:51:12,UPI
TXN-02074,A-0113,A-0476,170079.9,2026-09-03 00:20:46,Cash Deposit
TXN-02075,A-0451,A-0352,70621.99,2026-10-02 12:11:44,NEFT
TXN-02076,A-0404,A-0043,17257.89,2024-11-24 01:38:36,IMPS
TXN-02077,A-0007,A-0325,331033.67,2024-11-03 07:49:13,IMPS
TXN-02078,A-0069,A-0495,113433.65,2024-04-06 06:50:07,RTGS
TXN-02079,A-0246,A-0328,151204.54,2025-03-07 20:08:05,NEFT
TXN-02080,A-0184,A-0428,63073.96,2024-03-08 01:58:41,IMPS
TXN-02081,A-0340,A-0373,271748.01,2026-04-22 08:44:02,Cash Deposit
TXN-02082,A-0194,A-0213,377857.95,2025-07-27 23:17:56,Cash Deposit
TXN-02083,A-0447,A-0174,365506.03,2026-11-05 13:39:45,IMPS
TXN-02084,A-0316,A-0037,347517.98,2026-09-09 19:44:01,IMPS
TXN-02085,A-0437,A-0356,355015.43,2024-08-21 08:00:16,IMPS
TXN-02086,A-0151,A-0411,124191.03,2025-10-07 11:40:40,NEFT
TXN-02087,A-0306,A-0200,95349.9,2026-10-16 18:06:25,IMPS
TXN-02088,A-0298,A-0160,104890.7,2024-11-15 19:43:11,RTGS
TXN-02089,A-0332,A-0279,197250.71,2026-12-11 23:55:59,Cash Deposit
TXN-02090,A-0487,A-0215,122308.0,2026-03-30 08:21:31,IMPS
TXN-02091,A-0095,A-0406,301808.87,2026-11-14 01:15:46,UPI
TXN-02092,A-0174,A-0133,255568.71,2024-08-18 13:48:12,IMPS
TXN-02093,A-0311,A-0407,3342.97,2026-08-09 16:36:48,IMPS
TXN-02094,A-0347,A-0133,462200.75,2024-08-21 02:34:21,IMPS
TXN-02095,A-0453,A-0017,321677.5,2026-05-27 13:30:59,Cash Deposit
TXN-02096,A-0204,A-0181,464148.55,2024-07-14 06:36:29,Cash Deposit
TXN-02097,A-0248,A-0351,445680.14,2025-07-14 21:44:30,Cash Deposit
TXN-02098,A-0183,A-0412,51130.49,2025-04-07 12:41:09,RTGS
TXN-02099,A-0128,A-0134,82550.73,2026-01-18 15:02:42,RTGS
TXN-02100,A-0111,A-0114,162940.41,2025-09-10 21:52:01,IMPS
TXN-02101,A-0056,A-0172,77853.86,2026-12-25 05:35:23,NEFT
TXN-02102,A-0434,A-0027,200856.47,2025-09-05 17:43:44,IMPS
TXN-02103,A-0291,A-0219,490243.46,2026-07-05 14:51:54,IMPS
TXN-02104,A-0344,A-0391,84302.54,2026-06-05 03:02:57,RTGS
TXN-02105,A-0469,A-0281,386965.61,2025-03-23 08:22:45,IMPS
TXN-02106,A-0133,A-0050,243136.37,2025-10-01 13:54:15,RTGS
TXN-02107,A-0432,A-0197,293748.13,2025-02-23 18:32:28,IMPS
TXN-02108,A-0345,A-0085,321485.66,2024-07-25 10:25:20,NEFT
TXN-02109,A-0474,A-0243,319767.62,2025-03-12 12:20:12,NEFT
TXN-02110,A-0314,A-0025,42480.53,2026-11-29 08:10:50,UPI
TXN-02111,A-0360,A-0201,224117.33,2026-11-20 15:21:27,IMPS
TXN-02112,A-0454,A-0423,262324.15,2025-06-23 16:18:42,Cash Deposit
TXN-02113,A-0427,A-0270,66012.09,2026-07-11 07:15:36,Cash Deposit
TXN-02114,A-0033,A-0273,202260.06,2024-06-26 03:32:10,IMPS
TXN-02115,A-0129,A-0429,492590.87,2024-08-22 19:58:22,Cash Deposit
TXN-02116,A-0386,A-0309,252421.9,2026-10-17 02:59:22,Cash Deposit
TXN-02117,A-0352,A-0030,114527.73,2024-08-21 12:28:55,RTGS
TXN-02118,A-0285,A-0345,476203.08,2026-08-04 09:45:44,UPI
TXN-02119,A-0180,A-0385,289043.58,2025-07-10 02:48:44,RTGS
TXN-02120,A-0413,A-0439,267336.38,2025-09-04 21:54:09,IMPS
TXN-02121,A-0337,A-0404,457611.85,2024-09-05 04:26:51,IMPS
TXN-02122,A-0087,A-0200,65952.31,2024-06-12 11:20:29,Cash Deposit
TXN-02123,A-0159,A-0015,41397.82,2025-08-30 13:01:47,NEFT
TXN-02124,A-0428,A-0086,426164.53,2026-12-08 11:58:51,RTGS
TXN-02125,A-0290,A-0330,230367.53,2025-03-23 23:39:23,RTGS
TXN-02126,A-0060,A-0026,226718.36,2025-04-28 12:35:06,IMPS
TXN-02127,A-0115,A-0466,283476.8,2024-06-27 20:15:50,UPI
TXN-02128,A-0019,A-0016,434215.52,2025-09-29 23:31:10,NEFT
TXN-02129,A-0131,A-0206,444530.82,2024-03-15 04:23:16,NEFT
TXN-02130,A-0278,A-0321,333926.44,2026-01-04 09:27:00,RTGS
TXN-02131,A-0295,A-0372,200473.84,2026-07-26 06:30:21,NEFT
TXN-02132,A-0052,A-0334,256237.94,2025-11-16 01:54:52,UPI
TXN-02133,A-0284,A-0223,420450.49,2026-06-14 16:06:20,IMPS
TXN-02134,A-0476,A-0347,179837.69,2024-09-21 21:02:58,Cash Deposit
TXN-02135,A-0307,A-0010,139710.3,2025-03-12 11:43:51,UPI
TXN-02136,A-0426,A-0428,75280.7,2026-03-04 09:51:42,RTGS
TXN-02137,A-0082,A-0114,424340.11,2026-01-07 20:41:53,IMPS
TXN-02138,A-0414,A-0273,199502.87,2026-10-26 17:40:00,RTGS
TXN-02139,A-0340,A-0041,483034.34,2026-05-07 10:17:18,RTGS
TXN-02140,A-0356,A-0478,495352.41,2025-08-01 02:45:43,UPI
TXN-02141,A-0077,A-0122,190099.55,2025-07-30 20:44:03,IMPS
TXN-02142,A-0309,A-0459,21653.26,2025-02-22 18:11:43,Cash Deposit
TXN-02143,A-0075,A-0238,167372.25,2024-10-20 08:13:16,Cash Deposit
TXN-02144,A-0139,A-0365,45037.68,2025-03-05 13:53:30,NEFT
TXN-02145,A-0434,A-0489,237377.39,2026-11-27 19:25:54,IMPS
TXN-02146,A-0241,A-0053,418790.59,2026-06-04 05:53:14,RTGS
TXN-02147,A-0144,A-0255,252134.19,2026-02-04 11:00:29,UPI
TXN-02148,A-0379,A-0411,215600.65,2024-04-17 20:42:22,Cash Deposit
TXN-02149,A-0061,A-0137,305135.14,2026-02-07 20:52:29,RTGS
TXN-02150,A-0126,A-0413,176555.39,2026-11-15 22:56:32,UPI
TXN-02151,A-0063,A-0223,169613.4,2026-05-15 18:18:57,Cash Deposit
TXN-02152,A-0233,A-0402,301870.85,2026-06-19 19:10:37,NEFT
TXN-02153,A-0376,A-0071,225533.69,2025-09-20 22:30:16,IMPS
TXN-02154,A-0410,A-0111,113864.12,2025-03-04 01:30:00,Cash Deposit
TXN-02155,A-0478,A-0039,189347.2,2025-03-03 04:35:00,UPI
TXN-02156,A-0127,A-0402,316374.36,2026-03-24 04:03:52,Cash Deposit
TXN-02157,A-0451,A-0329,433774.73,2025-08-07 04:49:23,NEFT
TXN-02158,A-0443,A-0202,224985.17,2026-12-31 07:16:14,RTGS
TXN-02159,A-0005,A-0346,40239.58,2025-03-23 16:27:39,UPI
TXN-02160,A-0282,A-0222,440215.45,2025-10-21 19:35:36,UPI
TXN-02161,A-0234,A-0146,345290.54,2026-04-05 04:13:56,UPI
TXN-02162,A-0129,A-0429,151588.06,2026-04-27 12:18:02,Cash Deposit
TXN-02163,A-0163,A-0223,345336.54,2026-03-09 08:02:57,NEFT
TXN-02164,A-0201,A-0100,458260.7,2024-08-20 07:36:14,NEFT
TXN-02165,A-0408,A-0338,105796.47,2024-10-14 06:24:27,UPI
TXN-02166,A-0464,A-0146,28798.08,2025-01-09 03:31:32,Cash Deposit
TXN-02167,A-0305,A-0384,151469.12,2025-01-15 01:06:59,RTGS
TXN-02168,A-0229,A-0289,361657.46,2025-03-16 18:08:44,UPI
TXN-02169,A-0090,A-0119,386155.81,2025-02-15 12:12:09,RTGS
TXN-02170,A-0416,A-0478,315086.14,2025-03-21 17:59:51,IMPS
TXN-02171,A-0306,A-0004,300374.75,2024-06-14 06:30:26,RTGS
TXN-02172,A-0427,A-0349,77807.51,2024-09-22 22:32:25,UPI
TXN-02173,A-0035,A-0120,7736.15,2025-03-04 16:09:48,IMPS
TXN-02174,A-0165,A-0453,356877.62,2026-08-29 09:43:32,RTGS
TXN-02175,A-0456,A-0165,353098.26,2024-04-11 17:12:11,RTGS
TXN-02176,A-0327,A-0041,302189.72,2024-06-14 08:13:22,RTGS
TXN-02177,A-0069,A-0101,211555.54,2026-04-22 21:06:38,IMPS
TXN-02178,A-0320,A-0123,280702.59,2024-10-29 15:45:07,UPI
TXN-02179,A-0123,A-0281,357271.64,2024-01-29 00:42:06,NEFT
TXN-02180,A-0482,A-0128,458955.44,2025-02-08 08:33:44,Cash Deposit
TXN-02181,A-0383,A-0393,35544.05,2025-02-10 14:43:49,UPI
TXN-02182,A-0146,A-0256,303111.08,2026-04-27 02:47:12,IMPS
TXN-02183,A-0456,A-0462,453149.86,2026-05-11 03:10:33,IMPS
TXN-02184,A-0275,A-0056,322782.18,2026-10-31 04:02:56,UPI
TXN-02185,A-0204,A-0359,399474.73,2025-08-13 05:30:08,RTGS
TXN-02186,A-0095,A-0085,371366.73,2025-04-28 02:18:42,Cash Deposit
TXN-02187,A-0381,A-0259,494985.0,2025-12-03 19:01:41,NEFT
TXN-02188,A-0330,A-0333,32593.84,2024-10-28 01:31:32,UPI
TXN-02189,A-0349,A-0287,459317.54,2026-11-26 02:43:56,Cash Deposit
TXN-02190,A-0082,A-0118,327123.29,2024-10-29 05:09:29,Cash Deposit
TXN-02191,A-0154,A-0380,118885.65,2026-06-19 18:53:24,UPI
TXN-02192,A-0047,A-0320,62249.76,2025-09-24 09:44:16,RTGS
TXN-02193,A-0485,A-0275,380945.4,2025-02-20 11:10:44,IMPS
TXN-02194,A-0129,A-0078,243136.21,2025-11-25 09:02:06,NEFT
TXN-02195,A-0137,A-0307,403785.38,2025-09-06 03:21:12,RTGS
TXN-02196,A-0170,A-0282,374499.69,2025-06-22 17:18:50,UPI
TXN-02197,A-0080,A-0111,335336.5,2024-09-24 18:27:19,NEFT
TXN-02198,A-0042,A-0029,219866.74,2024-05-14 13:37:25,UPI
TXN-02199,A-0306,A-0444,146432.94,2024-07-10 00:23:09,NEFT
TXN-02200,A-0379,A-0304,352148.03,2026-06-29 21:02:53,NEFT
TXN-02201,A-0476,A-0490,450186.45,2025-05-06 11:17:47,UPI
TXN-02202,A-0343,A-0383,72597.46,2024-11-08 10:57:08,UPI
TXN-02203,A-0165,A-0311,53639.59,2026-03-09 07:24:13,Cash Deposit
TXN-02204,A-0391,A-0081,147068.8,2026-05-17 20:24:06,UPI
TXN-02205,A-0485,A-0281,393888.33,2026-08-17 17:02:24,RTGS
TXN-02206,A-0313,A-0213,463172.24,2024-06-28 17:04:36,RTGS
TXN-02207,A-0225,A-0360,478573.55,2025-01-17 20:29:54,NEFT
TXN-02208,A-0371,A-0445,85485.82,2024-02-10 10:58:23,RTGS
TXN-02209,A-0253,A-0188,474630.78,2024-06-29 02:06:48,IMPS
TXN-02210,A-0033,A-0025,363869.59,2024-02-29 19:11:29,NEFT
TXN-02211,A-0177,A-0472,24143.74,2025-01-01 07:42:14,IMPS
TXN-02212,A-0050,A-0060,278991.12,2026-09-07 15:03:27,IMPS
TXN-02213,A-0459,A-0061,446179.46,2025-10-17 05:32:01,RTGS
TXN-02214,A-0264,A-0014,304637.76,2024-03-27 11:17:11,Cash Deposit
TXN-02215,A-0483,A-0013,209745.5,2026-01-16 09:59:13,UPI
TXN-02216,A-0192,A-0432,150634.41,2024-03-29 18:25:20,RTGS
TXN-02217,A-0380,A-0172,374199.61,2024-06-27 17:17:03,UPI
TXN-02218,A-0469,A-0133,379969.4,2024-09-14 01:48:33,Cash Deposit
TXN-02219,A-0108,A-0430,414473.63,2024-02-14 19:04:04,RTGS
TXN-02220,A-0279,A-0421,464360.15,2026-06-22 12:04:05,Cash Deposit
TXN-02221,A-0115,A-0083,436392.93,2024-12-04 19:00:47,IMPS
TXN-02222,A-0060,A-0120,161139.34,2025-04-17 06:59:28,UPI
TXN-02223,A-0442,A-0090,108294.45,2024-05-31 02:10:13,Cash Deposit
TXN-02224,A-0008,A-0015,412773.2,2024-10-17 08:41:27,IMPS
TXN-02225,A-0278,A-0072,402434.09,2025-02-10 12:02:17,UPI
TXN-02226,A-0224,A-0090,334781.09,2026-08-17 11:17:39,IMPS
TXN-02227,A-0243,A-0460,469416.31,2024-04-19 18:29:52,RTGS
TXN-02228,A-0104,A-0086,426522.4,2026-11-05 14:18:51,IMPS
TXN-02229,A-0050,A-0195,112763.03,2024-07-23 11:20:42,IMPS
TXN-02230,A-0113,A-0415,455034.13,2025-09-15 21:17:44,RTGS
TXN-02231,A-0294,A-0078,332327.53,2025-09-21 12:35:46,Cash Deposit
TXN-02232,A-0374,A-0147,147899.61,2026-05-11 22:47:56,NEFT
TXN-02233,A-0101,A-0119,408415.94,2024-04-25 09:54:41,NEFT
TXN-02234,A-0462,A-0451,273988.11,2024-03-31 12:20:22,UPI
TXN-02235,A-0257,A-0061,492774.26,2026-01-07 18:41:47,NEFT
TXN-02236,A-0176,A-0002,301358.68,2026-05-30 04:34:00,IMPS
TXN-02237,A-0487,A-0430,402006.54,2024-03-09 21:43:09,IMPS
TXN-02238,A-0314,A-0033,221890.96,2025-05-30 08:44:44,NEFT
TXN-02239,A-0122,A-0110,407259.87,2024-05-17 06:24:50,RTGS
TXN-02240,A-0447,A-0105,370683.36,2026-12-22 13:52:22,IMPS
TXN-02241,A-0173,A-0207,30116.41,2025-11-29 23:56:43,NEFT
TXN-02242,A-0457,A-0071,265926.33,2024-01-20 23:14:47,IMPS
TXN-02243,A-0098,A-0279,476839.37,2025-08-31 18:03:22,RTGS
TXN-02244,A-0449,A-0357,297229.19,2024-11-09 16:22:50,UPI
TXN-02245,A-0109,A-0440,198403.8,2025-01-12 10:11:38,UPI
TXN-02246,A-0280,A-0097,50155.93,2026-01-27 21:37:59,Cash Deposit
TXN-02247,A-0059,A-0323,57611.88,2024-12-08 01:37:23,IMPS
TXN-02248,A-0021,A-0374,452339.02,2026-07-17 21:28:01,NEFT
TXN-02249,A-0141,A-0010,410921.7,2024-01-12 16:22:24,UPI
TXN-02250,A-0411,A-0352,30423.92,2026-05-12 22:58:56,UPI
TXN-02251,A-0288,A-0372,427297.6,2025-03-27 03:59:49,Cash Deposit
TXN-02252,A-0413,A-0124,363253.27,2025-09-24 22:05:43,Cash Deposit
TXN-02253,A-0104,A-0090,180020.82,2024-07-14 13:24:05,NEFT
TXN-02254,A-0436,A-0316,101419.91,2026-08-08 11:40:03,Cash Deposit
TXN-02255,A-0168,A-0068,398027.21,2026-02-08 03:38:33,NEFT
TXN-02256,A-0131,A-0012,67794.84,2024-04-06 01:11:53,RTGS
TXN-02257,A-0102,A-0253,42273.95,2025-11-15 19:39:01,NEFT
TXN-02258,A-0176,A-0020,73117.88,2024-04-02 06:44:13,Cash Deposit
TXN-02259,A-0489,A-0383,488102.42,2025-07-01 00:27:55,RTGS
TXN-02260,A-0303,A-0252,244389.26,2026-01-31 23:29:10,RTGS
TXN-02261,A-0370,A-0134,173532.58,2024-10-06 08:20:04,RTGS
TXN-02262,A-0480,A-0345,402385.38,2024-03-18 05:49:43,IMPS
TXN-02263,A-0093,A-0057,70173.16,2025-09-09 21:18:51,RTGS
TXN-02264,A-0364,A-0262,194134.01,2025-08-31 02:38:42,NEFT
TXN-02265,A-0482,A-0457,245857.77,2025-07-24 10:23:35,RTGS
TXN-02266,A-0477,A-0096,310968.38,2026-09-20 23:23:44,RTGS
TXN-02267,A-0403,A-0430,336031.94,2025-02-11 22:29:18,NEFT
TXN-02268,A-0003,A-0178,417972.94,2026-01-25 02:55:53,IMPS
TXN-02269,A-0380,A-0333,395247.06,2026-08-10 00:12:10,IMPS
TXN-02270,A-0445,A-0367,6048.5,2025-01-21 08:24:42,NEFT
TXN-02271,A-0129,A-0320,56253.95,2025-07-11 20:12:58,RTGS
TXN-02272,A-0288,A-0470,345472.38,2026-11-13 05:12:22,RTGS
TXN-02273,A-0241,A-0150,119903.15,2025-08-19 08:01:40,Cash Deposit
TXN-02274,A-0465,A-0488,487342.72,2025-02-26 04:03:20,UPI
TXN-02275,A-0074,A-0312,490167.3,2024-02-13 08:16:32,UPI
TXN-02276,A-0280,A-0055,303808.26,2024-01-16 08:05:08,UPI
TXN-02277,A-0060,A-0330,246041.7,2025-09-05 00:27:13,IMPS
TXN-02278,A-0499,A-0293,396426.2,2026-08-16 19:34:22,NEFT
TXN-02279,A-0037,A-0437,126548.92,2026-05-02 07:49:35,IMPS
TXN-02280,A-0379,A-0377,469566.72,2025-08-12 08:31:47,IMPS
TXN-02281,A-0110,A-0155,451714.52,2025-06-18 23:05:25,IMPS
TXN-02282,A-0457,A-0182,74337.32,2024-02-13 18:44:33,NEFT
TXN-02283,A-0284,A-0075,266879.44,2026-12-17 23:07:38,UPI
TXN-02284,A-0474,A-0202,473795.64,2024-06-13 08:28:58,UPI
TXN-02285,A-0298,A-0453,267922.62,2025-10-31 18:45:54,UPI
TXN-02286,A-0252,A-0116,61459.25,2024-10-20 17:38:31,Cash Deposit
TXN-02287,A-0115,A-0179,71677.59,2025-12-03 10:42:43,IMPS
TXN-02288,A-0223,A-0418,107746.28,2026-11-30 15:04:37,RTGS
TXN-02289,A-0228,A-0091,478675.06,2024-04-17 07:37:10,NEFT
TXN-02290,A-0103,A-0269,376172.79,2025-04-01 05:38:24,Cash Deposit
TXN-02291,A-0032,A-0160,438375.52,2025-06-19 08:42:14,NEFT
TXN-02292,A-0245,A-0496,80409.35,2025-08-22 01:02:04,IMPS
TXN-02293,A-0176,A-0282,90688.12,2025-10-24 22:28:02,IMPS
TXN-02294,A-0287,A-0475,118196.8,2024-04-13 06:01:32,NEFT
TXN-02295,A-0062,A-0015,252433.75,2026-11-05 03:37:11,IMPS
TXN-02296,A-0370,A-0275,373267.95,2024-02-18 11:51:40,UPI
TXN-02297,A-0130,A-0121,355339.99,2026-11-23 19:00:15,Cash Deposit
TXN-02298,A-0116,A-0250,23543.53,2025-06-29 21:03:06,RTGS
TXN-02299,A-0133,A-0337,496204.74,2025-07-27 18:06:29,RTGS
TXN-02300,A-0445,A-0484,413474.95,2024-05-15 07:21:00,NEFT
TXN-02301,A-0152,A-0389,75318.65,2024-03-19 14:47:52,UPI
TXN-02302,A-0370,A-0146,116564.93,2026-04-17 03:27:23,IMPS
TXN-02303,A-0134,A-0225,236308.45,2025-01-22 09:00:07,NEFT
TXN-02304,A-0442,A-0394,173887.6,2025-10-20 11:43:35,Cash Deposit
TXN-02305,A-0098,A-0149,57731.52,2024-09-02 09:39:12,IMPS
TXN-02306,A-0238,A-0233,28730.63,2024-08-14 20:19:36,Cash Deposit
TXN-02307,A-0469,A-0129,375885.22,2024-10-03 05:14:37,NEFT
TXN-02308,A-0317,A-0431,180637.87,2026-05-28 15:04:34,RTGS
TXN-02309,A-0325,A-0188,129874.78,2024-08-03 23:15:35,RTGS
TXN-02310,A-0001,A-0263,139412.99,2025-01-04 16:18:13,Cash Deposit
TXN-02311,A-0141,A-0192,428348.22,2026-04-22 12:42:20,RTGS
TXN-02312,A-0334,A-0386,9390.72,2024-11-03 13:31:24,Cash Deposit
TXN-02313,A-0446,A-0098,415939.47,2025-04-09 17:17:45,NEFT
TXN-02314,A-0213,A-0148,377983.18,2025-02-16 13:36:30,NEFT
TXN-02315,A-0254,A-0058,146361.16,2025-01-05 03:34:17,NEFT
TXN-02316,A-0028,A-0256,432053.46,2024-05-02 23:37:27,RTGS
TXN-02317,A-0169,A-0272,129032.36,2025-02-26 00:45:17,RTGS
TXN-02318,A-0473,A-0456,75028.18,2026-03-14 07:53:56,UPI
TXN-02319,A-0026,A-0091,344152.93,2026-04-06 13:04:11,Cash Deposit
TXN-02320,A-0145,A-0245,301794.77,2025-06-25 10:36:15,Cash Deposit
TXN-02321,A-0202,A-0252,472842.46,2025-04-11 11:51:35,UPI
TXN-02322,A-0205,A-0009,149293.97,2026-12-01 08:59:55,NEFT
TXN-02323,A-0467,A-0427,228318.95,2026-11-05 21:33:35,IMPS
TXN-02324,A-0400,A-0002,102163.46,2025-03-09 21:18:14,RTGS
TXN-02325,A-0354,A-0449,237988.49,2026-03-12 10:10:51,RTGS
TXN-02326,A-0480,A-0101,310636.82,2026-01-15 07:58:22,IMPS
TXN-02327,A-0445,A-0200,371062.99,2024-12-01 03:49:48,IMPS
TXN-02328,A-0077,A-0361,415636.04,2026-05-03 04:51:42,Cash Deposit
TXN-02329,A-0433,A-0042,301767.42,2026-12-12 19:36:33,NEFT
TXN-02330,A-0477,A-0210,45363.93,2026-09-05 02:14:22,Cash Deposit
TXN-02331,A-0034,A-0299,194019.87,2024-07-07 15:00:51,NEFT
TXN-02332,A-0096,A-0406,351112.32,2024-10-18 04:22:53,Cash Deposit
TXN-02333,A-0333,A-0395,295060.69,2026-07-06 12:41:46,UPI
TXN-02334,A-0153,A-0136,368651.71,2026-09-23 17:26:42,UPI
TXN-02335,A-0394,A-0144,445982.63,2025-11-30 08:12:46,Cash Deposit
TXN-02336,A-0375,A-0403,392480.53,2026-03-04 21:26:14,Cash Deposit
TXN-02337,A-0307,A-0052,230366.32,2026-06-10 05:00:40,NEFT
TXN-02338,A-0406,A-0417,288018.53,2025-07-13 08:54:31,UPI
TXN-02339,A-0386,A-0206,19787.91,2025-03-28 01:24:18,Cash Deposit
TXN-02340,A-0302,A-0272,354478.44,2024-12-20 07:33:56,RTGS
TXN-02341,A-0298,A-0449,250307.63,2024-06-05 17:15:13,NEFT
TXN-02342,A-0341,A-0322,110890.18,2026-01-17 15:14:44,NEFT
TXN-02343,A-0039,A-0056,277284.1,2026-10-28 16:31:24,UPI
TXN-02344,A-0380,A-0197,321533.83,2024-10-17 13:56:52,RTGS
TXN-02345,A-0270,A-0245,164515.04,2026-06-15 08:00:19,UPI
TXN-02346,A-0476,A-0025,312506.66,2025-12-24 23:12:31,NEFT
TXN-02347,A-0154,A-0400,171917.7,2026-04-23 19:03:12,UPI
TXN-02348,A-0019,A-0318,308507.73,2025-08-25 16:19:26,IMPS
TXN-02349,A-0234,A-0388,117427.56,2024-12-01 21:18:51,Cash Deposit
TXN-02350,A-0398,A-0479,427610.28,2024-07-22 14:07:31,NEFT
TXN-02351,A-0465,A-0375,222724.4,2024-03-24 19:49:45,NEFT
TXN-02352,A-0292,A-0202,323877.55,2026-02-23 08:27:31,Cash Deposit
TXN-02353,A-0375,A-0382,413953.34,2026-09-30 16:29:27,NEFT
TXN-02354,A-0320,A-0193,431867.71,2026-02-28 08:23:05,NEFT
TXN-02355,A-0244,A-0123,9724.88,2026-04-05 00:25:03,Cash Deposit
TXN-02356,A-0185,A-0189,5020.29,2024-01-23 09:21:03,RTGS
TXN-02357,A-0142,A-0059,116101.77,2025-02-04 18:34:54,RTGS
TXN-02358,A-0294,A-0027,229991.2,2024-07-19 02:24:54,NEFT
TXN-02359,A-0407,A-0279,405369.94,2024-09-25 00:09:45,Cash Deposit
TXN-02360,A-0306,A-0007,426325.21,2026-10-15 17:35:55,RTGS
TXN-02361,A-0337,A-0258,458420.66,2026-04-03 04:30:03,NEFT
TXN-02362,A-0192,A-0213,213482.89,2024-05-20 15:04:51,UPI
TXN-02363,A-0455,A-0088,445186.68,2024-01-08 04:46:24,RTGS
TXN-02364,A-0014,A-0075,339875.83,2024-12-15 06:32:12,IMPS
TXN-02365,A-0431,A-0199,486227.58,2026-06-06 03:02:10,Cash Deposit
TXN-02366,A-0167,A-0048,280980.99,2026-08-26 13:05:07,Cash Deposit
TXN-02367,A-0210,A-0094,486770.86,2026-04-06 12:55:12,UPI
TXN-02368,A-0153,A-0465,406323.91,2025-03-23 19:49:27,NEFT
TXN-02369,A-0101,A-0387,492809.43,2024-12-25 07:11:54,RTGS
TXN-02370,A-0136,A-0013,387315.46,2024-08-30 06:49:02,RTGS
TXN-02371,A-0040,A-0234,288216.66,2026-04-09 09:16:41,IMPS
TXN-02372,A-0230,A-0228,222397.67,2025-08-30 06:05:52,IMPS
TXN-02373,A-0291,A-0284,339704.16,2025-06-20 02:00:45,Cash Deposit
TXN-02374,A-0014,A-0370,234502.0,2025-10-21 10:55:17,UPI
TXN-02375,A-0386,A-0318,134305.31,2024-09-30 15:46:38,Cash Deposit
TXN-02376,A-0353,A-0168,475251.34,2024-10-17 21:22:44,Cash Deposit
TXN-02377,A-0368,A-0305,55831.58,2025-05-29 17:09:37,RTGS
TXN-02378,A-0431,A-0480,205189.6,2024-06-08 15:38:04,UPI
TXN-02379,A-0251,A-0119,14853.38,2024-08-22 01:40:31,UPI
TXN-02380,A-0470,A-0230,201160.75,2026-08-22 17:06:26,UPI
TXN-02381,A-0027,A-0092,12933.16,2024-11-23 00:29:59,NEFT
TXN-02382,A-0353,A-0359,386599.63,2026-05-30 11:12:44,NEFT
TXN-02383,A-0262,A-0086,172157.51,2024-10-06 09:02:16,NEFT
TXN-02384,A-0073,A-0016,83014.29,2025-09-28 03:41:34,IMPS
TXN-02385,A-0498,A-0173,316869.25,2026-04-02 06:46:11,UPI
TXN-02386,A-0076,A-0380,180842.29,2024-02-17 06:09:57,UPI
TXN-02387,A-0296,A-0130,442071.31,2024-08-04 02:54:09,RTGS
TXN-02388,A-0403,A-0207,174397.74,2025-11-13 09:30:07,IMPS
TXN-02389,A-0356,A-0161,388312.59,2024-07-18 16:11:20,IMPS
TXN-02390,A-0213,A-0367,151942.47,2025-03-27 15:21:28,RTGS
TXN-02391,A-0482,A-0166,327505.58,2024-02-23 21:49:29,NEFT
TXN-02392,A-0209,A-0076,404554.17,2026-11-13 22:25:31,IMPS
TXN-02393,A-0347,A-0499,30163.15,2026-10-02 05:33:22,NEFT
TXN-02394,A-0365,A-0461,346377.37,2024-07-22 10:26:25,UPI
TXN-02395,A-0208,A-0052,405956.43,2025-09-05 08:36:16,RTGS
TXN-02396,A-0257,A-0485,288963.35,2026-01-19 19:14:37,IMPS
TXN-02397,A-0232,A-0021,299046.37,2024-02-13 15:05:34,RTGS
TXN-02398,A-0059,A-0283,394189.13,2024-09-20 08:07:13,Cash Deposit
TXN-02399,A-0037,A-0031,289457.89,2025-06-12 11:02:34,Cash Deposit
TXN-02400,A-0050,A-0337,329958.56,2024-08-02 08:08:23,IMPS
TXN-02401,A-0218,A-0277,355254.47,2024-04-20 14:01:02,RTGS
TXN-02402,A-0240,A-0264,464036.55,2025-10-05 19:37:17,NEFT
TXN-02403,A-0307,A-0052,401208.47,2024-10-18 23:27:49,Cash Deposit
TXN-02404,A-0317,A-0404,95954.39,2024-03-17 12:14:45,RTGS
TXN-02405,A-0381,A-0256,359602.4,2025-11-12 02:45:42,RTGS
TXN-02406,A-0356,A-0427,365228.67,2025-11-29 07:43:42,IMPS
TXN-02407,A-0492,A-0093,476007.49,2026-07-13 23:21:07,NEFT
TXN-02408,A-0292,A-0381,101930.68,2026-08-05 17:58:19,RTGS
TXN-02409,A-0002,A-0444,452430.35,2024-03-03 09:12:13,IMPS
TXN-02410,A-0342,A-0489,326647.35,2025-01-31 06:00:25,Cash Deposit
TXN-02411,A-0374,A-0352,150750.08,2025-10-01 23:08:38,UPI
TXN-02412,A-0422,A-0136,407122.93,2024-09-30 07:28:21,UPI
TXN-02413,A-0018,A-0458,273423.59,2026-03-03 13:15:45,NEFT
TXN-02414,A-0357,A-0465,130139.68,2025-01-24 08:07:35,Cash Deposit
TXN-02415,A-0269,A-0035,429527.2,2025-04-14 10:51:47,UPI
TXN-02416,A-0033,A-0461,322558.55,2025-08-06 15:56:44,Cash Deposit
TXN-02417,A-0240,A-0162,84900.12,2026-09-23 07:59:24,IMPS
TXN-02418,A-0044,A-0363,167018.42,2025-05-27 03:58:07,Cash Deposit
TXN-02419,A-0036,A-0234,89174.26,2025-01-23 03:08:17,NEFT
TXN-02420,A-0077,A-0060,477774.72,2026-07-27 20:50:29,IMPS
TXN-02421,A-0243,A-0415,231494.52,2026-03-27 04:09:21,UPI
TXN-02422,A-0117,A-0168,20024.75,2025-02-22 01:21:46,IMPS
TXN-02423,A-0466,A-0197,62330.31,2026-12-02 09:51:46,Cash Deposit
TXN-02424,A-0080,A-0251,28358.1,2025-03-06 09:52:03,RTGS
TXN-02425,A-0429,A-0464,131724.0,2026-10-01 12:00:16,NEFT
TXN-02426,A-0397,A-0094,359342.64,2026-02-25 07:03:38,UPI
TXN-02427,A-0468,A-0438,464188.15,2024-07-29 11:38:53,RTGS
TXN-02428,A-0485,A-0329,306859.09,2024-09-26 04:47:15,NEFT
TXN-02429,A-0023,A-0303,38228.16,2024-11-06 05:15:51,NEFT
TXN-02430,A-0106,A-0450,126892.52,2026-08-09 01:06:41,IMPS
TXN-02431,A-0404,A-0359,324327.34,2024-03-26 07:53:07,RTGS
TXN-02432,A-0210,A-0498,82601.38,2024-02-02 18:04:02,IMPS
TXN-02433,A-0100,A-0018,252171.62,2026-04-20 05:04:46,NEFT
TXN-02434,A-0396,A-0141,69541.68,2025-11-17 04:29:46,IMPS
TXN-02435,A-0424,A-0060,268716.46,2026-06-23 05:18:42,IMPS
TXN-02436,A-0171,A-0278,312411.86,2026-02-24 18:10:34,NEFT
TXN-02437,A-0062,A-0195,472352.25,2024-03-22 23:29:49,Cash Deposit
TXN-02438,A-0263,A-0218,267629.5,2025-02-05 10:46:28,Cash Deposit
TXN-02439,A-0418,A-0215,488401.92,2026-01-10 14:16:23,UPI
TXN-02440,A-0069,A-0272,303272.91,2024-04-23 14:51:47,IMPS
TXN-02441,A-0477,A-0163,53151.82,2024-11-19 04:33:00,RTGS
TXN-02442,A-0389,A-0170,199156.7,2025-03-10 02:52:45,UPI
TXN-02443,A-0172,A-0196,358695.3,2026-03-11 17:10:58,IMPS
TXN-02444,A-0315,A-0228,134454.33,2024-08-02 07:40:49,UPI
TXN-02445,A-0485,A-0425,74129.8,2024-09-24 22:07:16,RTGS
TXN-02446,A-0351,A-0432,4787.03,2026-11-30 02:26:35,NEFT
TXN-02447,A-0436,A-0109,90871.11,2025-10-26 22:48:56,Cash Deposit
TXN-02448,A-0318,A-0205,145358.35,2025-10-16 13:01:23,IMPS
TXN-02449,A-0023,A-0413,161887.51,2026-10-23 11:46:46,RTGS
TXN-02450,A-0266,A-0454,257376.35,2025-11-18 21:52:04,UPI
TXN-02451,A-0199,A-0294,120533.76,2024-04-13 11:08:18,RTGS
TXN-02452,A-0244,A-0264,480069.83,2026-12-17 19:39:23,RTGS
TXN-02453,A-0296,A-0148,422507.85,2025-09-15 10:11:34,Cash Deposit
TXN-02454,A-0020,A-0075,378091.78,2026-03-05 21:06:33,UPI
TXN-02455,A-0293,A-0326,154082.77,2026-01-19 21:42:15,IMPS
TXN-02456,A-0348,A-0330,487972.03,2024-09-28 03:50:00,RTGS
TXN-02457,A-0294,A-0317,457424.57,2024-02-07 06:49:13,Cash Deposit
TXN-02458,A-0239,A-0256,266805.32,2025-02-01 01:51:35,RTGS
TXN-02459,A-0451,A-0047,10484.66,2025-11-06 08:22:04,RTGS
TXN-02460,A-0113,A-0106,398865.12,2025-02-19 14:06:14,Cash Deposit
TXN-02461,A-0230,A-0032,282398.25,2025-12-08 05:08:12,RTGS
TXN-02462,A-0070,A-0181,154136.16,2025-04-24 19:41:16,NEFT
TXN-02463,A-0480,A-0430,316232.34,2026-07-08 21:24:22,NEFT
TXN-02464,A-0074,A-0192,70381.16,2025-03-27 09:03:02,IMPS
TXN-02465,A-0267,A-0388,385369.16,2026-11-08 09:28:05,UPI
TXN-02466,A-0156,A-0389,86814.65,2024-06-10 15:22:49,IMPS
TXN-02467,A-0091,A-0071,336029.41,2024-07-18 04:41:07,UPI
TXN-02468,A-0046,A-0382,325860.77,2025-10-29 10:57:43,IMPS
TXN-02469,A-0332,A-0472,8182.81,2026-11-19 12:45:43,IMPS
TXN-02470,A-0388,A-0209,339508.06,2024-05-29 00:39:58,UPI
TXN-02471,A-0200,A-0426,440110.17,2026-12-29 03:24:29,Cash Deposit
TXN-02472,A-0053,A-0127,339332.68,2026-09-14 17:38:37,Cash Deposit
TXN-02473,A-0119,A-0008,352926.02,2025-11-16 03:28:15,Cash Deposit
TXN-02474,A-0006,A-0229,86382.78,2025-01-24 17:57:53,IMPS
TXN-02475,A-0021,A-0125,5015.07,2024-12-30 10:51:46,IMPS
TXN-02476,A-0474,A-0011,38122.39,2024-07-29 05:45:36,RTGS
TXN-02477,A-0176,A-0489,442201.28,2026-05-19 23:18:07,NEFT
TXN-02478,A-0461,A-0336,200266.9,2025-09-27 07:16:52,IMPS
TXN-02479,A-0173,A-0187,78608.03,2024-03-07 03:05:13,UPI
TXN-02480,A-0129,A-0123,264681.73,2024-06-18 05:48:21,Cash Deposit
TXN-02481,A-0275,A-0447,228882.44,2026-05-20 15:34:40,IMPS
TXN-02482,A-0197,A-0151,483537.24,2026-03-28 22:13:06,RTGS
TXN-02483,A-0396,A-0344,121418.1,2025-02-16 13:56:14,NEFT
TXN-02484,A-0018,A-0292,372157.92,2025-08-01 19:02:20,Cash Deposit
TXN-02485,A-0260,A-0430,43153.37,2025-12-27 06:56:21,RTGS
TXN-02486,A-0461,A-0297,236329.65,2024-01-04 19:07:10,UPI
TXN-02487,A-0035,A-0388,56957.0,2025-09-15 13:51:00,RTGS
TXN-02488,A-0241,A-0452,352884.49,2024-04-26 22:52:30,Cash Deposit
TXN-02489,A-0358,A-0421,65134.76,2025-04-12 22:37:33,Cash Deposit
TXN-02490,A-0237,A-0276,152761.25,2025-04-18 03:14:45,Cash Deposit
TXN-02491,A-0144,A-0081,254330.01,2025-11-14 01:02:56,RTGS
TXN-02492,A-0376,A-0090,387031.33,2025-05-01 05:08:48,NEFT
TXN-02493,A-0320,A-0211,361394.67,2026-06-03 22:49:11,Cash Deposit
TXN-02494,A-0348,A-0421,474603.17,2026-10-01 07:45:14,NEFT
TXN-02495,A-0252,A-0081,356826.84,2025-06-07 21:31:53,NEFT
TXN-02496,A-0310,A-0085,115640.77,2024-06-26 08:59:28,IMPS
TXN-02497,A-0486,A-0003,258750.76,2026-03-16 02:37:06,RTGS
TXN-02498,A-0331,A-0148,179110.45,2026-04-07 00:43:53,RTGS
TXN-02499,A-0417,A-0467,126519.55,2024-11-02 16:18:14,IMPS
TXN-02500,A-0014,A-0474,309009.71,2026-01-20 14:48:22,RTGS
TXN-02501,A-0086,A-0196,368500.83,2024-06-19 15:38:13,UPI
TXN-02502,A-0103,A-0142,379926.3,2025-03-31 22:53:16,UPI
TXN-02503,A-0080,A-0392,465419.33,2025-11-25 20:24:10,NEFT
TXN-02504,A-0164,A-0443,42143.36,2026-03-13 06:09:40,Cash Deposit
TXN-02505,A-0139,A-0244,150214.29,2026-06-11 01:43:49,IMPS
TXN-02506,A-0030,A-0153,54723.63,2024-10-28 09:41:50,NEFT
TXN-02507,A-0355,A-0347,187915.47,2026-05-02 11:28:20,Cash Deposit
TXN-02508,A-0037,A-0446,128563.25,2026-03-20 01:59:43,IMPS
TXN-02509,A-0127,A-0014,80521.18,2024-02-25 15:58:19,Cash Deposit
TXN-02510,A-0461,A-0202,480884.3,2026-03-03 00:22:19,IMPS
TXN-02511,A-0397,A-0368,420271.47,2025-03-22 02:36:47,RTGS
TXN-02512,A-0361,A-0247,231371.76,2026-12-19 07:38:15,Cash Deposit
TXN-02513,A-0193,A-0195,236466.26,2025-04-04 17:56:53,Cash Deposit
TXN-02514,A-0467,A-0404,386039.38,2025-01-14 11:06:33,NEFT
TXN-02515,A-0459,A-0132,255221.39,2024-12-11 17:34:26,UPI
TXN-02516,A-0091,A-0434,206405.46,2026-10-03 23:19:02,UPI
TXN-02517,A-0069,A-0387,213617.18,2026-10-30 05:15:55,UPI
TXN-02518,A-0082,A-0144,304827.72,2026-08-03 16:19:18,RTGS
TXN-02519,A-0433,A-0147,291622.75,2026-10-31 02:40:02,UPI
TXN-02520,A-0209,A-0362,423521.35,2024-09-06 06:27:46,IMPS
TXN-02521,A-0206,A-0494,147501.81,2024-07-03 00:23:20,UPI
TXN-02522,A-0287,A-0218,72028.94,2026-08-25 06:49:52,RTGS
TXN-02523,A-0480,A-0202,260557.17,2026-10-27 09:41:21,UPI
TXN-02524,A-0194,A-0436,230342.6,2024-11-23 10:02:43,Cash Deposit
TXN-02525,A-0178,A-0469,97518.48,2026-03-13 22:24:56,RTGS
TXN-02526,A-0379,A-0215,464991.29,2025-10-11 02:31:57,UPI
TXN-02527,A-0173,A-0135,395870.2,2024-08-15 12:55:08,RTGS
TXN-02528,A-0014,A-0374,210831.77,2026-09-17 18:14:49,IMPS
TXN-02529,A-0238,A-0393,57236.22,2026-09-17 00:16:56,RTGS
TXN-02530,A-0193,A-0071,331872.12,2024-02-03 05:29:46,NEFT
TXN-02531,A-0195,A-0065,200312.82,2026-10-03 01:06:12,NEFT
TXN-02532,A-0345,A-0287,406302.59,2024-05-27 07:35:18,RTGS
TXN-02533,A-0304,A-0170,468645.87,2026-03-03 05:00:35,IMPS
TXN-02534,A-0151,A-0442,325059.87,2025-04-07 13:18:16,UPI
TXN-02535,A-0084,A-0302,180016.51,2024-02-09 11:20:17,RTGS
TXN-02536,A-0416,A-0213,177332.67,2025-03-24 20:04:22,RTGS
TXN-02537,A-0476,A-0187,408586.27,2024-10-09 10:33:46,UPI
TXN-02538,A-0174,A-0436,139138.28,2024-03-21 02:04:53,IMPS
TXN-02539,A-0404,A-0045,321494.13,2024-02-14 14:31:58,Cash Deposit
TXN-02540,A-0007,A-0192,289542.35,2026-11-17 01:36:42,RTGS
TXN-02541,A-0081,A-0329,289803.22,2025-06-18 07:41:14,RTGS
TXN-02542,A-0044,A-0173,255934.76,2026-12-14 22:47:31,NEFT
TXN-02543,A-0080,A-0485,28512.85,2026-02-06 17:48:29,UPI
TXN-02544,A-0055,A-0211,485457.08,2026-03-10 14:39:00,UPI
TXN-02545,A-0083,A-0419,439381.53,2025-01-07 19:06:08,UPI
TXN-02546,A-0132,A-0315,197231.11,2026-11-02 22:03:45,IMPS
TXN-02547,A-0455,A-0223,276188.83,2024-07-12 17:33:26,IMPS
TXN-02548,A-0133,A-0346,401680.79,2025-01-20 13:58:41,UPI
TXN-02549,A-0162,A-0124,474293.26,2025-03-27 08:06:11,Cash Deposit
TXN-02550,A-0391,A-0328,295358.62,2025-09-17 10:22:23,IMPS
TXN-02551,A-0239,A-0359,26696.99,2025-07-31 08:19:37,IMPS
TXN-02552,A-0330,A-0073,273851.58,2026-05-31 16:57:16,IMPS
TXN-02553,A-0416,A-0175,366059.29,2026-03-21 15:48:37,UPI
TXN-02554,A-0056,A-0393,199774.96,2025-11-04 12:44:51,UPI
TXN-02555,A-0458,A-0210,490055.4,2024-01-07 21:42:32,IMPS
TXN-02556,A-0344,A-0030,255940.08,2026-01-27 15:58:25,Cash Deposit
TXN-02557,A-0214,A-0015,466334.54,2024-06-04 17:08:55,NEFT
TXN-02558,A-0347,A-0487,433019.17,2026-02-19 03:29:33,IMPS
TXN-02559,A-0384,A-0322,9015.63,2026-08-22 08:17:01,IMPS
TXN-02560,A-0472,A-0278,228467.79,2024-02-28 05:26:26,Cash Deposit
TXN-02561,A-0375,A-0365,101555.38,2024-10-01 18:04:00,UPI
TXN-02562,A-0422,A-0301,395109.92,2026-05-25 22:45:13,RTGS
TXN-02563,A-0157,A-0203,53295.47,2026-02-02 05:33:08,IMPS
TXN-02564,A-0448,A-0191,278166.36,2026-03-12 11:26:37,RTGS
TXN-02565,A-0275,A-0137,212145.78,2025-02-04 20:08:00,IMPS
TXN-02566,A-0424,A-0156,11764.18,2025-04-08 20:17:45,Cash Deposit
TXN-02567,A-0452,A-0268,412730.58,2025-07-14 03:52:19,IMPS
TXN-02568,A-0239,A-0457,473684.85,2025-12-25 12:38:36,Cash Deposit
TXN-02569,A-0101,A-0284,316812.82,2024-05-14 12:27:49,Cash Deposit
TXN-02570,A-0296,A-0481,65953.38,2026-08-18 23:25:03,UPI
TXN-02571,A-0177,A-0477,94460.31,2026-05-19 03:03:12,UPI
TXN-02572,A-0065,A-0405,391707.56,2025-04-09 05:52:00,Cash Deposit
TXN-02573,A-0111,A-0305,355752.23,2024-07-03 14:21:20,RTGS
TXN-02574,A-0146,A-0399,486011.94,2026-10-19 07:30:19,RTGS
TXN-02575,A-0231,A-0202,340053.74,2026-12-07 16:53:14,Cash Deposit
TXN-02576,A-0188,A-0299,492553.83,2026-04-16 10:45:30,Cash Deposit
TXN-02577,A-0056,A-0274,178521.39,2024-06-13 17:33:42,NEFT
TXN-02578,A-0137,A-0020,492761.87,2026-06-04 03:55:18,RTGS
TXN-02579,A-0464,A-0328,419164.97,2026-06-22 22:57:51,UPI
TXN-02580,A-0045,A-0412,209876.39,2026-09-21 11:30:27,NEFT
TXN-02581,A-0421,A-0410,29698.75,2025-08-02 10:10:13,UPI
TXN-02582,A-0079,A-0061,51100.51,2024-03-12 21:25:13,Cash Deposit
TXN-02583,A-0417,A-0404,307653.52,2025-01-08 15:46:33,RTGS
TXN-02584,A-0493,A-0215,386038.82,2026-09-10 05:55:06,Cash Deposit
TXN-02585,A-0404,A-0259,87962.82,2025-05-04 07:48:59,NEFT
TXN-02586,A-0195,A-0473,100125.4,2025-03-01 17:55:04,RTGS
TXN-02587,A-0212,A-0408,152638.58,2026-11-24 06:20:48,Cash Deposit
TXN-02588,A-0298,A-0257,443844.61,2024-05-26 04:35:57,UPI
TXN-02589,A-0221,A-0243,211340.49,2026-07-08 05:45:03,UPI
TXN-02590,A-0190,A-0495,43597.38,2026-05-14 21:17:40,IMPS
TXN-02591,A-0371,A-0366,36915.66,2026-08-17 00:32:28,RTGS
TXN-02592,A-0424,A-0485,374236.33,2025-03-08 21:22:22,IMPS
TXN-02593,A-0352,A-0183,439291.49,2025-08-22 02:51:40,Cash Deposit
TXN-02594,A-0142,A-0198,343074.3,2024-02-25 17:44:53,IMPS
TXN-02595,A-0022,A-0001,347742.06,2026-06-02 23:17:53,Cash Deposit
TXN-02596,A-0178,A-0468,166148.98,2024-12-05 19:58:32,NEFT
TXN-02597,A-0026,A-0017,187559.17,2025-06-17 11:56:03,RTGS
TXN-02598,A-0453,A-0205,309470.27,2026-12-29 12:13:05,NEFT
TXN-02599,A-0078,A-0442,9708.48,2024-09-15 01:54:08,Cash Deposit
TXN-02600,A-0475,A-0407,451223.47,2025-12-10 22:43:04,Cash Deposit
TXN-02601,A-0157,A-0329,136433.47,2024-08-24 10:48:35,UPI
TXN-02602,A-0043,A-0260,459961.05,2024-01-06 07:40:40,NEFT
TXN-02603,A-0001,A-0368,233877.7,2026-02-14 20:00:17,NEFT
TXN-02604,A-0035,A-0474,140649.75,2026-10-20 00:59:57,Cash Deposit
TXN-02605,A-0214,A-0269,395709.31,2026-08-25 23:22:30,RTGS
TXN-02606,A-0062,A-0410,194202.22,2026-09-28 22:13:52,UPI
TXN-02607,A-0042,A-0490,54790.46,2026-06-07 17:36:01,NEFT
TXN-02608,A-0021,A-0136,253967.75,2026-03-08 12:29:13,Cash Deposit
TXN-02609,A-0413,A-0187,361025.78,2024-01-05 23:01:07,Cash Deposit
TXN-02610,A-0344,A-0213,408280.35,2026-01-03 19:52:21,UPI
TXN-02611,A-0426,A-0116,351398.65,2026-05-14 14:50:39,NEFT
TXN-02612,A-0390,A-0492,271814.99,2024-11-09 01:24:09,UPI
TXN-02613,A-0351,A-0015,119186.98,2024-10-12 03:39:29,UPI
TXN-02614,A-0364,A-0358,436819.05,2026-01-14 00:53:30,Cash Deposit
TXN-02615,A-0426,A-0121,275546.22,2025-06-16 17:39:12,IMPS
TXN-02616,A-0272,A-0281,198565.01,2024-05-27 09:41:18,RTGS
TXN-02617,A-0075,A-0134,8243.18,2026-06-28 10:59:42,Cash Deposit
TXN-02618,A-0291,A-0354,155720.31,2025-09-11 07:33:34,IMPS
TXN-02619,A-0409,A-0058,188622.34,2026-08-14 13:26:01,Cash Deposit
TXN-02620,A-0046,A-0426,44234.75,2026-03-26 06:45:56,NEFT
TXN-02621,A-0121,A-0299,187064.87,2025-01-04 22:35:37,UPI
TXN-02622,A-0470,A-0346,41513.3,2026-09-16 14:00:06,NEFT
TXN-02623,A-0069,A-0412,170168.05,2024-07-28 14:16:29,RTGS
TXN-02624,A-0362,A-0003,189554.34,2026-07-30 05:27:45,Cash Deposit
TXN-02625,A-0348,A-0018,38309.45,2025-11-10 23:59:08,UPI
TXN-02626,A-0318,A-0115,107375.49,2026-12-09 19:29:04,UPI
TXN-02627,A-0309,A-0010,313531.46,2025-07-08 12:26:16,UPI
TXN-02628,A-0203,A-0341,300688.7,2026-08-20 06:47:41,UPI
TXN-02629,A-0308,A-0483,135899.21,2025-05-12 00:21:25,UPI
TXN-02630,A-0045,A-0491,31177.63,2026-01-18 21:19:30,IMPS
TXN-02631,A-0082,A-0245,39564.61,2025-04-10 04:02:36,RTGS
TXN-02632,A-0225,A-0450,434559.91,2026-03-17 12:46:56,Cash Deposit
TXN-02633,A-0473,A-0096,54182.4,2025-01-15 09:59:53,RTGS
TXN-02634,A-0200,A-0474,349886.47,2025-11-17 00:51:41,RTGS
TXN-02635,A-0160,A-0064,469662.52,2024-04-21 03:29:34,RTGS
TXN-02636,A-0182,A-0413,91062.88,2025-01-17 05:48:40,RTGS
TXN-02637,A-0092,A-0354,395881.32,2025-07-09 09:16:37,IMPS
TXN-02638,A-0015,A-0368,463204.26,2026-03-30 15:43:59,UPI
TXN-02639,A-0437,A-0177,67571.43,2024-12-28 04:39:31,RTGS
TXN-02640,A-0252,A-0424,409678.3,2026-02-27 10:06:05,Cash Deposit
TXN-02641,A-0034,A-0283,84424.6,2025-01-20 20:25:06,IMPS
TXN-02642,A-0353,A-0302,110078.59,2024-08-31 10:43:37,UPI
TXN-02643,A-0408,A-0059,140029.03,2026-09-15 06:12:22,Cash Deposit
TXN-02644,A-0377,A-0032,256117.12,2025-12-05 02:48:21,UPI
TXN-02645,A-0270,A-0327,207248.53,2024-03-19 20:06:44,Cash Deposit
TXN-02646,A-0482,A-0263,247465.67,2024-01-05 19:09:40,UPI
TXN-02647,A-0103,A-0175,359379.89,2025-04-03 18:52:10,Cash Deposit
TXN-02648,A-0442,A-0101,77912.04,2024-11-02 09:39:12,UPI
TXN-02649,A-0456,A-0457,30059.59,2026-01-03 16:54:13,NEFT
TXN-02650,A-0221,A-0187,93805.93,2026-02-05 21:08:00,Cash Deposit
TXN-02651,A-0014,A-0253,421114.26,2025-01-17 17:27:26,RTGS
TXN-02652,A-0081,A-0308,354346.06,2024-01-04 09:31:52,RTGS
TXN-02653,A-0488,A-0382,364385.41,2024-05-27 02:31:50,NEFT
TXN-02654,A-0469,A-0044,26071.63,2025-04-11 17:28:50,Cash Deposit
TXN-02655,A-0371,A-0037,46629.65,2026-02-23 17:48:35,Cash Deposit
TXN-02656,A-0093,A-0419,75959.75,2026-10-15 01:56:50,IMPS
TXN-02657,A-0041,A-0020,81431.55,2024-12-05 15:12:44,UPI
TXN-02658,A-0274,A-0106,103646.76,2024-01-28 20:00:36,NEFT
TXN-02659,A-0010,A-0392,354860.02,2024-06-26 11:03:44,UPI
TXN-02660,A-0429,A-0296,403925.72,2025-05-01 19:30:43,IMPS
TXN-02661,A-0432,A-0035,494643.16,2025-11-05 09:01:34,UPI
TXN-02662,A-0362,A-0452,84170.03,2026-11-23 21:37:49,UPI
TXN-02663,A-0247,A-0421,115565.63,2025-04-18 02:54:02,Cash Deposit
TXN-02664,A-0074,A-0291,408310.92,2026-11-29 17:10:49,RTGS
TXN-02665,A-0231,A-0477,105584.97,2026-08-02 02:39:08,UPI
TXN-02666,A-0155,A-0073,234781.15,2025-04-20 18:28:34,Cash Deposit
TXN-02667,A-0259,A-0460,3936.55,2024-02-16 21:23:25,Cash Deposit
TXN-02668,A-0417,A-0346,213737.57,2026-07-28 22:27:01,NEFT
TXN-02669,A-0368,A-0236,303357.34,2026-07-24 01:15:14,Cash Deposit
TXN-02670,A-0272,A-0401,186862.16,2026-01-24 05:25:53,RTGS
TXN-02671,A-0317,A-0034,161661.47,2025-01-20 19:03:32,IMPS
TXN-02672,A-0486,A-0035,430880.29,2025-04-07 04:27:41,Cash Deposit
TXN-02673,A-0322,A-0333,268815.16,2025-06-18 09:06:42,IMPS
TXN-02674,A-0415,A-0358,179641.67,2024-09-05 21:12:18,IMPS
TXN-02675,A-0485,A-0088,130468.78,2025-04-01 07:28:13,UPI
TXN-02676,A-0090,A-0191,396535.28,2026-11-02 13:12:02,UPI
TXN-02677,A-0005,A-0270,76540.03,2026-12-11 22:04:31,UPI
TXN-02678,A-0228,A-0050,332369.39,2024-01-03 19:03:06,IMPS
TXN-02679,A-0275,A-0167,170104.94,2025-05-13 02:55:11,RTGS
TXN-02680,A-0222,A-0148,279777.65,2026-03-23 00:24:16,Cash Deposit
TXN-02681,A-0349,A-0069,249959.5,2025-11-24 09:08:04,Cash Deposit
TXN-02682,A-0499,A-0256,473012.36,2025-11-08 08:35:56,RTGS
TXN-02683,A-0061,A-0382,268685.51,2026-07-10 15:49:59,IMPS
TXN-02684,A-0098,A-0067,262261.27,2025-07-17 17:10:10,UPI
TXN-02685,A-0006,A-0434,76001.15,2024-08-30 15:33:03,RTGS
TXN-02686,A-0267,A-0292,390571.84,2026-09-10 09:18:02,IMPS
TXN-02687,A-0216,A-0298,209803.39,2025-02-16 03:16:38,UPI
TXN-02688,A-0413,A-0497,194469.73,2025-12-07 02:40:04,RTGS
TXN-02689,A-0059,A-0366,24055.99,2024-02-08 17:58:03,IMPS
TXN-02690,A-0463,A-0143,299842.62,2025-11-29 04:13:23,Cash Deposit
TXN-02691,A-0148,A-0426,374948.69,2025-01-05 08:41:32,Cash Deposit
TXN-02692,A-0356,A-0490,425147.66,2026-05-21 02:22:26,RTGS
TXN-02693,A-0008,A-0059,136201.21,2026-09-07 23:46:59,RTGS
TXN-02694,A-0491,A-0497,485165.24,2025-08-23 05:58:09,NEFT
TXN-02695,A-0138,A-0440,60113.03,2026-04-17 16:53:42,NEFT
TXN-02696,A-0032,A-0196,456227.53,2025-08-30 17:45:11,RTGS
TXN-02697,A-0013,A-0395,176673.32,2026-12-19 17:27:02,IMPS
TXN-02698,A-0274,A-0335,363075.23,2025-02-21 05:53:38,NEFT
TXN-02699,A-0169,A-0342,118242.28,2026-01-09 04:07:50,NEFT
TXN-02700,A-0036,A-0463,186669.35,2026-04-16 21:45:29,IMPS
TXN-02701,A-0101,A-0069,138291.71,2025-05-16 06:40:38,RTGS
TXN-02702,A-0113,A-0180,209507.66,2025-12-30 04:29:21,Cash Deposit
TXN-02703,A-0283,A-0265,464410.29,2025-02-03 23:55:06,Cash Deposit
TXN-02704,A-0247,A-0408,154355.24,2024-11-19 01:56:57,RTGS
TXN-02705,A-0255,A-0439,256649.8,2024-09-04 18:16:43,IMPS
TXN-02706,A-0073,A-0239,362316.05,2024-08-15 13:41:13,Cash Deposit
TXN-02707,A-0162,A-0214,180008.18,2025-07-31 12:56:02,NEFT
TXN-02708,A-0405,A-0307,130782.13,2024-11-28 18:58:02,NEFT
TXN-02709,A-0484,A-0137,467788.64,2026-09-24 15:45:00,Cash Deposit
TXN-02710,A-0154,A-0380,465152.11,2026-01-29 09:41:54,IMPS
TXN-02711,A-0001,A-0214,477683.99,2026-03-15 18:51:03,RTGS
TXN-02712,A-0373,A-0154,108777.74,2024-11-02 12:22:53,RTGS
TXN-02713,A-0097,A-0204,434239.82,2025-04-20 00:11:53,RTGS
TXN-02714,A-0016,A-0038,334445.7,2024-07-19 23:34:48,RTGS
TXN-02715,A-0251,A-0090,95302.39,2024-08-20 23:41:42,RTGS
TXN-02716,A-0373,A-0097,18378.74,2024-02-04 05:59:11,UPI
TXN-02717,A-0415,A-0182,323555.52,2026-05-26 22:49:58,Cash Deposit
TXN-02718,A-0454,A-0423,268690.05,2024-12-02 07:23:20,UPI
TXN-02719,A-0209,A-0376,272764.02,2024-04-07 02:46:30,Cash Deposit
TXN-02720,A-0036,A-0298,471235.17,2024-08-09 08:52:49,Cash Deposit
TXN-02721,A-0347,A-0139,296517.93,2024-05-01 15:02:26,RTGS
TXN-02722,A-0017,A-0401,256276.43,2026-01-09 02:44:32,IMPS
TXN-02723,A-0024,A-0152,121035.76,2026-10-08 17:45:37,UPI
TXN-02724,A-0121,A-0414,392666.3,2024-09-04 18:39:46,IMPS
TXN-02725,A-0301,A-0236,194215.68,2025-08-23 02:19:42,NEFT
TXN-02726,A-0085,A-0270,203497.97,2025-10-02 12:54:41,NEFT
TXN-02727,A-0421,A-0490,204110.45,2025-04-16 15:22:42,UPI
TXN-02728,A-0489,A-0417,168135.36,2025-01-11 08:07:17,UPI
TXN-02729,A-0255,A-0323,59339.96,2024-10-01 03:50:43,RTGS
TXN-02730,A-0090,A-0491,35163.86,2026-12-30 20:53:45,UPI
TXN-02731,A-0417,A-0359,10627.96,2025-10-22 02:42:05,Cash Deposit
TXN-02732,A-0044,A-0313,450240.12,2024-02-06 12:48:08,RTGS
TXN-02733,A-0045,A-0136,287661.7,2026-07-30 22:45:43,UPI
TXN-02734,A-0363,A-0171,121981.81,2026-02-11 05:07:07,NEFT
TXN-02735,A-0019,A-0303,288559.59,2025-06-07 16:42:02,Cash Deposit
TXN-02736,A-0207,A-0486,168706.94,2026-11-21 19:10:31,IMPS
TXN-02737,A-0102,A-0134,162764.29,2026-02-28 09:58:09,NEFT
TXN-02738,A-0313,A-0166,419832.84,2025-06-13 14:40:09,Cash Deposit
TXN-02739,A-0107,A-0128,21396.52,2025-03-25 00:21:32,UPI
TXN-02740,A-0140,A-0234,333974.09,2024-07-21 13:52:37,NEFT
TXN-02741,A-0121,A-0146,124102.0,2024-12-27 13:19:28,UPI
TXN-02742,A-0062,A-0466,263391.13,2024-09-14 23:03:43,UPI
TXN-02743,A-0304,A-0148,54751.18,2024-01-25 00:08:30,NEFT
TXN-02744,A-0301,A-0177,244307.03,2024-10-01 01:52:38,RTGS
TXN-02745,A-0053,A-0275,146378.7,2026-10-10 23:54:20,IMPS
TXN-02746,A-0198,A-0179,325841.5,2026-05-02 15:12:16,Cash Deposit
TXN-02747,A-0023,A-0253,130726.15,2024-03-17 22:59:55,NEFT
TXN-02748,A-0328,A-0338,382850.71,2026-08-30 07:06:16,Cash Deposit
TXN-02749,A-0361,A-0189,118385.65,2024-06-15 09:17:33,NEFT
TXN-02750,A-0441,A-0165,214293.45,2025-12-20 09:33:58,NEFT
TXN-02751,A-0065,A-0079,381595.84,2025-09-07 16:40:56,Cash Deposit
TXN-02752,A-0199,A-0019,243736.24,2024-04-25 22:15:26,RTGS
TXN-02753,A-0001,A-0295,77489.66,2024-07-05 23:32:09,UPI
TXN-02754,A-0311,A-0116,49528.2,2026-02-03 20:12:09,UPI
TXN-02755,A-0153,A-0050,412574.82,2026-01-29 22:39:09,IMPS
TXN-02756,A-0030,A-0160,401561.44,2026-11-09 22:02:35,IMPS
TXN-02757,A-0223,A-0004,281808.6,2025-05-27 14:04:36,IMPS
TXN-02758,A-0344,A-0140,372287.71,2025-10-04 13:45:23,RTGS
TXN-02759,A-0423,A-0240,184596.77,2026-08-04 13:07:38,UPI
TXN-02760,A-0083,A-0126,23177.24,2025-08-20 00:37:44,UPI
TXN-02761,A-0387,A-0358,89782.46,2025-11-02 04:51:38,UPI
TXN-02762,A-0452,A-0151,45210.2,2024-02-21 22:53:52,UPI
TXN-02763,A-0248,A-0221,359254.01,2024-12-03 21:36:41,IMPS
TXN-02764,A-0088,A-0012,372854.43,2024-07-20 05:22:51,Cash Deposit
TXN-02765,A-0070,A-0398,296253.39,2025-01-14 01:32:01,NEFT
TXN-02766,A-0131,A-0090,259145.04,2025-01-18 00:53:24,NEFT
TXN-02767,A-0153,A-0495,274001.72,2024-06-22 21:48:21,IMPS
TXN-02768,A-0238,A-0234,105897.41,2026-11-14 17:16:51,UPI
TXN-02769,A-0343,A-0367,74950.85,2025-05-05 16:14:05,UPI
TXN-02770,A-0368,A-0360,158033.43,2026-07-24 08:13:28,UPI
TXN-02771,A-0327,A-0109,250818.11,2026-03-10 02:30:03,Cash Deposit
TXN-02772,A-0131,A-0296,454993.15,2026-10-15 18:42:52,RTGS
TXN-02773,A-0185,A-0107,160808.31,2026-01-14 05:56:12,IMPS
TXN-02774,A-0445,A-0127,317885.11,2025-10-14 11:46:57,RTGS
TXN-02775,A-0293,A-0175,135491.45,2024-09-02 11:27:57,IMPS
TXN-02776,A-0128,A-0216,120334.11,2024-04-20 10:31:10,Cash Deposit
TXN-02777,A-0066,A-0456,1637.67,2025-08-10 08:33:59,RTGS
TXN-02778,A-0263,A-0151,213380.25,2026-04-08 01:11:10,IMPS
TXN-02779,A-0333,A-0061,369190.88,2025-09-03 10:55:54,IMPS
TXN-02780,A-0383,A-0414,433406.58,2024-04-12 20:40:19,Cash Deposit
TXN-02781,A-0297,A-0099,166313.05,2025-05-23 18:05:27,Cash Deposit
TXN-02782,A-0294,A-0350,163536.87,2024-04-09 03:40:26,IMPS
TXN-02783,A-0491,A-0009,999.12,2026-12-19 19:52:18,Cash Deposit
TXN-02784,A-0104,A-0294,144498.57,2025-11-26 18:57:13,IMPS
TXN-02785,A-0178,A-0004,90855.49,2025-10-18 23:29:44,RTGS
TXN-02786,A-0200,A-0177,23434.37,2025-05-04 17:34:21,IMPS
TXN-02787,A-0243,A-0211,304323.18,2026-10-25 02:14:25,IMPS
TXN-02788,A-0485,A-0441,118089.13,2026-03-22 19:57:57,IMPS
TXN-02789,A-0028,A-0182,118972.45,2024-07-19 19:08:43,IMPS
TXN-02790,A-0016,A-0094,181712.15,2026-07-26 13:11:40,Cash Deposit
TXN-02791,A-0347,A-0028,89116.37,2024-09-11 10:02:46,RTGS
TXN-02792,A-0174,A-0011,101006.82,2025-05-07 22:55:35,RTGS
TXN-02793,A-0126,A-0195,18234.17,2025-04-05 10:53:29,UPI
TXN-02794,A-0064,A-0015,149391.74,2025-07-04 12:35:28,RTGS
TXN-02795,A-0267,A-0022,13640.14,2025-08-12 14:09:41,IMPS
TXN-02796,A-0097,A-0465,290015.69,2025-09-19 23:06:30,UPI
TXN-02797,A-0318,A-0217,455949.29,2026-04-21 15:54:41,NEFT
TXN-02798,A-0159,A-0309,188288.56,2024-09-11 15:07:08,UPI
TXN-02799,A-0192,A-0381,225087.61,2025-10-23 17:56:55,NEFT
TXN-02800,A-0436,A-0370,179715.83,2024-03-22 09:30:02,IMPS
TXN-02801,A-0099,A-0214,96875.58,2025-01-16 08:05:02,RTGS
TXN-02802,A-0321,A-0402,349180.0,2025-03-09 02:41:15,UPI
TXN-02803,A-0368,A-0024,341136.91,2024-09-11 04:16:46,UPI
TXN-02804,A-0112,A-0278,95986.09,2026-09-28 17:09:32,RTGS
TXN-02805,A-0014,A-0455,370497.41,2024-03-09 16:14:36,RTGS
TXN-02806,A-0308,A-0402,429503.32,2026-11-23 03:25:29,Cash Deposit
TXN-02807,A-0283,A-0397,346944.77,2026-07-16 00:23:43,Cash Deposit
TXN-02808,A-0442,A-0198,330571.66,2026-05-30 18:32:40,IMPS
TXN-02809,A-0477,A-0103,217054.05,2025-02-05 03:13:09,UPI
TXN-02810,A-0306,A-0278,449461.37,2025-03-13 08:11:51,UPI
TXN-02811,A-0340,A-0093,394350.8,2026-10-01 05:06:25,RTGS
TXN-02812,A-0383,A-0023,27705.45,2024-08-09 09:48:36,IMPS
TXN-02813,A-0103,A-0306,188612.98,2025-04-16 10:10:22,RTGS
TXN-02814,A-0265,A-0308,239487.66,2026-12-03 09:39:20,NEFT
TXN-02815,A-0264,A-0449,296474.36,2025-07-31 09:02:04,NEFT
TXN-02816,A-0439,A-0250,360968.5,2024-12-30 13:22:51,UPI
TXN-02817,A-0047,A-0420,333243.28,2025-11-19 08:27:11,IMPS
TXN-02818,A-0267,A-0145,432732.34,2026-04-26 05:33:46,UPI
TXN-02819,A-0105,A-0094,81616.54,2025-04-05 01:17:06,UPI
TXN-02820,A-0468,A-0369,328369.48,2024-10-04 13:49:18,Cash Deposit
TXN-02821,A-0031,A-0433,114942.98,2024-08-14 17:53:02,IMPS
TXN-02822,A-0166,A-0354,177282.9,2026-01-15 13:14:00,IMPS
TXN-02823,A-0049,A-0321,424232.88,2024-07-07 16:59:01,Cash Deposit
TXN-02824,A-0480,A-0446,80029.51,2024-07-06 10:57:15,Cash Deposit
TXN-02825,A-0071,A-0152,206243.51,2025-09-18 08:15:02,Cash Deposit
TXN-02826,A-0391,A-0362,314898.17,2024-01-07 09:21:49,UPI
TXN-02827,A-0045,A-0009,27152.45,2026-10-23 01:27:58,NEFT
TXN-02828,A-0330,A-0444,309152.65,2026-03-15 10:01:54,NEFT
TXN-02829,A-0475,A-0165,422467.94,2026-09-03 09:25:02,RTGS
TXN-02830,A-0304,A-0184,70258.44,2026-04-08 09:40:53,NEFT
TXN-02831,A-0252,A-0174,221853.18,2025-03-15 03:17:06,RTGS
TXN-02832,A-0479,A-0036,388157.91,2024-01-14 13:12:25,Cash Deposit
TXN-02833,A-0090,A-0184,192758.46,2026-04-19 12:31:37,NEFT
TXN-02834,A-0255,A-0102,424144.8,2025-06-11 06:58:19,RTGS
TXN-02835,A-0284,A-0312,30732.71,2024-05-31 22:29:16,UPI
TXN-02836,A-0474,A-0013,88895.93,2024-12-11 09:07:46,UPI
TXN-02837,A-0412,A-0068,188062.57,2026-07-09 16:49:39,UPI
TXN-02838,A-0200,A-0493,186932.27,2026-03-25 04:50:12,RTGS
TXN-02839,A-0190,A-0500,236436.59,2026-08-22 19:48:28,IMPS
TXN-02840,A-0057,A-0050,155665.26,2024-09-21 18:18:41,IMPS
TXN-02841,A-0090,A-0048,497910.07,2026-09-18 06:23:12,Cash Deposit
TXN-02842,A-0130,A-0394,490780.34,2024-10-31 02:49:55,RTGS
TXN-02843,A-0132,A-0029,278734.0,2025-08-11 17:12:57,RTGS
TXN-02844,A-0435,A-0490,216555.41,2024-06-25 07:22:33,UPI
TXN-02845,A-0224,A-0036,486682.9,2026-05-05 19:06:46,RTGS
TXN-02846,A-0343,A-0435,374665.72,2026-10-28 22:53:00,RTGS
TXN-02847,A-0307,A-0330,76798.69,2024-06-03 23:02:26,NEFT
TXN-02848,A-0354,A-0272,439970.89,2024-09-16 16:26:08,IMPS
TXN-02849,A-0045,A-0157,457700.04,2025-12-18 23:29:44,IMPS
TXN-02850,A-0002,A-0303,436805.81,2026-08-11 08:42:39,NEFT
TXN-02851,A-0101,A-0457,461202.14,2024-04-04 21:58:12,Cash Deposit
TXN-02852,A-0024,A-0114,352329.41,2026-11-18 05:52:50,NEFT
TXN-02853,A-0467,A-0304,248360.17,2026-01-07 05:40:28,IMPS
TXN-02854,A-0315,A-0229,153393.91,2025-04-18 10:06:37,IMPS
TXN-02855,A-0484,A-0424,403069.02,2026-03-09 07:37:44,IMPS
TXN-02856,A-0197,A-0134,284851.88,2026-09-11 09:22:30,IMPS
TXN-02857,A-0291,A-0063,41995.02,2025-05-25 03:35:23,UPI
TXN-02858,A-0486,A-0399,418808.68,2026-02-01 04:37:40,UPI
TXN-02859,A-0443,A-0321,175883.87,2026-12-23 03:23:46,RTGS
TXN-02860,A-0182,A-0481,82392.52,2026-12-26 02:37:51,Cash Deposit
TXN-02861,A-0409,A-0499,192410.09,2026-12-14 14:59:32,RTGS
TXN-02862,A-0337,A-0283,74497.9,2024-12-20 08:27:14,IMPS
TXN-02863,A-0052,A-0037,293038.68,2025-05-19 23:54:21,NEFT
TXN-02864,A-0089,A-0166,341335.4,2025-06-25 20:56:55,IMPS
TXN-02865,A-0186,A-0231,40443.8,2024-02-09 07:36:38,Cash Deposit
TXN-02866,A-0280,A-0338,409384.41,2024-07-29 02:02:10,UPI
TXN-02867,A-0388,A-0335,139459.46,2025-03-15 05:45:54,UPI
TXN-02868,A-0435,A-0247,255803.4,2025-01-20 02:03:45,IMPS
TXN-02869,A-0041,A-0143,219749.63,2025-01-04 08:06:47,Cash Deposit
TXN-02870,A-0487,A-0142,495858.79,2025-12-04 09:58:18,IMPS
TXN-02871,A-0443,A-0333,379960.46,2024-09-07 16:04:40,NEFT
TXN-02872,A-0388,A-0329,34058.01,2025-01-31 00:11:03,IMPS
TXN-02873,A-0358,A-0135,196354.83,2026-11-05 16:35:10,Cash Deposit
TXN-02874,A-0272,A-0047,37239.3,2026-01-30 20:30:50,Cash Deposit
TXN-02875,A-0478,A-0498,318175.66,2025-12-24 12:13:29,UPI
TXN-02876,A-0405,A-0225,193751.96,2024-10-24 20:18:21,NEFT
TXN-02877,A-0040,A-0394,26965.49,2025-03-19 15:48:27,UPI
TXN-02878,A-0246,A-0445,469179.63,2024-07-09 11:04:07,NEFT
TXN-02879,A-0451,A-0496,303860.6,2024-12-21 04:34:11,IMPS
TXN-02880,A-0170,A-0103,203021.58,2024-07-21 20:32:35,IMPS
TXN-02881,A-0042,A-0197,439450.37,2025-07-31 10:34:48,UPI
TXN-02882,A-0281,A-0339,134407.93,2024-02-01 12:08:19,UPI
TXN-02883,A-0015,A-0266,259105.21,2025-10-27 08:10:57,UPI
TXN-02884,A-0341,A-0340,9994.68,2025-07-13 05:48:26,Cash Deposit
TXN-02885,A-0390,A-0316,348181.33,2026-03-25 03:53:46,RTGS
TXN-02886,A-0020,A-0441,271197.23,2026-08-06 21:31:08,RTGS
TXN-02887,A-0219,A-0169,50801.2,2024-06-12 08:14:03,RTGS
TXN-02888,A-0453,A-0256,229901.82,2024-02-15 19:03:22,UPI
TXN-02889,A-0171,A-0230,465320.9,2025-06-18 21:16:58,UPI
TXN-02890,A-0217,A-0434,212091.38,2026-09-22 02:27:06,IMPS
TXN-02891,A-0222,A-0242,263218.15,2024-04-10 20:56:44,Cash Deposit
TXN-02892,A-0221,A-0253,59564.62,2026-12-31 12:00:35,Cash Deposit
TXN-02893,A-0282,A-0092,482681.71,2024-02-17 07:19:45,IMPS
TXN-02894,A-0075,A-0336,234319.58,2026-11-22 13:19:20,IMPS
TXN-02895,A-0414,A-0031,473981.18,2024-05-15 12:16:33,IMPS
TXN-02896,A-0478,A-0359,470116.01,2024-06-19 13:23:15,Cash Deposit
TXN-02897,A-0264,A-0402,53290.09,2025-11-27 03:15:23,RTGS
TXN-02898,A-0329,A-0047,339364.85,2024-06-13 13:51:15,Cash Deposit
TXN-02899,A-0433,A-0274,136281.97,2026-09-30 07:16:15,UPI
TXN-02900,A-0287,A-0397,348994.32,2025-10-18 04:15:00,RTGS
TXN-02901,A-0459,A-0207,187566.47,2026-04-22 16:29:10,UPI
TXN-02902,A-0357,A-0488,158573.08,2026-02-18 20:48:07,UPI
TXN-02903,A-0072,A-0099,380499.28,2024-07-11 07:18:39,IMPS
TXN-02904,A-0494,A-0095,98588.73,2026-02-27 20:23:44,Cash Deposit
TXN-02905,A-0301,A-0317,47997.05,2025-12-05 16:49:01,NEFT
TXN-02906,A-0417,A-0460,11441.9,2025-12-24 16:53:34,UPI
TXN-02907,A-0217,A-0281,33329.12,2025-08-21 12:39:26,NEFT
TXN-02908,A-0087,A-0375,470994.38,2025-07-08 22:56:33,NEFT
TXN-02909,A-0114,A-0266,307272.94,2026-06-30 19:30:59,NEFT
TXN-02910,A-0023,A-0104,365372.48,2024-08-24 10:45:30,Cash Deposit
TXN-02911,A-0486,A-0423,1806.23,2024-04-15 10:00:38,Cash Deposit
TXN-02912,A-0448,A-0358,72533.75,2025-01-11 15:22:57,RTGS
TXN-02913,A-0493,A-0083,390442.62,2024-11-04 12:43:35,RTGS
TXN-02914,A-0402,A-0365,221370.7,2026-01-01 07:23:33,NEFT
TXN-02915,A-0061,A-0439,275106.68,2024-01-12 20:35:08,IMPS
TXN-02916,A-0103,A-0093,219980.97,2026-06-30 04:42:42,NEFT
TXN-02917,A-0409,A-0498,198751.96,2024-03-23 15:44:47,IMPS
TXN-02918,A-0497,A-0141,469085.42,2024-01-31 13:14:46,Cash Deposit
TXN-02919,A-0110,A-0494,228679.13,2024-02-03 08:45:23,NEFT
TXN-02920,A-0242,A-0397,491380.41,2025-06-07 13:38:05,UPI
TXN-02921,A-0486,A-0260,2489.76,2026-11-23 07:25:05,Cash Deposit
TXN-02922,A-0288,A-0421,130547.35,2024-10-11 20:31:21,UPI
TXN-02923,A-0438,A-0227,471603.4,2024-04-15 10:07:52,Cash Deposit
TXN-02924,A-0250,A-0077,223249.57,2025-09-03 04:56:16,RTGS
TXN-02925,A-0392,A-0044,453891.8,2024-05-23 15:37:14,NEFT
TXN-02926,A-0232,A-0356,18339.64,2026-12-07 01:03:59,Cash Deposit
TXN-02927,A-0075,A-0001,468645.0,2024-12-07 19:19:13,RTGS
TXN-02928,A-0364,A-0087,221626.6,2025-03-13 21:03:18,Cash Deposit
TXN-02929,A-0002,A-0393,19990.95,2026-06-20 17:20:02,UPI
TXN-02930,A-0162,A-0342,343217.17,2024-12-10 10:55:43,IMPS
TXN-02931,A-0146,A-0128,461771.61,2024-06-27 01:37:03,NEFT
TXN-02932,A-0318,A-0294,47773.41,2025-03-20 05:11:41,NEFT
TXN-02933,A-0207,A-0242,18250.6,2025-06-24 01:16:56,NEFT
TXN-02934,A-0374,A-0175,248706.67,2025-06-23 05:21:08,RTGS
TXN-02935,A-0264,A-0111,427075.55,2024-08-08 18:43:01,RTGS
TXN-02936,A-0032,A-0122,15153.23,2025-07-24 06:50:51,Cash Deposit
TXN-02937,A-0054,A-0155,466250.89,2025-03-20 01:31:32,IMPS
TXN-02938,A-0177,A-0013,318654.72,2024-09-27 17:59:18,RTGS
TXN-02939,A-0279,A-0415,184699.38,2026-03-23 18:52:33,RTGS
TXN-02940,A-0050,A-0305,253377.31,2026-10-07 10:11:58,IMPS
TXN-02941,A-0214,A-0336,273606.65,2026-06-18 09:24:12,NEFT
TXN-02942,A-0088,A-0098,199597.73,2024-12-16 19:33:37,IMPS
TXN-02943,A-0085,A-0419,151733.25,2025-11-16 00:18:10,IMPS
TXN-02944,A-0492,A-0237,146705.73,2024-07-10 17:40:22,Cash Deposit
TXN-02945,A-0186,A-0418,483853.63,2025-09-03 01:56:44,Cash Deposit
TXN-02946,A-0223,A-0407,135309.82,2024-06-22 05:27:57,UPI
TXN-02947,A-0043,A-0036,405330.85,2026-06-05 01:22:34,NEFT
TXN-02948,A-0410,A-0327,417028.22,2025-07-07 04:10:33,UPI
TXN-02949,A-0052,A-0354,228422.8,2026-04-18 01:55:17,NEFT
TXN-02950,A-0379,A-0052,468914.6,2024-02-17 21:16:47,Cash Deposit
TXN-02951,A-0313,A-0333,367036.23,2024-11-29 14:52:49,UPI
TXN-02952,A-0193,A-0288,90711.74,2025-07-09 17:04:29,UPI
TXN-02953,A-0081,A-0025,35181.6,2026-02-16 07:05:48,IMPS
TXN-02954,A-0035,A-0413,65829.03,2024-03-12 21:32:06,IMPS
TXN-02955,A-0110,A-0094,2610.8,2026-01-01 10:49:01,IMPS
TXN-02956,A-0409,A-0224,143051.78,2026-12-23 14:13:12,RTGS
TXN-02957,A-0414,A-0202,86856.76,2024-09-09 17:53:49,IMPS
TXN-02958,A-0406,A-0389,401987.16,2026-07-26 05:00:23,NEFT
TXN-02959,A-0035,A-0269,217339.27,2026-10-02 01:21:00,UPI
TXN-02960,A-0159,A-0137,9157.41,2026-03-08 05:10:27,Cash Deposit
TXN-02961,A-0145,A-0477,238027.05,2025-08-12 12:52:59,RTGS
TXN-02962,A-0320,A-0040,100381.04,2026-06-12 17:21:45,NEFT
TXN-02963,A-0437,A-0321,72722.84,2024-05-31 09:15:24,UPI
TXN-02964,A-0051,A-0143,328228.59,2024-02-20 16:52:38,UPI
TXN-02965,A-0443,A-0119,410754.39,2026-06-13 13:51:01,RTGS
TXN-02966,A-0068,A-0423,29123.99,2024-01-21 18:00:30,RTGS
TXN-02967,A-0416,A-0114,231416.11,2025-08-20 06:17:48,NEFT
TXN-02968,A-0373,A-0136,244988.37,2024-10-19 10:50:12,Cash Deposit
TXN-02969,A-0342,A-0461,67283.43,2025-08-31 20:42:45,NEFT
TXN-02970,A-0162,A-0356,210870.65,2026-06-30 03:32:28,IMPS
TXN-02971,A-0026,A-0407,425211.27,2024-02-27 10:12:02,RTGS
TXN-02972,A-0185,A-0422,59041.92,2024-11-29 09:35:51,NEFT
TXN-02973,A-0327,A-0144,154219.05,2026-01-14 15:37:00,Cash Deposit
TXN-02974,A-0112,A-0310,407011.46,2026-09-12 02:53:40,UPI
TXN-02975,A-0431,A-0047,193138.75,2024-10-12 01:37:33,NEFT
TXN-02976,A-0182,A-0479,318510.68,2026-10-08 12:59:12,RTGS
TXN-02977,A-0365,A-0245,234054.83,2025-07-13 21:45:30,Cash Deposit
TXN-02978,A-0236,A-0183,189653.87,2026-05-07 10:12:21,Cash Deposit
TXN-02979,A-0254,A-0194,402302.32,2026-03-23 16:03:44,RTGS
TXN-02980,A-0366,A-0048,351458.14,2025-03-26 11:01:17,UPI
TXN-02981,A-0202,A-0470,106646.52,2025-07-24 00:26:25,IMPS
TXN-02982,A-0399,A-0073,211901.66,2024-11-26 04:01:37,IMPS
TXN-02983,A-0381,A-0181,436186.51,2025-02-12 04:56:39,IMPS
TXN-02984,A-0370,A-0147,153429.05,2024-09-29 04:22:07,UPI
TXN-02985,A-0007,A-0009,257089.25,2025-08-04 20:49:58,IMPS
TXN-02986,A-0484,A-0318,167508.63,2024-03-28 01:55:17,RTGS
TXN-02987,A-0052,A-0392,183179.17,2025-01-28 15:22:53,IMPS
TXN-02988,A-0205,A-0298,297886.41,2024-04-27 11:44:54,UPI
TXN-02989,A-0275,A-0465,206662.72,2025-04-09 17:31:21,NEFT
TXN-02990,A-0318,A-0235,160743.17,2024-03-08 01:19:26,RTGS
TXN-02991,A-0111,A-0392,9004.8,2025-06-07 03:19:18,UPI
TXN-02992,A-0255,A-0184,166284.82,2024-03-14 21:29:42,NEFT
TXN-02993,A-0166,A-0140,105137.36,2026-02-01 04:05:14,Cash Deposit
TXN-02994,A-0141,A-0020,445070.8,2024-09-14 22:07:21,NEFT
TXN-02995,A-0496,A-0373,332801.6,2024-11-01 01:35:12,RTGS
TXN-02996,A-0171,A-0300,471551.87,2025-10-20 00:05:38,UPI
TXN-02997,A-0075,A-0406,168782.13,2024-07-17 13:06:09,RTGS
TXN-02998,A-0183,A-0295,387785.58,2026-01-24 20:46:18,IMPS
TXN-02999,A-0036,A-0312,216970.84,2026-06-18 04:02:56,IMPS
TXN-03000,A-0166,A-0466,405155.03,2025-03-19 13:48:06,UPI
TXN-03001,A-0280,A-0045,235462.32,2024-08-11 23:30:58,UPI
TXN-03002,A-0105,A-0067,76000.43,2024-03-31 09:03:39,IMPS
TXN-03003,A-0103,A-0276,35865.33,2025-02-13 14:27:04,IMPS
TXN-03004,A-0137,A-0500,289982.55,2024-09-05 17:06:10,UPI
TXN-03005,A-0336,A-0215,156119.16,2025-11-23 02:40:02,RTGS
TXN-03006,A-0062,A-0448,432260.14,2024-05-09 03:37:22,IMPS
TXN-03007,A-0460,A-0210,190004.03,2026-10-18 06:28:16,UPI
TXN-03008,A-0253,A-0121,86916.95,2026-09-06 00:31:38,IMPS
TXN-03009,A-0107,A-0280,21268.83,2025-06-11 12:44:47,NEFT
TXN-03010,A-0186,A-0167,112215.73,2026-03-24 16:47:52,NEFT
TXN-03011,A-0341,A-0055,101851.67,2024-11-06 04:16:05,UPI
TXN-03012,A-0497,A-0370,99337.82,2025-01-13 11:17:52,Cash Deposit
TXN-03013,A-0195,A-0357,414166.95,2026-03-06 04:39:55,UPI
TXN-03014,A-0492,A-0104,39595.49,2026-02-11 06:29:34,NEFT
TXN-03015,A-0304,A-0142,381649.21,2025-06-12 00:31:36,UPI
TXN-03016,A-0040,A-0430,364054.72,2025-08-19 15:15:31,NEFT
TXN-03017,A-0005,A-0176,279165.02,2025-07-17 21:41:54,IMPS
TXN-03018,A-0479,A-0232,309730.57,2026-02-01 08:00:18,Cash Deposit
TXN-03019,A-0465,A-0032,148466.58,2024-02-27 17:27:33,UPI
TXN-03020,A-0472,A-0104,118164.96,2025-01-21 13:27:07,NEFT
TXN-03021,A-0488,A-0220,435578.23,2025-07-17 02:17:38,IMPS
TXN-03022,A-0057,A-0257,224455.11,2024-03-01 00:07:01,IMPS
TXN-03023,A-0198,A-0189,479321.49,2024-10-17 12:14:13,IMPS
TXN-03024,A-0262,A-0378,213181.96,2025-05-03 18:25:57,Cash Deposit
TXN-03025,A-0046,A-0073,383757.99,2025-02-10 12:23:32,Cash Deposit
TXN-03026,A-0313,A-0002,239906.2,2025-11-23 00:09:54,NEFT
TXN-03027,A-0022,A-0360,432930.8,2024-05-06 17:31:16,RTGS
TXN-03028,A-0129,A-0490,193489.92,2026-12-19 11:25:25,NEFT
TXN-03029,A-0199,A-0219,97291.05,2026-04-07 16:05:31,NEFT
TXN-03030,A-0388,A-0309,345079.67,2026-04-08 06:29:59,Cash Deposit
TXN-03031,A-0127,A-0105,154217.61,2026-07-28 12:09:41,UPI
TXN-03032,A-0061,A-0343,42212.01,2024-06-11 06:36:40,NEFT
TXN-03033,A-0435,A-0364,412560.3,2026-01-04 22:07:58,NEFT
TXN-03034,A-0459,A-0317,130155.38,2025-04-10 20:45:15,Cash Deposit
TXN-03035,A-0088,A-0263,443499.66,2024-11-01 19:23:28,UPI
TXN-03036,A-0394,A-0180,371706.75,2026-05-03 13:23:48,Cash Deposit
TXN-03037,A-0008,A-0151,277853.71,2024-04-20 06:23:43,Cash Deposit
TXN-03038,A-0145,A-0157,457226.88,2026-07-31 16:55:20,Cash Deposit
TXN-03039,A-0144,A-0278,120252.56,2024-06-10 07:29:13,Cash Deposit
TXN-03040,A-0268,A-0500,423402.95,2024-11-20 22:29:49,NEFT
TXN-03041,A-0138,A-0443,116278.49,2025-08-04 04:45:29,IMPS
TXN-03042,A-0397,A-0023,258761.68,2026-04-11 19:53:24,NEFT
TXN-03043,A-0388,A-0304,399812.55,2025-05-22 21:30:03,RTGS
TXN-03044,A-0200,A-0014,436151.35,2026-03-13 05:16:41,NEFT
TXN-03045,A-0278,A-0361,310282.96,2024-10-29 08:22:41,RTGS
TXN-03046,A-0071,A-0300,461224.04,2025-08-28 17:07:17,RTGS
TXN-03047,A-0352,A-0337,177760.1,2026-08-22 10:08:38,IMPS
TXN-03048,A-0412,A-0185,430044.21,2026-05-09 00:32:27,UPI
TXN-03049,A-0333,A-0326,448379.24,2026-04-22 18:21:51,Cash Deposit
TXN-03050,A-0185,A-0299,298918.99,2025-01-09 17:17:15,RTGS
TXN-03051,A-0450,A-0160,409957.02,2026-11-23 04:08:57,NEFT
TXN-03052,A-0311,A-0329,161414.3,2026-04-24 10:44:05,IMPS
TXN-03053,A-0267,A-0428,247986.55,2024-09-23 16:46:12,RTGS
TXN-03054,A-0376,A-0373,40788.89,2025-12-12 22:00:04,UPI
TXN-03055,A-0320,A-0384,414362.05,2025-06-23 04:01:43,NEFT
TXN-03056,A-0205,A-0153,235627.42,2025-09-27 16:13:02,RTGS
TXN-03057,A-0050,A-0062,431489.95,2026-10-26 10:19:00,UPI
TXN-03058,A-0376,A-0396,223867.58,2024-08-26 09:18:45,UPI
TXN-03059,A-0285,A-0091,342080.21,2025-02-11 03:12:18,Cash Deposit
TXN-03060,A-0057,A-0242,256245.2,2024-10-20 12:50:52,RTGS
TXN-03061,A-0069,A-0350,343956.94,2026-11-23 09:24:32,NEFT
TXN-03062,A-0488,A-0227,403405.0,2024-08-28 23:16:11,UPI
TXN-03063,A-0136,A-0185,467608.82,2025-10-29 22:16:32,NEFT
TXN-03064,A-0475,A-0278,81009.18,2026-02-02 04:13:09,Cash Deposit
TXN-03065,A-0463,A-0157,464899.58,2025-09-23 16:08:59,Cash Deposit
TXN-03066,A-0385,A-0372,171276.12,2025-04-14 14:15:19,RTGS
TXN-03067,A-0112,A-0402,151879.61,2026-08-19 00:51:33,UPI
TXN-03068,A-0364,A-0084,381950.72,2025-01-29 16:29:55,NEFT
TXN-03069,A-0186,A-0012,93012.31,2026-02-10 18:33:08,NEFT
TXN-03070,A-0004,A-0476,257433.92,2025-03-24 13:24:11,NEFT
TXN-03071,A-0499,A-0395,330515.28,2026-06-29 22:32:32,UPI
TXN-03072,A-0319,A-0407,91422.48,2026-06-04 23:04:58,IMPS
TXN-03073,A-0192,A-0077,183329.89,2025-06-25 01:08:22,RTGS
TXN-03074,A-0290,A-0239,410374.3,2024-12-21 08:28:55,IMPS
TXN-03075,A-0305,A-0033,483693.95,2026-11-16 18:50:20,IMPS
TXN-03076,A-0081,A-0435,78352.1,2024-12-13 21:51:18,Cash Deposit
TXN-03077,A-0248,A-0403,182805.6,2024-03-09 06:37:40,RTGS
TXN-03078,A-0407,A-0283,280371.53,2025-08-03 12:55:48,IMPS
TXN-03079,A-0468,A-0161,79294.5,2025-08-06 04:57:12,UPI
TXN-03080,A-0165,A-0151,466718.36,2026-10-25 16:27:47,RTGS
TXN-03081,A-0057,A-0096,344593.31,2026-10-29 23:54:54,RTGS
TXN-03082,A-0206,A-0230,326148.16,2025-05-03 09:02:47,NEFT
TXN-03083,A-0234,A-0015,73486.36,2026-05-27 07:50:46,UPI
TXN-03084,A-0002,A-0321,43212.37,2024-06-01 16:02:08,IMPS
TXN-03085,A-0495,A-0183,94866.66,2026-09-03 15:39:43,RTGS
TXN-03086,A-0453,A-0192,426904.43,2024-09-01 14:18:29,NEFT
TXN-03087,A-0037,A-0449,317835.63,2025-12-13 15:24:23,Cash Deposit
TXN-03088,A-0139,A-0408,248662.66,2026-02-09 07:28:08,Cash Deposit
TXN-03089,A-0027,A-0122,207202.39,2024-02-03 07:44:25,NEFT
TXN-03090,A-0490,A-0440,334078.73,2026-11-23 15:33:48,UPI
TXN-03091,A-0066,A-0198,413990.1,2026-11-13 16:33:56,Cash Deposit
TXN-03092,A-0171,A-0479,453979.13,2026-10-26 09:23:16,UPI
TXN-03093,A-0171,A-0116,313589.27,2024-05-16 19:20:55,Cash Deposit
TXN-03094,A-0170,A-0280,93601.2,2025-10-29 06:38:39,RTGS
TXN-03095,A-0328,A-0241,223335.89,2026-03-10 04:29:01,Cash Deposit
TXN-03096,A-0140,A-0454,5717.57,2026-05-04 02:06:35,IMPS
TXN-03097,A-0047,A-0001,471179.96,2026-02-04 20:25:15,RTGS
TXN-03098,A-0089,A-0412,14512.16,2026-12-17 16:25:09,NEFT
TXN-03099,A-0191,A-0046,294641.29,2026-09-03 03:08:46,IMPS
TXN-03100,A-0344,A-0384,169678.36,2026-06-30 09:23:36,UPI
TXN-03101,A-0310,A-0245,134041.11,2024-04-11 15:33:19,IMPS
TXN-03102,A-0026,A-0411,320247.61,2026-08-26 02:36:49,IMPS
TXN-03103,A-0118,A-0410,53635.37,2025-08-12 15:13:10,IMPS
TXN-03104,A-0434,A-0169,417329.11,2025-11-15 06:38:25,IMPS
TXN-03105,A-0323,A-0016,280290.27,2024-10-08 15:59:35,NEFT
TXN-03106,A-0028,A-0059,32388.7,2026-01-11 20:06:52,NEFT
TXN-03107,A-0474,A-0016,447209.02,2026-11-18 23:44:26,RTGS
TXN-03108,A-0180,A-0098,384323.55,2024-08-15 02:42:53,RTGS
TXN-03109,A-0166,A-0326,402008.85,2024-09-09 12:49:45,NEFT
TXN-03110,A-0454,A-0387,164044.7,2025-02-24 09:34:18,UPI
TXN-03111,A-0426,A-0418,343818.12,2026-05-15 01:03:41,Cash Deposit
TXN-03112,A-0402,A-0039,428999.56,2025-03-20 17:46:34,Cash Deposit
TXN-03113,A-0197,A-0414,328809.67,2026-08-15 00:26:26,RTGS
TXN-03114,A-0449,A-0032,214282.05,2026-02-25 00:21:46,IMPS
TXN-03115,A-0368,A-0449,145237.42,2024-05-02 15:17:00,IMPS
TXN-03116,A-0049,A-0046,276059.02,2025-04-14 06:28:50,IMPS
TXN-03117,A-0012,A-0424,362709.21,2024-07-18 10:42:04,UPI
TXN-03118,A-0233,A-0318,101469.54,2024-02-11 09:57:17,RTGS
TXN-03119,A-0290,A-0455,112948.11,2025-01-27 11:41:50,Cash Deposit
TXN-03120,A-0098,A-0379,216906.95,2024-10-26 10:35:12,IMPS
TXN-03121,A-0462,A-0343,77966.44,2026-01-03 05:41:27,UPI
TXN-03122,A-0035,A-0128,147121.42,2025-06-17 02:52:24,RTGS
TXN-03123,A-0422,A-0478,207696.39,2024-07-31 05:02:11,RTGS
TXN-03124,A-0290,A-0069,269994.46,2026-02-26 13:28:05,NEFT
TXN-03125,A-0168,A-0485,120312.51,2024-12-23 17:10:29,NEFT
TXN-03126,A-0435,A-0494,273313.98,2026-04-19 18:13:34,Cash Deposit
TXN-03127,A-0014,A-0367,134554.13,2026-04-18 22:14:17,Cash Deposit
TXN-03128,A-0262,A-0323,26293.55,2025-07-14 15:59:10,RTGS
TXN-03129,A-0437,A-0111,187714.75,2024-06-14 22:33:20,RTGS
TXN-03130,A-0341,A-0302,282815.09,2026-05-28 12:01:46,NEFT
TXN-03131,A-0495,A-0324,373827.17,2025-05-14 21:38:26,IMPS
TXN-03132,A-0420,A-0412,109224.35,2025-06-06 22:27:24,Cash Deposit
TXN-03133,A-0334,A-0356,227558.38,2025-09-24 11:58:26,RTGS
TXN-03134,A-0135,A-0129,404632.41,2024-05-06 06:08:23,NEFT
TXN-03135,A-0030,A-0246,439286.42,2026-08-29 04:10:10,IMPS
TXN-03136,A-0336,A-0198,326973.27,2025-11-06 01:09:04,NEFT
TXN-03137,A-0285,A-0217,499268.77,2024-01-27 02:43:58,RTGS
TXN-03138,A-0128,A-0228,499859.39,2026-04-16 22:25:57,UPI
TXN-03139,A-0262,A-0038,377977.73,2024-07-18 23:35:31,Cash Deposit
TXN-03140,A-0271,A-0029,22451.21,2024-08-18 04:02:04,Cash Deposit
TXN-03141,A-0002,A-0261,349138.93,2025-07-02 10:05:27,IMPS
TXN-03142,A-0131,A-0162,174882.43,2025-04-16 04:53:02,Cash Deposit
TXN-03143,A-0069,A-0046,340305.46,2024-05-11 20:29:33,IMPS
TXN-03144,A-0039,A-0491,284348.47,2024-06-26 00:16:32,IMPS
TXN-03145,A-0372,A-0352,177122.99,2024-09-27 14:38:12,RTGS
TXN-03146,A-0328,A-0480,203596.33,2024-09-28 02:34:47,IMPS
TXN-03147,A-0046,A-0154,340376.8,2026-06-07 06:17:06,UPI
TXN-03148,A-0436,A-0001,499913.3,2024-01-15 19:24:36,RTGS
TXN-03149,A-0384,A-0267,210966.45,2026-08-23 23:22:48,UPI
TXN-03150,A-0158,A-0123,83198.64,2026-07-26 16:12:46,NEFT
TXN-03151,A-0260,A-0189,394625.05,2025-10-29 15:38:30,NEFT
TXN-03152,A-0041,A-0431,116206.21,2025-07-25 20:31:24,IMPS
TXN-03153,A-0275,A-0286,360689.93,2024-05-27 01:38:05,Cash Deposit
TXN-03154,A-0103,A-0074,430909.08,2026-08-07 15:09:10,UPI
TXN-03155,A-0303,A-0346,224046.89,2024-03-24 08:37:23,Cash Deposit
TXN-03156,A-0232,A-0127,5171.91,2024-06-30 03:32:47,NEFT
TXN-03157,A-0419,A-0427,391383.25,2025-10-15 07:02:02,IMPS
TXN-03158,A-0440,A-0468,165433.97,2025-03-25 07:35:18,RTGS
TXN-03159,A-0161,A-0059,313070.83,2025-12-11 02:28:36,RTGS
TXN-03160,A-0141,A-0021,132769.72,2024-02-10 18:01:04,Cash Deposit
TXN-03161,A-0446,A-0436,114042.83,2026-08-26 04:53:29,Cash Deposit
TXN-03162,A-0396,A-0319,486411.77,2026-12-04 19:31:48,UPI
TXN-03163,A-0269,A-0496,48580.51,2026-10-30 05:15:33,UPI
TXN-03164,A-0225,A-0194,333225.64,2024-03-06 11:48:08,RTGS
TXN-03165,A-0472,A-0187,329311.26,2025-10-13 19:29:35,Cash Deposit
TXN-03166,A-0395,A-0024,184588.54,2025-05-30 05:14:47,Cash Deposit
TXN-03167,A-0466,A-0240,358211.51,2026-04-12 21:35:54,Cash Deposit
TXN-03168,A-0245,A-0367,420110.25,2025-05-26 04:46:07,IMPS
TXN-03169,A-0301,A-0201,449816.33,2026-02-21 01:05:45,Cash Deposit
TXN-03170,A-0402,A-0004,317299.77,2024-12-26 19:56:45,NEFT
TXN-03171,A-0488,A-0386,105041.58,2026-10-11 04:37:34,UPI
TXN-03172,A-0185,A-0234,58376.3,2024-08-27 05:40:27,Cash Deposit
TXN-03173,A-0093,A-0309,261468.02,2026-02-26 14:03:23,NEFT
TXN-03174,A-0245,A-0118,262012.11,2025-06-26 06:09:25,UPI
TXN-03175,A-0335,A-0414,198810.3,2025-06-27 06:11:39,IMPS
TXN-03176,A-0379,A-0352,197368.28,2025-08-19 10:34:48,UPI
TXN-03177,A-0323,A-0336,263784.2,2026-04-05 18:25:47,IMPS
TXN-03178,A-0480,A-0260,35622.95,2025-05-04 05:17:58,UPI
TXN-03179,A-0344,A-0424,367015.05,2025-04-14 06:52:02,IMPS
TXN-03180,A-0153,A-0065,302695.87,2024-07-13 17:25:00,NEFT
TXN-03181,A-0154,A-0491,208441.44,2026-12-25 12:36:32,IMPS
TXN-03182,A-0384,A-0008,207639.54,2025-08-03 11:21:59,IMPS
TXN-03183,A-0013,A-0439,145949.66,2025-09-25 23:37:44,UPI
TXN-03184,A-0208,A-0478,212683.81,2025-03-17 03:20:23,Cash Deposit
TXN-03185,A-0394,A-0386,243711.85,2025-08-12 03:28:00,UPI
TXN-03186,A-0032,A-0114,293304.01,2025-03-24 16:02:34,IMPS
TXN-03187,A-0500,A-0429,399022.54,2026-06-21 09:40:33,UPI
TXN-03188,A-0068,A-0384,401884.63,2024-03-21 15:29:55,Cash Deposit
TXN-03189,A-0011,A-0192,346993.7,2026-10-22 00:57:07,RTGS
TXN-03190,A-0393,A-0167,462485.59,2026-05-07 21:36:30,NEFT
TXN-03191,A-0371,A-0287,249199.54,2024-07-17 22:50:24,RTGS
TXN-03192,A-0451,A-0260,219749.43,2026-10-25 00:25:29,NEFT
TXN-03193,A-0142,A-0077,165087.96,2024-05-07 17:22:50,UPI
TXN-03194,A-0493,A-0387,73369.56,2026-06-29 16:49:06,Cash Deposit
TXN-03195,A-0428,A-0307,465389.22,2026-05-17 14:15:18,NEFT
TXN-03196,A-0143,A-0318,348362.11,2025-10-07 19:00:28,Cash Deposit
TXN-03197,A-0499,A-0032,357410.86,2024-07-01 11:49:24,UPI
TXN-03198,A-0271,A-0191,287873.43,2025-10-22 09:52:04,IMPS
TXN-03199,A-0354,A-0200,218619.52,2025-12-18 02:27:30,Cash Deposit
TXN-03200,A-0404,A-0433,71919.61,2024-12-11 04:01:21,UPI
TXN-03201,A-0369,A-0309,203186.77,2025-10-17 05:09:41,Cash Deposit
TXN-03202,A-0063,A-0263,30533.26,2026-05-08 17:07:27,RTGS
TXN-03203,A-0221,A-0259,70588.71,2025-05-07 17:16:42,UPI
TXN-03204,A-0035,A-0396,270867.22,2026-06-14 09:17:39,IMPS
TXN-03205,A-0482,A-0133,123601.2,2026-08-05 02:50:53,NEFT
TXN-03206,A-0341,A-0167,352462.9,2024-07-06 21:18:00,NEFT
TXN-03207,A-0130,A-0284,9555.68,2024-07-03 08:18:19,UPI
TXN-03208,A-0156,A-0349,439346.27,2025-05-10 13:58:42,IMPS
TXN-03209,A-0329,A-0472,57979.55,2026-03-11 20:38:52,IMPS
TXN-03210,A-0126,A-0488,172127.83,2025-05-05 00:16:42,UPI
TXN-03211,A-0480,A-0276,83061.59,2026-10-20 13:49:52,IMPS
TXN-03212,A-0002,A-0144,46629.32,2026-05-27 13:45:39,UPI
TXN-03213,A-0018,A-0223,174105.13,2024-05-13 20:51:03,RTGS
TXN-03214,A-0439,A-0035,264835.36,2026-02-08 03:20:01,NEFT
TXN-03215,A-0367,A-0077,96892.13,2026-06-01 11:48:17,Cash Deposit
TXN-03216,A-0198,A-0397,178634.97,2024-08-19 10:53:02,UPI
TXN-03217,A-0284,A-0037,181861.43,2026-09-09 20:21:20,UPI
TXN-03218,A-0492,A-0117,376264.63,2026-08-08 10:57:08,NEFT
TXN-03219,A-0198,A-0331,170009.92,2024-06-02 06:26:13,IMPS
TXN-03220,A-0086,A-0389,482089.84,2026-03-03 03:33:00,RTGS
TXN-03221,A-0494,A-0309,156116.2,2024-06-11 04:44:56,IMPS
TXN-03222,A-0418,A-0366,78202.88,2024-11-23 02:25:50,RTGS
TXN-03223,A-0123,A-0405,227604.07,2025-03-10 19:53:26,UPI
TXN-03224,A-0024,A-0350,398341.84,2026-03-02 01:25:01,NEFT
TXN-03225,A-0419,A-0477,222222.66,2026-11-01 21:27:31,IMPS
TXN-03226,A-0485,A-0237,371437.47,2025-04-10 17:02:26,Cash Deposit
TXN-03227,A-0189,A-0224,51880.15,2025-08-30 23:25:37,RTGS
TXN-03228,A-0303,A-0439,69380.81,2025-09-22 13:28:08,Cash Deposit
TXN-03229,A-0065,A-0496,495223.04,2025-11-22 22:10:26,UPI
TXN-03230,A-0099,A-0254,292408.52,2026-02-28 09:32:45,UPI
TXN-03231,A-0099,A-0122,256510.59,2024-02-17 21:35:54,IMPS
TXN-03232,A-0375,A-0164,357190.56,2026-01-09 05:40:19,NEFT
TXN-03233,A-0422,A-0192,479278.92,2025-10-25 10:34:17,RTGS
TXN-03234,A-0362,A-0131,255005.19,2024-09-13 06:09:20,UPI
TXN-03235,A-0133,A-0047,368338.03,2025-04-26 14:16:25,NEFT
TXN-03236,A-0180,A-0452,387211.09,2025-10-07 19:13:14,UPI
TXN-03237,A-0121,A-0109,107172.57,2025-01-23 23:45:14,IMPS
TXN-03238,A-0219,A-0051,39411.94,2025-04-10 03:55:41,NEFT
TXN-03239,A-0253,A-0072,234952.11,2025-02-27 15:18:26,RTGS
TXN-03240,A-0028,A-0262,472653.94,2025-01-04 04:32:25,IMPS
TXN-03241,A-0372,A-0324,38665.11,2024-12-26 05:31:41,UPI
TXN-03242,A-0040,A-0054,15467.14,2026-11-23 21:19:43,RTGS
TXN-03243,A-0282,A-0111,241293.42,2024-04-10 18:28:22,RTGS
TXN-03244,A-0110,A-0454,23831.06,2025-03-24 07:31:20,UPI
TXN-03245,A-0097,A-0265,322594.73,2024-06-17 22:56:51,RTGS
TXN-03246,A-0483,A-0416,81280.38,2026-05-15 00:45:53,RTGS
TXN-03247,A-0079,A-0288,459985.23,2026-04-13 23:55:32,RTGS
TXN-03248,A-0326,A-0061,118492.33,2024-09-01 09:41:00,IMPS
TXN-03249,A-0473,A-0330,90028.76,2026-11-29 15:21:07,RTGS
TXN-03250,A-0128,A-0453,359056.45,2026-01-26 18:24:15,UPI
TXN-03251,A-0186,A-0278,243245.85,2026-12-10 16:27:12,RTGS
TXN-03252,A-0224,A-0257,204223.62,2024-03-15 16:38:56,Cash Deposit
TXN-03253,A-0292,A-0027,142211.82,2024-12-31 10:10:31,IMPS
TXN-03254,A-0140,A-0082,172516.83,2025-02-12 23:53:14,RTGS
TXN-03255,A-0272,A-0370,257380.06,2026-02-20 09:53:44,UPI
TXN-03256,A-0354,A-0372,15125.96,2025-01-15 17:10:39,NEFT
TXN-03257,A-0296,A-0021,128195.75,2026-09-19 13:34:02,NEFT
TXN-03258,A-0408,A-0425,132175.35,2024-11-09 23:19:07,RTGS
TXN-03259,A-0283,A-0019,232086.35,2024-07-04 10:57:55,RTGS
TXN-03260,A-0296,A-0282,95518.51,2025-02-28 14:37:26,RTGS
TXN-03261,A-0387,A-0056,196126.04,2025-11-18 22:40:35,RTGS
TXN-03262,A-0193,A-0214,136940.19,2026-12-10 03:53:02,NEFT
TXN-03263,A-0428,A-0139,481612.6,2025-05-31 12:23:34,IMPS
TXN-03264,A-0124,A-0216,408521.04,2026-07-20 20:37:56,NEFT
TXN-03265,A-0334,A-0387,95434.56,2024-12-18 15:10:03,IMPS
TXN-03266,A-0177,A-0350,253645.18,2026-06-30 02:07:09,UPI
TXN-03267,A-0037,A-0472,490238.71,2026-08-28 13:05:02,RTGS
TXN-03268,A-0194,A-0209,153300.71,2024-06-26 10:36:31,Cash Deposit
TXN-03269,A-0200,A-0192,467205.77,2026-11-29 09:45:43,UPI
TXN-03270,A-0269,A-0356,61884.38,2025-12-18 17:08:01,Cash Deposit
TXN-03271,A-0023,A-0197,128789.5,2024-08-26 03:29:31,UPI
TXN-03272,A-0481,A-0091,107427.53,2024-12-07 23:58:57,IMPS
TXN-03273,A-0458,A-0430,188818.35,2026-05-05 00:25:07,IMPS
TXN-03274,A-0267,A-0172,89288.34,2025-12-21 06:19:17,RTGS
TXN-03275,A-0401,A-0411,297978.54,2026-01-11 00:50:00,IMPS
TXN-03276,A-0148,A-0110,401045.2,2026-06-09 00:40:35,IMPS
TXN-03277,A-0274,A-0264,329051.12,2025-08-12 19:26:08,Cash Deposit
TXN-03278,A-0369,A-0391,55118.05,2024-05-15 19:24:38,IMPS
TXN-03279,A-0166,A-0226,201626.5,2025-10-09 16:03:47,NEFT
TXN-03280,A-0222,A-0334,299404.24,2025-03-13 15:47:16,UPI
TXN-03281,A-0326,A-0019,329493.77,2026-11-04 21:09:05,NEFT
TXN-03282,A-0332,A-0403,212277.73,2024-04-06 08:02:14,RTGS
TXN-03283,A-0359,A-0441,234463.36,2024-03-12 16:56:08,Cash Deposit
TXN-03284,A-0225,A-0415,97989.09,2025-05-28 07:49:45,UPI
TXN-03285,A-0291,A-0362,160576.05,2026-07-23 01:57:16,IMPS
TXN-03286,A-0405,A-0016,103696.47,2024-08-13 07:15:48,IMPS
TXN-03287,A-0443,A-0455,490867.54,2025-04-10 03:14:55,Cash Deposit
TXN-03288,A-0372,A-0069,311386.7,2026-09-24 10:30:43,Cash Deposit
TXN-03289,A-0357,A-0115,489753.85,2024-07-16 18:14:25,IMPS
TXN-03290,A-0121,A-0382,381714.31,2025-06-11 00:44:13,Cash Deposit
TXN-03291,A-0458,A-0064,166177.83,2024-04-09 04:27:16,RTGS
TXN-03292,A-0433,A-0164,104183.7,2024-11-07 13:52:33,NEFT
TXN-03293,A-0107,A-0471,222746.55,2024-06-20 01:40:27,RTGS
TXN-03294,A-0435,A-0362,237136.16,2025-11-20 17:06:02,RTGS
TXN-03295,A-0145,A-0215,186204.02,2024-10-15 01:09:52,IMPS
TXN-03296,A-0069,A-0010,259478.55,2024-06-28 03:17:14,Cash Deposit
TXN-03297,A-0448,A-0262,82771.47,2024-12-20 17:06:31,NEFT
TXN-03298,A-0381,A-0156,390341.73,2024-04-04 02:53:50,RTGS
TXN-03299,A-0048,A-0145,361613.51,2026-06-16 16:00:48,UPI
TXN-03300,A-0282,A-0467,344488.85,2024-06-01 18:19:00,NEFT
TXN-03301,A-0238,A-0041,387411.52,2025-12-29 03:45:32,UPI
TXN-03302,A-0303,A-0139,370170.91,2026-12-12 06:10:21,RTGS
TXN-03303,A-0392,A-0072,349461.18,2026-08-14 15:06:28,IMPS
TXN-03304,A-0108,A-0408,116890.92,2025-06-22 15:44:04,Cash Deposit
TXN-03305,A-0376,A-0054,201246.07,2026-12-25 19:14:54,RTGS
TXN-03306,A-0389,A-0101,236521.11,2025-10-11 10:11:50,NEFT
TXN-03307,A-0429,A-0239,230695.13,2025-08-07 12:07:11,IMPS
TXN-03308,A-0428,A-0355,224426.15,2026-07-04 06:44:15,Cash Deposit
TXN-03309,A-0305,A-0473,438002.64,2025-02-17 04:30:43,RTGS
TXN-03310,A-0277,A-0014,64460.06,2026-06-24 02:41:53,NEFT
TXN-03311,A-0218,A-0227,342007.47,2026-11-16 03:45:17,UPI
TXN-03312,A-0170,A-0182,415460.09,2025-07-07 05:48:49,Cash Deposit
TXN-03313,A-0126,A-0302,332110.79,2026-07-14 16:27:35,UPI
TXN-03314,A-0139,A-0348,416134.22,2024-07-29 09:07:11,IMPS
TXN-03315,A-0470,A-0492,42354.74,2026-12-28 15:03:40,Cash Deposit
TXN-03316,A-0139,A-0100,184256.0,2024-11-04 08:52:02,UPI
TXN-03317,A-0205,A-0125,229098.39,2024-09-18 18:24:48,IMPS
TXN-03318,A-0388,A-0174,143357.26,2025-06-16 18:14:26,UPI
TXN-03319,A-0145,A-0077,488275.75,2024-05-18 00:08:14,RTGS
TXN-03320,A-0296,A-0249,167232.31,2026-11-30 18:51:43,Cash Deposit
TXN-03321,A-0364,A-0003,203290.73,2024-05-21 20:48:04,Cash Deposit
TXN-03322,A-0468,A-0338,286365.94,2026-03-10 16:06:04,RTGS
TXN-03323,A-0290,A-0380,461811.75,2025-01-18 17:57:52,NEFT
TXN-03324,A-0199,A-0327,290995.53,2024-03-06 17:58:57,RTGS
TXN-03325,A-0022,A-0366,473629.3,2026-09-24 19:25:31,NEFT
TXN-03326,A-0417,A-0009,452495.35,2026-10-20 23:59:24,RTGS
TXN-03327,A-0262,A-0121,35630.68,2025-05-13 18:56:40,UPI
TXN-03328,A-0056,A-0464,439720.19,2025-01-22 14:42:08,IMPS
TXN-03329,A-0003,A-0260,304968.18,2025-01-26 02:58:33,NEFT
TXN-03330,A-0367,A-0496,387797.9,2026-02-14 09:29:37,Cash Deposit
TXN-03331,A-0147,A-0448,205878.31,2025-05-31 11:42:09,NEFT
TXN-03332,A-0373,A-0371,467860.1,2024-12-30 05:15:46,IMPS
TXN-03333,A-0012,A-0188,191286.68,2025-09-16 23:37:03,RTGS
TXN-03334,A-0443,A-0267,436407.28,2025-08-12 18:14:07,UPI
TXN-03335,A-0386,A-0425,165953.27,2026-02-05 21:02:55,Cash Deposit
TXN-03336,A-0147,A-0093,64240.3,2024-01-16 01:02:08,RTGS
TXN-03337,A-0377,A-0077,399103.25,2025-04-04 11:03:36,NEFT
TXN-03338,A-0339,A-0232,432325.67,2024-07-11 10:47:00,IMPS
TXN-03339,A-0099,A-0347,30539.45,2026-10-27 18:42:17,UPI
TXN-03340,A-0126,A-0467,330171.33,2026-08-02 06:29:06,RTGS
TXN-03341,A-0081,A-0275,391334.89,2025-08-29 01:09:33,RTGS
TXN-03342,A-0207,A-0311,246102.21,2026-05-08 11:31:26,RTGS
TXN-03343,A-0352,A-0456,313860.1,2025-11-20 08:30:31,IMPS
TXN-03344,A-0431,A-0482,467700.76,2024-08-11 06:24:02,UPI
TXN-03345,A-0249,A-0071,398488.04,2024-06-24 11:33:56,RTGS
TXN-03346,A-0325,A-0477,192417.17,2024-04-07 12:00:48,NEFT
TXN-03347,A-0469,A-0095,248258.21,2024-11-03 09:47:48,UPI
TXN-03348,A-0119,A-0087,390967.37,2024-06-21 08:37:19,NEFT
TXN-03349,A-0238,A-0274,194476.81,2024-02-04 02:10:07,IMPS
TXN-03350,A-0006,A-0316,492775.36,2026-04-17 10:06:46,NEFT
TXN-03351,A-0294,A-0421,477478.0,2025-04-17 20:24:08,IMPS
TXN-03352,A-0168,A-0188,313837.96,2024-03-21 15:58:36,NEFT
TXN-03353,A-0090,A-0400,344568.04,2024-01-16 01:22:52,RTGS
TXN-03354,A-0069,A-0337,134048.76,2024-09-19 10:54:55,RTGS
TXN-03355,A-0063,A-0113,192057.35,2024-03-21 22:52:00,UPI
TXN-03356,A-0001,A-0263,328404.83,2026-01-29 11:34:08,Cash Deposit
TXN-03357,A-0029,A-0144,94604.09,2024-09-05 21:04:19,IMPS
TXN-03358,A-0001,A-0415,488499.83,2026-02-21 09:58:51,IMPS
TXN-03359,A-0431,A-0056,68677.33,2024-09-10 18:32:30,NEFT
TXN-03360,A-0148,A-0058,372600.95,2025-04-04 06:00:35,RTGS
TXN-03361,A-0191,A-0032,64010.16,2024-06-08 00:55:43,NEFT
TXN-03362,A-0100,A-0450,109034.31,2024-11-19 04:24:29,RTGS
TXN-03363,A-0327,A-0350,157690.05,2024-10-05 19:40:11,RTGS
TXN-03364,A-0458,A-0062,247707.4,2025-08-02 06:47:40,IMPS
TXN-03365,A-0019,A-0089,356757.9,2024-10-08 03:38:10,RTGS
TXN-03366,A-0044,A-0201,345367.73,2024-07-09 01:54:29,UPI
TXN-03367,A-0308,A-0422,341436.15,2025-11-26 08:08:36,UPI
TXN-03368,A-0001,A-0169,320943.31,2026-09-08 18:17:31,NEFT
TXN-03369,A-0417,A-0442,466146.03,2024-06-30 10:40:43,NEFT
TXN-03370,A-0326,A-0166,309705.38,2024-09-03 23:45:35,IMPS
TXN-03371,A-0353,A-0362,429209.04,2024-09-07 22:44:58,Cash Deposit
TXN-03372,A-0484,A-0311,203580.44,2024-06-26 17:40:37,UPI
TXN-03373,A-0341,A-0055,174222.69,2024-07-29 03:55:59,NEFT
TXN-03374,A-0375,A-0059,499745.59,2026-06-09 16:14:01,UPI
TXN-03375,A-0342,A-0150,469553.08,2024-08-12 00:02:41,IMPS
TXN-03376,A-0346,A-0462,407661.53,2026-12-04 04:59:39,Cash Deposit
TXN-03377,A-0135,A-0341,476178.58,2025-12-13 13:51:04,UPI
TXN-03378,A-0323,A-0014,88628.66,2025-01-20 23:00:21,Cash Deposit
TXN-03379,A-0098,A-0222,324235.98,2026-01-23 05:16:56,RTGS
TXN-03380,A-0499,A-0105,186938.57,2026-07-22 04:45:45,NEFT
TXN-03381,A-0027,A-0381,175710.7,2025-10-07 13:47:21,Cash Deposit
TXN-03382,A-0317,A-0367,222616.25,2024-07-12 15:29:49,UPI
TXN-03383,A-0458,A-0073,155699.35,2026-08-08 22:26:38,IMPS
TXN-03384,A-0362,A-0010,11357.14,2024-07-17 08:18:41,RTGS
TXN-03385,A-0231,A-0067,124411.55,2025-10-19 07:21:35,NEFT
TXN-03386,A-0159,A-0396,229355.78,2026-07-20 01:35:02,NEFT
TXN-03387,A-0009,A-0203,255030.74,2026-05-21 19:57:19,RTGS
TXN-03388,A-0431,A-0224,91873.79,2024-08-25 20:54:42,UPI
TXN-03389,A-0365,A-0345,271785.8,2024-10-06 05:07:58,IMPS
TXN-03390,A-0148,A-0024,71191.55,2025-07-03 00:30:33,UPI
TXN-03391,A-0220,A-0443,328462.96,2026-03-10 18:55:40,IMPS
TXN-03392,A-0352,A-0032,398440.36,2024-07-24 11:37:26,NEFT
TXN-03393,A-0085,A-0176,57954.99,2025-06-20 18:52:22,UPI
TXN-03394,A-0209,A-0007,414407.42,2025-08-17 12:05:58,RTGS
TXN-03395,A-0279,A-0096,32958.45,2026-06-17 19:59:56,Cash Deposit
TXN-03396,A-0500,A-0019,150906.59,2025-11-30 15:49:12,Cash Deposit
TXN-03397,A-0347,A-0050,291026.43,2026-09-17 05:18:01,NEFT
TXN-03398,A-0205,A-0289,157151.6,2026-11-17 03:28:01,NEFT
TXN-03399,A-0115,A-0139,96368.16,2026-01-05 08:12:13,IMPS
TXN-03400,A-0419,A-0107,318606.33,2024-02-12 22:15:44,Cash Deposit
TXN-03401,A-0308,A-0233,326070.93,2026-10-31 18:33:51,NEFT
TXN-03402,A-0061,A-0026,251939.11,2024-12-27 01:49:07,NEFT
TXN-03403,A-0023,A-0330,129757.58,2026-01-13 14:34:01,RTGS
TXN-03404,A-0269,A-0005,128098.79,2025-01-22 09:24:05,IMPS
TXN-03405,A-0276,A-0414,178550.73,2026-01-03 15:54:53,RTGS
TXN-03406,A-0417,A-0187,407779.99,2024-06-10 21:15:36,IMPS
TXN-03407,A-0358,A-0125,125920.7,2025-12-08 01:15:52,IMPS
TXN-03408,A-0386,A-0363,366132.52,2025-09-08 20:30:32,NEFT
TXN-03409,A-0387,A-0352,186329.1,2024-02-05 21:35:19,IMPS
TXN-03410,A-0188,A-0139,377334.67,2024-06-26 06:38:50,NEFT
TXN-03411,A-0038,A-0428,444445.55,2024-07-19 16:28:59,RTGS
TXN-03412,A-0437,A-0146,454682.07,2025-08-24 09:49:34,NEFT
TXN-03413,A-0430,A-0263,312207.77,2025-04-29 05:07:15,RTGS
TXN-03414,A-0172,A-0342,494900.7,2026-10-22 16:42:48,IMPS
TXN-03415,A-0080,A-0225,2254.35,2026-04-20 07:59:36,IMPS
TXN-03416,A-0315,A-0440,170869.67,2025-10-18 23:32:42,RTGS
TXN-03417,A-0495,A-0406,265964.31,2025-09-14 16:04:24,Cash Deposit
TXN-03418,A-0364,A-0146,99019.69,2024-05-17 15:48:40,RTGS
TXN-03419,A-0426,A-0087,7190.79,2026-11-02 02:18:42,IMPS
TXN-03420,A-0369,A-0429,51594.15,2024-11-25 12:39:38,UPI
TXN-03421,A-0062,A-0446,364057.63,2026-10-29 21:31:12,IMPS
TXN-03422,A-0196,A-0082,480834.45,2025-05-16 03:50:00,Cash Deposit
TXN-03423,A-0458,A-0193,195401.91,2026-01-26 13:25:44,Cash Deposit
TXN-03424,A-0445,A-0114,467459.14,2024-01-01 01:45:38,IMPS
TXN-03425,A-0421,A-0348,160213.06,2025-01-30 07:22:23,UPI
TXN-03426,A-0041,A-0179,6843.76,2026-03-22 10:45:08,IMPS
TXN-03427,A-0429,A-0388,283690.53,2025-11-05 14:41:04,UPI
TXN-03428,A-0136,A-0478,498770.51,2026-03-09 16:07:49,IMPS
TXN-03429,A-0317,A-0489,97988.62,2024-10-25 18:21:57,RTGS
TXN-03430,A-0197,A-0416,377444.58,2024-10-31 13:25:06,Cash Deposit
TXN-03431,A-0135,A-0359,196817.68,2024-07-26 23:54:38,Cash Deposit
TXN-03432,A-0472,A-0420,343890.88,2026-01-15 15:09:08,IMPS
TXN-03433,A-0462,A-0238,7310.66,2026-04-03 11:17:04,NEFT
TXN-03434,A-0125,A-0197,254622.32,2026-01-02 12:23:25,UPI
TXN-03435,A-0230,A-0060,211502.94,2024-06-21 02:01:37,Cash Deposit
TXN-03436,A-0236,A-0293,113124.28,2026-03-10 21:48:54,NEFT
TXN-03437,A-0144,A-0457,113685.88,2026-04-12 05:37:06,IMPS
TXN-03438,A-0103,A-0217,454316.33,2024-12-18 18:19:21,UPI
TXN-03439,A-0177,A-0213,103497.99,2025-01-15 19:10:50,Cash Deposit
TXN-03440,A-0307,A-0395,223945.35,2025-08-05 16:09:53,IMPS
TXN-03441,A-0036,A-0256,349888.52,2025-03-17 08:07:59,Cash Deposit
TXN-03442,A-0379,A-0482,27084.26,2024-04-24 04:12:54,Cash Deposit
TXN-03443,A-0486,A-0276,191858.95,2026-05-20 17:23:54,UPI
TXN-03444,A-0189,A-0110,18754.08,2025-08-02 12:11:21,IMPS
TXN-03445,A-0477,A-0281,336398.42,2024-07-23 15:35:25,IMPS
TXN-03446,A-0472,A-0159,339075.95,2024-04-23 22:51:08,UPI
TXN-03447,A-0262,A-0434,151107.26,2025-09-30 13:54:39,Cash Deposit
TXN-03448,A-0193,A-0004,427960.82,2026-12-07 13:30:20,Cash Deposit
TXN-03449,A-0157,A-0220,426050.79,2024-02-22 07:25:01,NEFT
TXN-03450,A-0339,A-0087,268909.01,2025-08-02 04:44:35,Cash Deposit
TXN-03451,A-0208,A-0092,49695.72,2024-10-21 18:10:47,RTGS
TXN-03452,A-0496,A-0322,228660.55,2024-10-17 03:10:27,Cash Deposit
TXN-03453,A-0199,A-0383,209678.82,2025-11-20 15:50:48,NEFT
TXN-03454,A-0311,A-0029,465780.09,2026-02-12 01:36:43,NEFT
TXN-03455,A-0255,A-0349,463572.22,2026-10-10 05:56:16,NEFT
TXN-03456,A-0212,A-0192,38052.24,2026-07-02 15:00:19,IMPS
TXN-03457,A-0236,A-0358,176640.68,2026-06-04 14:58:22,Cash Deposit
TXN-03458,A-0322,A-0061,14493.74,2026-05-03 09:17:22,NEFT
TXN-03459,A-0081,A-0203,408934.89,2024-08-13 04:37:49,IMPS
TXN-03460,A-0441,A-0469,363637.6,2025-06-06 12:21:19,NEFT
TXN-03461,A-0137,A-0353,492500.36,2025-06-21 21:39:03,Cash Deposit
TXN-03462,A-0221,A-0139,48634.29,2025-01-11 15:23:22,RTGS
TXN-03463,A-0326,A-0038,297926.58,2024-02-22 21:03:17,IMPS
TXN-03464,A-0471,A-0331,403437.6,2026-09-06 18:40:17,RTGS
TXN-03465,A-0126,A-0105,380654.13,2026-11-29 23:13:18,Cash Deposit
TXN-03466,A-0007,A-0114,175682.61,2025-05-04 04:13:07,Cash Deposit
TXN-03467,A-0497,A-0248,97038.98,2024-01-20 12:23:08,NEFT
TXN-03468,A-0332,A-0428,390647.48,2024-03-23 19:23:54,UPI
TXN-03469,A-0307,A-0275,338582.11,2025-02-12 19:46:23,UPI
TXN-03470,A-0204,A-0292,154139.46,2026-04-04 06:39:14,RTGS
TXN-03471,A-0281,A-0487,370745.31,2026-01-15 15:10:16,UPI
TXN-03472,A-0033,A-0022,471929.26,2025-02-01 00:29:23,RTGS
TXN-03473,A-0226,A-0448,192761.92,2026-01-04 19:13:15,RTGS
TXN-03474,A-0355,A-0336,27968.52,2024-02-27 09:24:50,IMPS
TXN-03475,A-0395,A-0138,37650.89,2024-07-19 14:09:05,Cash Deposit
TXN-03476,A-0326,A-0329,399911.59,2024-07-19 07:19:32,Cash Deposit
TXN-03477,A-0103,A-0168,175048.88,2025-08-04 19:09:26,RTGS
TXN-03478,A-0480,A-0215,404571.07,2024-06-29 22:55:00,UPI
TXN-03479,A-0149,A-0402,257736.69,2026-11-20 00:43:23,UPI
TXN-03480,A-0162,A-0433,497740.99,2026-09-06 09:32:27,RTGS
TXN-03481,A-0268,A-0364,265208.96,2026-09-19 13:06:54,IMPS
TXN-03482,A-0401,A-0370,150404.15,2024-04-19 06:09:45,RTGS
TXN-03483,A-0125,A-0257,413495.52,2026-07-30 02:25:35,RTGS
TXN-03484,A-0308,A-0307,284255.36,2024-10-18 16:41:30,NEFT
TXN-03485,A-0174,A-0343,343293.58,2025-07-30 09:34:50,IMPS
TXN-03486,A-0404,A-0470,429842.92,2024-02-17 12:26:56,Cash Deposit
TXN-03487,A-0465,A-0416,31560.67,2025-02-18 23:44:19,UPI
TXN-03488,A-0303,A-0383,198208.47,2025-10-22 04:48:51,IMPS
TXN-03489,A-0359,A-0181,259046.83,2026-06-30 23:18:16,IMPS
TXN-03490,A-0189,A-0376,114543.49,2026-04-02 15:27:33,NEFT
TXN-03491,A-0025,A-0184,258676.01,2024-08-14 05:02:03,UPI
TXN-03492,A-0211,A-0101,292899.13,2026-06-15 22:28:31,NEFT
TXN-03493,A-0451,A-0046,98794.41,2026-08-01 08:49:25,NEFT
TXN-03494,A-0447,A-0287,275681.66,2025-12-22 14:25:03,NEFT
TXN-03495,A-0202,A-0293,20304.93,2025-11-13 16:17:21,UPI
TXN-03496,A-0407,A-0059,420819.55,2025-11-05 01:14:01,NEFT
TXN-03497,A-0139,A-0105,77204.94,2024-09-01 15:35:52,NEFT
TXN-03498,A-0103,A-0373,92502.01,2025-10-20 14:44:59,NEFT
TXN-03499,A-0135,A-0418,185133.4,2025-02-02 08:42:45,Cash Deposit
TXN-03500,A-0046,A-0397,444817.78,2024-12-20 00:36:13,IMPS
TXN-03501,A-0250,A-0159,109991.17,2024-09-20 02:30:25,RTGS
TXN-03502,A-0218,A-0002,93882.61,2026-02-17 18:21:28,RTGS
TXN-03503,A-0231,A-0393,224798.37,2024-09-29 18:36:37,NEFT
TXN-03504,A-0130,A-0190,399279.97,2026-04-02 11:16:27,IMPS
TXN-03505,A-0451,A-0391,337990.83,2025-04-22 04:20:22,UPI
TXN-03506,A-0241,A-0204,15338.1,2024-04-23 17:23:23,RTGS
TXN-03507,A-0198,A-0021,153357.37,2026-06-12 16:55:31,NEFT
TXN-03508,A-0330,A-0467,384359.42,2025-10-23 21:20:22,IMPS
TXN-03509,A-0187,A-0488,203542.94,2026-10-06 02:35:07,UPI
TXN-03510,A-0482,A-0441,321739.48,2026-01-12 23:40:36,Cash Deposit
TXN-03511,A-0106,A-0126,204196.21,2026-03-08 00:41:15,UPI
TXN-03512,A-0009,A-0385,342750.79,2024-06-10 08:49:55,NEFT
TXN-03513,A-0036,A-0093,114388.52,2025-01-23 00:47:02,Cash Deposit
TXN-03514,A-0255,A-0082,141923.64,2026-05-25 18:20:26,NEFT
TXN-03515,A-0021,A-0278,297525.86,2024-06-25 14:58:00,UPI
TXN-03516,A-0102,A-0176,362416.77,2024-02-28 07:32:45,IMPS
TXN-03517,A-0497,A-0066,73328.52,2024-03-30 14:34:34,RTGS
TXN-03518,A-0176,A-0374,137639.15,2026-12-15 00:19:19,IMPS
TXN-03519,A-0458,A-0484,314426.67,2025-11-07 03:37:47,Cash Deposit
TXN-03520,A-0270,A-0369,80419.13,2025-04-01 21:17:20,UPI
TXN-03521,A-0450,A-0160,189045.64,2025-05-19 23:03:06,RTGS
TXN-03522,A-0178,A-0271,97436.59,2026-07-13 08:30:32,IMPS
TXN-03523,A-0198,A-0194,466116.0,2026-09-15 15:36:02,Cash Deposit
TXN-03524,A-0272,A-0066,496326.04,2025-03-01 01:58:57,Cash Deposit
TXN-03525,A-0107,A-0242,450353.83,2024-01-30 08:44:25,Cash Deposit
TXN-03526,A-0408,A-0253,424574.89,2025-08-18 15:44:51,IMPS
TXN-03527,A-0119,A-0260,262644.57,2025-11-30 00:36:49,NEFT
TXN-03528,A-0191,A-0345,141597.47,2026-07-12 01:06:53,IMPS
TXN-03529,A-0400,A-0179,279223.79,2025-06-03 05:57:46,IMPS
TXN-03530,A-0325,A-0263,127374.32,2026-09-08 22:53:22,UPI
TXN-03531,A-0025,A-0298,428769.26,2025-06-29 08:29:53,UPI
TXN-03532,A-0179,A-0398,421055.67,2025-07-30 16:34:29,RTGS
TXN-03533,A-0333,A-0373,295237.56,2025-06-24 18:36:05,NEFT
TXN-03534,A-0004,A-0450,380472.58,2024-09-02 18:58:13,Cash Deposit
TXN-03535,A-0422,A-0026,184122.79,2024-02-28 17:03:58,NEFT
TXN-03536,A-0294,A-0118,225992.16,2026-01-08 13:40:59,Cash Deposit
TXN-03537,A-0402,A-0005,91097.99,2024-02-29 09:10:45,UPI
TXN-03538,A-0303,A-0264,490182.75,2025-05-05 21:55:42,IMPS
TXN-03539,A-0150,A-0378,292598.92,2026-12-12 22:53:14,IMPS
TXN-03540,A-0324,A-0101,322852.3,2025-03-18 18:42:39,UPI
TXN-03541,A-0469,A-0375,464950.09,2026-01-21 07:54:15,Cash Deposit
TXN-03542,A-0119,A-0129,40227.74,2026-06-27 22:57:20,Cash Deposit
TXN-03543,A-0254,A-0258,390457.02,2024-03-24 09:22:54,Cash Deposit
TXN-03544,A-0334,A-0341,315280.81,2024-05-06 12:33:02,IMPS
TXN-03545,A-0129,A-0179,86174.63,2024-09-25 21:19:34,RTGS
TXN-03546,A-0096,A-0484,54222.0,2025-06-20 21:07:46,RTGS
TXN-03547,A-0004,A-0286,163512.68,2026-07-06 09:25:34,NEFT
TXN-03548,A-0050,A-0334,101619.87,2026-11-03 20:51:55,UPI
TXN-03549,A-0178,A-0267,383187.44,2026-09-11 14:09:26,Cash Deposit
TXN-03550,A-0414,A-0308,33226.47,2025-06-10 13:49:57,IMPS
TXN-03551,A-0433,A-0043,366741.19,2026-02-25 11:44:04,UPI
TXN-03552,A-0134,A-0054,337978.66,2026-10-18 20:05:07,IMPS
TXN-03553,A-0495,A-0482,163786.62,2024-08-30 01:05:20,Cash Deposit
TXN-03554,A-0100,A-0451,452224.41,2024-09-22 14:59:04,IMPS
TXN-03555,A-0217,A-0112,469476.98,2024-03-06 06:33:43,IMPS
TXN-03556,A-0465,A-0386,368476.57,2026-10-06 19:45:50,IMPS
TXN-03557,A-0434,A-0120,276045.77,2025-11-17 17:29:46,Cash Deposit
TXN-03558,A-0201,A-0236,419472.42,2025-03-13 15:31:45,UPI
TXN-03559,A-0113,A-0472,56049.76,2024-10-24 03:30:42,NEFT
TXN-03560,A-0142,A-0165,179293.04,2026-05-29 02:59:12,IMPS
TXN-03561,A-0248,A-0313,449525.97,2026-11-04 10:51:53,UPI
TXN-03562,A-0279,A-0348,299222.07,2025-12-13 02:24:53,Cash Deposit
TXN-03563,A-0263,A-0105,371102.28,2024-11-20 17:30:26,NEFT
TXN-03564,A-0405,A-0425,315855.96,2026-12-27 21:25:44,RTGS
TXN-03565,A-0074,A-0469,55246.03,2025-03-25 17:39:26,IMPS
TXN-03566,A-0304,A-0215,99066.82,2024-01-24 05:59:08,RTGS
TXN-03567,A-0261,A-0011,354198.25,2025-07-20 16:13:39,NEFT
TXN-03568,A-0078,A-0474,64883.63,2026-10-02 06:40:47,NEFT
TXN-03569,A-0358,A-0466,480050.14,2026-09-29 11:29:30,UPI
TXN-03570,A-0053,A-0219,286884.59,2024-10-01 12:31:20,RTGS
TXN-03571,A-0430,A-0382,252013.84,2026-07-02 02:21:12,UPI
TXN-03572,A-0061,A-0138,233121.69,2026-06-23 16:04:35,UPI
TXN-03573,A-0197,A-0104,307922.38,2024-08-26 11:30:04,NEFT
TXN-03574,A-0269,A-0026,325520.84,2026-04-02 05:10:55,Cash Deposit
TXN-03575,A-0262,A-0385,47166.06,2026-03-18 04:03:07,RTGS
TXN-03576,A-0034,A-0290,115640.13,2024-12-03 20:20:10,IMPS
TXN-03577,A-0396,A-0395,418752.76,2025-07-03 01:20:05,Cash Deposit
TXN-03578,A-0329,A-0366,443510.84,2024-04-03 18:40:19,NEFT
TXN-03579,A-0171,A-0339,317267.12,2026-08-09 10:16:14,NEFT
TXN-03580,A-0192,A-0331,425703.52,2025-09-17 02:12:45,RTGS
TXN-03581,A-0407,A-0162,423683.67,2025-08-17 05:47:40,IMPS
TXN-03582,A-0313,A-0390,125895.13,2026-01-12 22:53:02,RTGS
TXN-03583,A-0092,A-0258,463065.28,2026-10-11 14:08:59,IMPS
TXN-03584,A-0222,A-0232,375146.13,2025-10-08 08:16:59,Cash Deposit
TXN-03585,A-0210,A-0287,156283.41,2026-11-24 02:46:26,IMPS
TXN-03586,A-0331,A-0109,408264.98,2024-09-23 11:09:57,NEFT
TXN-03587,A-0381,A-0455,102257.51,2025-02-19 17:46:58,NEFT
TXN-03588,A-0494,A-0203,260464.83,2025-09-12 01:53:26,RTGS
TXN-03589,A-0326,A-0154,281236.0,2025-09-27 10:25:58,UPI
TXN-03590,A-0394,A-0495,260697.18,2024-10-25 00:52:12,NEFT
TXN-03591,A-0408,A-0240,305287.37,2025-04-23 12:58:51,UPI
TXN-03592,A-0293,A-0489,158176.15,2024-09-18 03:23:19,RTGS
TXN-03593,A-0220,A-0419,355906.61,2025-06-10 10:03:05,NEFT
TXN-03594,A-0289,A-0484,402929.29,2026-06-06 02:53:12,UPI
TXN-03595,A-0405,A-0493,337657.73,2025-10-03 05:23:44,RTGS
TXN-03596,A-0230,A-0015,287649.97,2024-03-13 04:22:35,Cash Deposit
TXN-03597,A-0081,A-0147,76518.93,2026-05-23 13:33:59,UPI
TXN-03598,A-0322,A-0341,176698.84,2024-09-15 05:30:41,NEFT
TXN-03599,A-0130,A-0149,207715.14,2025-03-24 16:47:18,NEFT
TXN-03600,A-0430,A-0313,212209.22,2024-11-15 01:23:08,IMPS
TXN-03601,A-0134,A-0188,465007.9,2026-04-29 23:24:08,Cash Deposit
TXN-03602,A-0401,A-0254,220471.04,2024-04-20 06:54:16,UPI
TXN-03603,A-0226,A-0025,283204.64,2024-05-17 01:51:34,IMPS
TXN-03604,A-0498,A-0367,388562.86,2026-01-17 17:36:23,IMPS
TXN-03605,A-0120,A-0466,476091.33,2026-11-05 19:14:31,NEFT
TXN-03606,A-0176,A-0397,127825.82,2026-07-16 20:13:47,NEFT
TXN-03607,A-0235,A-0048,323692.87,2024-07-29 17:18:54,UPI
TXN-03608,A-0432,A-0347,202034.67,2025-12-18 23:23:31,UPI
TXN-03609,A-0353,A-0033,40899.28,2026-08-25 19:53:49,RTGS
TXN-03610,A-0250,A-0411,380771.0,2025-11-04 18:22:56,IMPS
TXN-03611,A-0282,A-0302,315467.24,2024-09-01 19:14:29,Cash Deposit
TXN-03612,A-0072,A-0121,259414.5,2025-02-24 16:59:04,UPI
TXN-03613,A-0258,A-0332,287746.94,2026-08-06 02:27:49,Cash Deposit
TXN-03614,A-0041,A-0177,380904.79,2026-04-03 06:26:16,UPI
TXN-03615,A-0488,A-0026,451930.23,2024-02-08 09:24:23,UPI
TXN-03616,A-0404,A-0293,217389.18,2025-08-19 01:37:20,IMPS
TXN-03617,A-0459,A-0222,401849.3,2026-11-22 12:21:00,UPI
TXN-03618,A-0415,A-0029,460759.95,2025-01-31 16:10:22,RTGS
TXN-03619,A-0478,A-0214,211798.98,2024-05-09 11:01:00,NEFT
TXN-03620,A-0302,A-0043,395246.33,2024-04-20 05:09:36,Cash Deposit
TXN-03621,A-0325,A-0151,235694.39,2024-12-21 07:54:33,RTGS
TXN-03622,A-0100,A-0229,450719.23,2026-05-17 05:01:10,UPI
TXN-03623,A-0371,A-0445,2561.89,2025-07-17 17:10:27,UPI
TXN-03624,A-0498,A-0075,373919.12,2026-03-17 00:39:19,Cash Deposit
TXN-03625,A-0463,A-0362,64842.1,2024-11-17 22:43:54,Cash Deposit
TXN-03626,A-0302,A-0084,67445.93,2025-04-23 14:06:59,UPI
TXN-03627,A-0119,A-0149,126110.71,2024-10-16 03:42:13,RTGS
TXN-03628,A-0420,A-0256,16050.97,2026-06-14 08:20:41,RTGS
TXN-03629,A-0257,A-0202,55230.37,2024-09-25 18:17:12,RTGS
TXN-03630,A-0010,A-0104,195617.43,2024-09-02 21:24:40,RTGS
TXN-03631,A-0279,A-0169,295146.12,2025-01-28 13:16:44,NEFT
TXN-03632,A-0379,A-0179,336955.13,2026-10-30 06:47:49,NEFT
TXN-03633,A-0255,A-0466,262723.57,2025-07-31 16:15:39,RTGS
TXN-03634,A-0442,A-0359,148859.04,2026-12-20 05:09:07,RTGS
TXN-03635,A-0458,A-0064,267123.51,2026-12-02 18:08:41,NEFT
TXN-03636,A-0110,A-0291,74716.51,2024-09-03 17:53:52,NEFT
TXN-03637,A-0284,A-0266,381261.01,2024-11-19 23:24:51,RTGS
TXN-03638,A-0094,A-0361,153441.03,2026-07-25 11:38:15,NEFT
TXN-03639,A-0452,A-0272,186539.91,2026-08-25 01:48:14,IMPS
TXN-03640,A-0147,A-0413,398661.79,2025-07-30 00:58:43,IMPS
TXN-03641,A-0353,A-0153,176266.48,2026-09-22 11:45:31,NEFT
TXN-03642,A-0152,A-0058,493287.25,2025-02-16 15:19:43,RTGS
TXN-03643,A-0021,A-0416,398375.1,2026-09-03 01:14:44,NEFT
TXN-03644,A-0372,A-0329,307222.56,2025-09-05 21:15:29,UPI
TXN-03645,A-0143,A-0346,345184.27,2024-08-03 00:27:31,UPI
TXN-03646,A-0242,A-0419,282700.07,2026-07-29 18:43:18,Cash Deposit
TXN-03647,A-0385,A-0183,457652.55,2025-02-21 13:56:00,UPI
TXN-03648,A-0142,A-0427,171247.47,2025-10-03 11:03:41,RTGS
TXN-03649,A-0145,A-0072,115504.8,2026-10-13 13:27:41,NEFT
TXN-03650,A-0233,A-0107,424563.64,2024-12-06 14:26:08,RTGS
TXN-03651,A-0448,A-0177,74041.87,2025-02-15 16:25:15,IMPS
TXN-03652,A-0141,A-0292,82131.22,2026-09-02 04:23:01,NEFT
TXN-03653,A-0194,A-0465,145406.8,2025-10-06 02:39:43,NEFT
TXN-03654,A-0214,A-0306,30535.42,2024-11-28 01:41:36,UPI
TXN-03655,A-0398,A-0074,187183.93,2025-12-09 18:36:10,IMPS
TXN-03656,A-0382,A-0479,300951.12,2024-04-14 04:53:38,UPI
TXN-03657,A-0261,A-0473,254039.95,2025-12-27 08:35:43,RTGS
TXN-03658,A-0242,A-0012,18044.66,2026-06-10 09:27:55,NEFT
TXN-03659,A-0442,A-0253,287578.99,2025-07-05 20:11:11,Cash Deposit
TXN-03660,A-0286,A-0415,418396.11,2024-09-23 15:35:59,Cash Deposit
TXN-03661,A-0195,A-0312,199148.18,2024-09-15 09:34:19,UPI
TXN-03662,A-0170,A-0369,273111.66,2025-05-14 04:03:58,UPI
TXN-03663,A-0151,A-0342,304755.35,2025-09-06 17:38:08,UPI
TXN-03664,A-0168,A-0020,167055.23,2025-11-02 03:45:53,IMPS
TXN-03665,A-0310,A-0007,121642.24,2026-04-17 02:12:35,IMPS
TXN-03666,A-0215,A-0325,488906.55,2024-11-26 16:47:43,Cash Deposit
TXN-03667,A-0039,A-0010,29569.56,2026-01-11 01:26:29,RTGS
TXN-03668,A-0051,A-0249,314551.99,2024-08-02 22:34:37,NEFT
TXN-03669,A-0226,A-0077,241722.28,2024-07-15 16:47:33,IMPS
TXN-03670,A-0004,A-0286,236982.74,2026-12-10 11:20:25,Cash Deposit
TXN-03671,A-0187,A-0337,391900.5,2025-03-10 02:43:38,UPI
TXN-03672,A-0186,A-0378,472264.94,2025-08-17 11:44:13,UPI
TXN-03673,A-0216,A-0154,345002.6,2025-03-15 08:52:57,RTGS
TXN-03674,A-0271,A-0067,117832.34,2026-11-30 19:27:45,Cash Deposit
TXN-03675,A-0495,A-0001,227831.95,2024-03-24 21:35:40,UPI
TXN-03676,A-0436,A-0418,392628.1,2026-04-30 20:04:38,RTGS
TXN-03677,A-0352,A-0455,245026.16,2026-10-02 12:50:12,UPI
TXN-03678,A-0301,A-0346,317125.61,2026-07-30 06:48:44,NEFT
TXN-03679,A-0027,A-0352,346975.2,2026-06-18 12:24:53,IMPS
TXN-03680,A-0425,A-0243,47515.66,2026-04-13 23:40:25,IMPS
TXN-03681,A-0441,A-0284,371768.39,2025-05-31 03:39:04,NEFT
TXN-03682,A-0428,A-0004,102565.14,2024-03-16 22:34:25,NEFT
TXN-03683,A-0085,A-0012,201216.14,2026-04-15 10:38:32,UPI
TXN-03684,A-0216,A-0334,86406.02,2026-05-26 17:46:17,RTGS
TXN-03685,A-0124,A-0214,313678.01,2024-06-22 21:33:41,UPI
TXN-03686,A-0371,A-0441,428698.79,2024-02-29 06:36:38,NEFT
TXN-03687,A-0306,A-0207,343735.37,2025-02-16 18:36:08,NEFT
TXN-03688,A-0224,A-0160,27743.22,2024-11-10 20:21:31,UPI
TXN-03689,A-0178,A-0055,371829.33,2024-11-26 06:10:50,IMPS
TXN-03690,A-0329,A-0401,350227.91,2026-12-13 03:05:59,Cash Deposit
TXN-03691,A-0237,A-0090,234381.01,2025-01-12 12:33:33,NEFT
TXN-03692,A-0218,A-0120,53984.07,2026-04-30 19:20:27,NEFT
TXN-03693,A-0009,A-0167,421054.84,2025-03-26 05:24:24,NEFT
TXN-03694,A-0218,A-0025,317731.05,2024-03-24 02:29:35,RTGS
TXN-03695,A-0328,A-0055,458710.08,2025-01-14 08:53:58,Cash Deposit
TXN-03696,A-0109,A-0269,328881.94,2026-12-13 20:26:32,UPI
TXN-03697,A-0323,A-0073,68534.92,2024-12-06 03:10:43,NEFT
TXN-03698,A-0383,A-0397,472139.64,2026-04-30 12:44:57,UPI
TXN-03699,A-0031,A-0040,401412.13,2024-03-05 16:07:36,IMPS
TXN-03700,A-0171,A-0092,352085.79,2024-04-06 12:40:15,UPI
TXN-03701,A-0302,A-0471,304080.46,2024-06-12 02:26:00,Cash Deposit
TXN-03702,A-0060,A-0165,255568.87,2026-10-30 01:01:26,IMPS
TXN-03703,A-0322,A-0064,418630.24,2024-06-19 02:18:05,IMPS
TXN-03704,A-0012,A-0341,83188.28,2025-09-12 03:54:21,NEFT
TXN-03705,A-0372,A-0438,419660.94,2025-12-04 02:10:11,UPI
TXN-03706,A-0500,A-0086,388793.19,2026-10-28 16:35:18,IMPS
TXN-03707,A-0031,A-0267,234029.5,2025-01-07 14:23:30,UPI
TXN-03708,A-0100,A-0290,242766.67,2024-04-22 21:26:44,RTGS
TXN-03709,A-0005,A-0225,302771.62,2024-07-12 10:20:57,NEFT
TXN-03710,A-0253,A-0467,47076.75,2024-08-08 21:51:24,IMPS
TXN-03711,A-0190,A-0057,128282.43,2025-09-12 04:27:05,RTGS
TXN-03712,A-0257,A-0407,159371.95,2024-09-04 18:00:56,Cash Deposit
TXN-03713,A-0033,A-0022,114072.67,2025-12-16 20:13:35,IMPS
TXN-03714,A-0277,A-0371,465425.59,2025-05-05 12:21:14,UPI
TXN-03715,A-0419,A-0082,438007.8,2026-08-15 12:13:19,Cash Deposit
TXN-03716,A-0382,A-0095,307247.68,2025-09-08 17:13:17,RTGS
TXN-03717,A-0381,A-0029,382633.05,2025-12-25 06:40:12,NEFT
TXN-03718,A-0482,A-0375,169128.91,2025-09-22 17:20:52,RTGS
TXN-03719,A-0436,A-0036,97026.75,2026-09-18 20:02:55,Cash Deposit
TXN-03720,A-0099,A-0471,421854.7,2026-02-11 09:50:07,IMPS
TXN-03721,A-0271,A-0482,276539.19,2025-11-08 18:25:21,UPI
TXN-03722,A-0280,A-0191,237841.63,2025-12-18 16:23:29,Cash Deposit
TXN-03723,A-0012,A-0227,236442.36,2026-07-13 13:08:16,Cash Deposit
TXN-03724,A-0466,A-0068,29645.28,2026-08-03 02:35:47,Cash Deposit
TXN-03725,A-0053,A-0485,86686.16,2024-03-10 10:22:43,UPI
TXN-03726,A-0128,A-0011,460547.03,2026-08-26 07:31:39,IMPS
TXN-03727,A-0120,A-0288,72401.08,2026-03-10 19:15:28,RTGS
TXN-03728,A-0034,A-0165,11068.12,2026-08-14 19:31:42,Cash Deposit
TXN-03729,A-0477,A-0442,459609.13,2026-02-25 04:14:21,Cash Deposit
TXN-03730,A-0310,A-0001,159150.05,2024-05-07 18:57:31,IMPS
TXN-03731,A-0366,A-0239,30854.69,2025-11-01 11:27:25,Cash Deposit
TXN-03732,A-0153,A-0495,129630.22,2026-12-10 03:37:15,IMPS
TXN-03733,A-0122,A-0391,205652.96,2025-06-20 10:13:12,RTGS
TXN-03734,A-0087,A-0205,207324.34,2026-03-27 06:21:18,NEFT
TXN-03735,A-0306,A-0458,292767.01,2025-12-05 03:29:13,RTGS
TXN-03736,A-0056,A-0366,440148.51,2025-04-12 19:27:06,NEFT
TXN-03737,A-0097,A-0144,159764.53,2025-09-15 02:53:32,IMPS
TXN-03738,A-0462,A-0093,230845.24,2024-11-22 16:49:35,Cash Deposit
TXN-03739,A-0046,A-0098,308916.47,2026-01-26 19:25:12,Cash Deposit
TXN-03740,A-0061,A-0470,29692.7,2026-03-14 00:50:57,NEFT
TXN-03741,A-0054,A-0060,246536.53,2025-05-11 22:46:41,Cash Deposit
TXN-03742,A-0035,A-0411,303025.29,2026-08-23 23:58:22,Cash Deposit
TXN-03743,A-0341,A-0363,423733.6,2026-12-10 23:20:24,NEFT
TXN-03744,A-0293,A-0438,287342.13,2025-05-09 02:07:38,Cash Deposit
TXN-03745,A-0488,A-0242,277332.25,2024-10-15 11:38:04,UPI
TXN-03746,A-0418,A-0406,320792.99,2024-04-16 22:04:03,Cash Deposit
TXN-03747,A-0484,A-0096,293026.38,2025-11-09 00:56:41,IMPS
TXN-03748,A-0210,A-0361,2368.42,2026-02-25 14:22:31,UPI
TXN-03749,A-0214,A-0265,407334.6,2024-02-23 06:38:52,IMPS
TXN-03750,A-0376,A-0081,384270.6,2026-11-01 18:57:53,RTGS
TXN-03751,A-0234,A-0102,279570.03,2026-07-31 23:14:11,UPI
TXN-03752,A-0227,A-0338,441836.22,2024-01-23 09:34:43,RTGS
TXN-03753,A-0014,A-0089,205450.27,2025-07-03 04:23:34,UPI
TXN-03754,A-0254,A-0230,472615.41,2024-10-06 06:56:53,RTGS
TXN-03755,A-0325,A-0226,284323.72,2025-04-14 01:10:16,UPI
TXN-03756,A-0169,A-0462,380188.1,2025-04-04 07:05:18,UPI
TXN-03757,A-0346,A-0303,62595.8,2024-11-24 12:00:15,RTGS
TXN-03758,A-0219,A-0145,129558.04,2026-07-06 00:42:43,IMPS
TXN-03759,A-0380,A-0398,85700.83,2025-10-12 01:39:58,UPI
TXN-03760,A-0128,A-0400,354848.42,2026-07-10 10:41:42,Cash Deposit
TXN-03761,A-0062,A-0438,179402.84,2025-12-06 13:46:29,NEFT
TXN-03762,A-0421,A-0243,483103.79,2024-07-21 11:46:38,UPI
TXN-03763,A-0006,A-0248,257702.59,2025-06-09 20:11:50,RTGS
TXN-03764,A-0077,A-0224,41400.86,2024-10-23 02:00:38,UPI
TXN-03765,A-0074,A-0368,403651.86,2024-08-08 11:36:13,Cash Deposit
TXN-03766,A-0480,A-0439,242140.14,2024-12-21 01:44:52,Cash Deposit
TXN-03767,A-0351,A-0242,156861.69,2026-01-17 17:55:38,Cash Deposit
TXN-03768,A-0054,A-0374,442616.1,2026-11-01 15:46:29,Cash Deposit
TXN-03769,A-0073,A-0189,218394.27,2024-02-02 00:59:15,RTGS
TXN-03770,A-0239,A-0126,469116.58,2026-05-17 12:28:41,RTGS
TXN-03771,A-0230,A-0411,348303.24,2025-06-18 21:27:39,NEFT
TXN-03772,A-0062,A-0324,55492.33,2025-12-10 03:56:46,RTGS
TXN-03773,A-0041,A-0413,99381.28,2026-10-07 18:39:42,NEFT
TXN-03774,A-0169,A-0434,453252.26,2026-07-28 02:34:57,UPI
TXN-03775,A-0303,A-0353,212933.36,2025-02-07 14:55:19,UPI
TXN-03776,A-0248,A-0210,488664.37,2026-01-08 18:27:46,UPI
TXN-03777,A-0270,A-0401,401829.68,2026-11-10 08:44:10,Cash Deposit
TXN-03778,A-0012,A-0216,351391.8,2024-05-18 23:40:05,UPI
TXN-03779,A-0068,A-0488,344611.36,2025-12-28 12:25:35,Cash Deposit
TXN-03780,A-0177,A-0277,98263.18,2025-06-27 20:53:14,UPI
TXN-03781,A-0412,A-0344,80203.64,2026-09-07 19:30:02,Cash Deposit
TXN-03782,A-0137,A-0487,478319.09,2024-04-29 19:54:41,IMPS
TXN-03783,A-0477,A-0339,103959.63,2025-07-13 11:10:23,UPI
TXN-03784,A-0094,A-0454,167775.92,2026-11-25 19:00:11,IMPS
TXN-03785,A-0304,A-0305,255854.97,2024-06-22 02:03:21,Cash Deposit
TXN-03786,A-0056,A-0251,189265.42,2025-10-04 15:54:00,NEFT
TXN-03787,A-0161,A-0251,414155.83,2024-01-03 07:05:16,RTGS
TXN-03788,A-0036,A-0276,101342.25,2026-05-18 18:55:32,UPI
TXN-03789,A-0005,A-0240,367126.18,2025-02-21 20:09:14,Cash Deposit
TXN-03790,A-0169,A-0455,222737.24,2025-08-16 08:29:43,UPI
TXN-03791,A-0063,A-0068,292763.79,2026-03-17 21:39:38,RTGS
TXN-03792,A-0312,A-0236,131457.27,2024-10-06 04:51:27,Cash Deposit
TXN-03793,A-0209,A-0047,408021.83,2025-03-24 11:17:50,Cash Deposit
TXN-03794,A-0243,A-0330,48780.35,2026-02-20 01:35:18,UPI
TXN-03795,A-0012,A-0366,66250.73,2026-12-28 15:34:24,IMPS
TXN-03796,A-0102,A-0041,377346.32,2024-09-09 11:26:00,UPI
TXN-03797,A-0280,A-0484,168134.43,2024-10-12 14:13:06,NEFT
TXN-03798,A-0444,A-0234,201526.76,2024-08-27 00:20:23,IMPS
TXN-03799,A-0210,A-0217,429526.31,2026-06-12 13:00:37,IMPS
TXN-03800,A-0278,A-0129,92218.28,2024-03-07 10:19:13,RTGS
TXN-03801,A-0043,A-0331,412861.13,2024-05-07 07:49:43,IMPS
TXN-03802,A-0299,A-0482,212440.85,2026-07-13 07:02:51,IMPS
TXN-03803,A-0213,A-0254,411793.78,2024-05-30 05:48:37,NEFT
TXN-03804,A-0154,A-0312,320146.86,2026-07-01 15:45:00,IMPS
TXN-03805,A-0039,A-0165,414630.48,2025-12-21 17:15:53,NEFT
TXN-03806,A-0063,A-0348,347891.28,2025-05-22 02:22:46,RTGS
TXN-03807,A-0043,A-0127,458804.81,2026-02-14 19:07:54,RTGS
TXN-03808,A-0447,A-0360,393855.3,2024-04-07 06:08:47,RTGS
TXN-03809,A-0082,A-0296,243126.96,2026-07-13 15:45:56,NEFT
TXN-03810,A-0092,A-0397,405042.21,2024-02-03 18:02:04,UPI
TXN-03811,A-0395,A-0472,473383.31,2024-06-06 07:50:27,UPI
TXN-03812,A-0417,A-0329,203695.67,2025-04-10 06:52:40,RTGS
TXN-03813,A-0385,A-0440,144365.74,2025-08-11 22:08:53,NEFT
TXN-03814,A-0254,A-0287,238077.99,2025-02-25 15:31:27,IMPS
TXN-03815,A-0152,A-0252,478772.61,2025-01-19 06:09:38,IMPS
TXN-03816,A-0232,A-0059,136010.36,2025-11-07 13:18:38,Cash Deposit
TXN-03817,A-0277,A-0130,495635.11,2026-09-01 05:43:40,Cash Deposit
TXN-03818,A-0022,A-0134,449896.31,2024-05-21 06:20:13,UPI
TXN-03819,A-0245,A-0256,45530.68,2024-08-14 17:41:46,RTGS
TXN-03820,A-0303,A-0499,155331.6,2025-08-10 09:53:30,RTGS
TXN-03821,A-0097,A-0299,470080.6,2026-02-14 07:45:42,NEFT
TXN-03822,A-0140,A-0253,155484.04,2024-03-23 00:24:15,RTGS
TXN-03823,A-0349,A-0337,469820.66,2026-01-30 11:43:52,IMPS
TXN-03824,A-0241,A-0487,25299.74,2024-08-24 06:00:56,Cash Deposit
TXN-03825,A-0119,A-0493,278010.4,2024-06-29 13:56:23,RTGS
TXN-03826,A-0023,A-0195,70938.05,2025-01-06 09:49:44,RTGS
TXN-03827,A-0325,A-0308,219208.16,2026-08-28 23:14:57,Cash Deposit
TXN-03828,A-0496,A-0164,470149.87,2025-02-09 04:37:47,RTGS
TXN-03829,A-0291,A-0275,51016.27,2025-03-30 21:01:38,Cash Deposit
TXN-03830,A-0360,A-0175,251297.26,2024-04-14 13:12:00,IMPS
TXN-03831,A-0482,A-0060,92107.64,2025-09-26 18:40:05,Cash Deposit
TXN-03832,A-0423,A-0152,433757.25,2024-08-24 02:25:47,RTGS
TXN-03833,A-0003,A-0431,200975.13,2025-04-20 09:48:57,UPI
TXN-03834,A-0360,A-0010,375694.46,2026-05-15 03:53:54,RTGS
TXN-03835,A-0110,A-0277,119648.66,2025-06-27 17:51:19,UPI
TXN-03836,A-0016,A-0390,249383.43,2026-03-22 08:55:58,UPI
TXN-03837,A-0477,A-0351,35712.34,2026-06-18 06:07:08,IMPS
TXN-03838,A-0019,A-0288,196954.68,2024-09-18 04:59:00,Cash Deposit
TXN-03839,A-0128,A-0158,141314.73,2024-04-04 12:30:46,IMPS
TXN-03840,A-0314,A-0260,10631.19,2025-10-31 22:23:04,UPI
TXN-03841,A-0244,A-0178,31084.03,2024-12-15 11:15:48,UPI
TXN-03842,A-0037,A-0233,12776.25,2026-01-19 13:11:10,RTGS
TXN-03843,A-0341,A-0122,274324.34,2025-10-28 16:22:48,IMPS
TXN-03844,A-0048,A-0078,12437.89,2026-08-24 17:40:35,IMPS
TXN-03845,A-0123,A-0100,298939.1,2026-12-02 18:01:06,NEFT
TXN-03846,A-0339,A-0276,84627.3,2025-05-03 21:20:38,UPI
TXN-03847,A-0466,A-0079,336216.22,2025-05-08 18:17:06,UPI
TXN-03848,A-0336,A-0284,445500.34,2026-10-01 10:07:14,UPI
TXN-03849,A-0029,A-0401,112115.65,2026-10-12 09:10:33,NEFT
TXN-03850,A-0198,A-0085,84005.07,2025-06-01 07:43:03,NEFT
TXN-03851,A-0339,A-0250,478593.14,2026-02-26 01:30:36,NEFT
TXN-03852,A-0164,A-0194,296616.44,2026-08-28 05:02:45,IMPS
TXN-03853,A-0464,A-0075,86531.96,2025-08-08 17:31:15,NEFT
TXN-03854,A-0081,A-0463,466141.05,2026-05-17 10:25:59,NEFT
TXN-03855,A-0257,A-0443,122862.91,2025-05-21 23:21:45,IMPS
TXN-03856,A-0383,A-0121,189696.59,2024-11-20 23:02:16,NEFT
TXN-03857,A-0093,A-0070,223027.86,2024-11-03 23:58:33,Cash Deposit
TXN-03858,A-0052,A-0256,107450.16,2025-12-25 19:12:42,IMPS
TXN-03859,A-0344,A-0465,109873.66,2024-05-26 16:36:58,RTGS
TXN-03860,A-0417,A-0413,365554.84,2026-11-04 03:02:54,RTGS
TXN-03861,A-0385,A-0043,365918.32,2024-10-20 10:31:17,NEFT
TXN-03862,A-0144,A-0057,218943.47,2024-12-15 21:49:45,NEFT
TXN-03863,A-0183,A-0416,80893.29,2026-10-05 13:29:22,RTGS
TXN-03864,A-0357,A-0261,16059.02,2025-04-11 05:25:23,RTGS
TXN-03865,A-0113,A-0302,309100.21,2026-09-30 09:31:46,UPI
TXN-03866,A-0419,A-0014,115637.71,2024-12-26 22:14:45,Cash Deposit
TXN-03867,A-0225,A-0274,138156.89,2026-01-23 03:01:17,IMPS
TXN-03868,A-0176,A-0139,137047.52,2025-09-30 10:20:39,IMPS
TXN-03869,A-0073,A-0402,244883.68,2026-08-06 08:06:02,Cash Deposit
TXN-03870,A-0288,A-0097,102496.92,2024-12-01 08:24:55,IMPS
TXN-03871,A-0273,A-0110,336871.83,2025-02-19 17:39:54,IMPS
TXN-03872,A-0354,A-0230,270916.1,2025-03-24 17:56:03,UPI
TXN-03873,A-0119,A-0497,54000.56,2025-02-05 02:46:46,Cash Deposit
TXN-03874,A-0169,A-0111,430078.32,2024-08-21 05:16:56,Cash Deposit
TXN-03875,A-0130,A-0178,189405.03,2026-02-19 22:24:19,IMPS
TXN-03876,A-0430,A-0227,239104.58,2024-03-12 12:54:03,Cash Deposit
TXN-03877,A-0048,A-0186,270183.36,2024-06-26 23:44:48,NEFT
TXN-03878,A-0405,A-0463,183344.36,2025-04-08 08:27:28,NEFT
TXN-03879,A-0396,A-0324,9048.07,2026-01-31 12:15:40,NEFT
TXN-03880,A-0172,A-0391,380545.92,2025-09-16 04:07:23,UPI
TXN-03881,A-0362,A-0374,42040.5,2025-05-12 09:28:48,NEFT
TXN-03882,A-0226,A-0099,467435.44,2024-10-11 00:51:36,NEFT
TXN-03883,A-0068,A-0017,114642.14,2024-06-19 16:34:09,RTGS
TXN-03884,A-0090,A-0436,215333.64,2024-09-15 22:57:51,UPI
TXN-03885,A-0493,A-0410,197236.67,2026-03-23 19:37:20,RTGS
TXN-03886,A-0357,A-0382,115566.35,2026-04-27 15:20:07,Cash Deposit
TXN-03887,A-0009,A-0320,272196.3,2026-04-26 10:20:00,RTGS
TXN-03888,A-0209,A-0411,374664.55,2025-04-12 21:39:40,RTGS
TXN-03889,A-0438,A-0232,280574.51,2025-10-02 15:37:36,UPI
TXN-03890,A-0295,A-0087,390781.39,2025-11-10 20:54:15,UPI
TXN-03891,A-0045,A-0497,309348.83,2024-02-06 04:41:10,RTGS
TXN-03892,A-0157,A-0298,430254.84,2025-03-01 19:09:06,IMPS
TXN-03893,A-0008,A-0418,466859.25,2025-05-16 05:19:47,IMPS
TXN-03894,A-0098,A-0066,145295.66,2026-03-06 22:05:08,RTGS
TXN-03895,A-0382,A-0203,28063.24,2025-01-26 04:34:12,UPI
TXN-03896,A-0433,A-0125,418526.18,2024-01-27 14:25:47,NEFT
TXN-03897,A-0104,A-0088,345709.32,2025-04-30 21:51:52,Cash Deposit
TXN-03898,A-0468,A-0429,330851.8,2024-05-24 03:33:30,Cash Deposit
TXN-03899,A-0195,A-0159,169807.89,2024-08-15 02:41:26,Cash Deposit
TXN-03900,A-0151,A-0425,398595.04,2025-05-31 15:01:52,RTGS
TXN-03901,A-0448,A-0076,207968.7,2025-01-27 22:38:24,IMPS
TXN-03902,A-0475,A-0479,76093.74,2026-08-25 20:26:30,RTGS
TXN-03903,A-0010,A-0027,2279.23,2026-12-15 00:32:16,Cash Deposit
TXN-03904,A-0002,A-0102,208391.73,2025-01-18 05:50:05,UPI
TXN-03905,A-0424,A-0271,153370.04,2026-10-29 19:20:46,NEFT
TXN-03906,A-0468,A-0289,347242.4,2024-06-14 07:19:33,IMPS
TXN-03907,A-0318,A-0236,440571.91,2025-05-17 04:17:06,UPI
TXN-03908,A-0496,A-0187,259117.02,2025-03-11 20:28:06,RTGS
TXN-03909,A-0114,A-0052,351863.41,2024-11-25 22:41:18,IMPS
TXN-03910,A-0448,A-0450,251688.12,2025-07-11 05:52:21,NEFT
TXN-03911,A-0122,A-0378,215964.68,2026-05-12 04:32:04,UPI
TXN-03912,A-0011,A-0340,373176.37,2026-10-04 05:23:55,RTGS
TXN-03913,A-0320,A-0324,86123.33,2025-02-27 19:21:22,NEFT
TXN-03914,A-0434,A-0383,49136.76,2024-07-12 01:25:40,IMPS
TXN-03915,A-0388,A-0051,486308.59,2024-01-12 15:06:31,RTGS
TXN-03916,A-0251,A-0414,281903.55,2026-11-20 11:00:46,UPI
TXN-03917,A-0145,A-0481,291017.76,2024-11-12 01:13:21,Cash Deposit
TXN-03918,A-0427,A-0345,335513.88,2026-04-10 15:32:12,NEFT
TXN-03919,A-0053,A-0498,301915.52,2024-03-08 01:50:11,IMPS
TXN-03920,A-0172,A-0103,363780.95,2024-06-06 21:43:47,IMPS
TXN-03921,A-0072,A-0069,163851.96,2025-03-15 13:58:06,NEFT
TXN-03922,A-0085,A-0243,444398.75,2024-06-11 09:24:47,Cash Deposit
TXN-03923,A-0398,A-0356,339387.55,2024-12-31 23:26:08,UPI
TXN-03924,A-0247,A-0484,98426.31,2026-02-13 05:33:03,NEFT
TXN-03925,A-0500,A-0399,20245.11,2026-07-27 13:33:36,IMPS
TXN-03926,A-0465,A-0159,111459.53,2025-06-15 18:44:08,Cash Deposit
TXN-03927,A-0479,A-0473,438545.13,2025-08-09 21:09:25,NEFT
TXN-03928,A-0213,A-0005,41316.22,2024-05-30 14:29:57,RTGS
TXN-03929,A-0243,A-0485,368092.75,2026-02-24 08:08:13,Cash Deposit
TXN-03930,A-0103,A-0239,420442.28,2024-11-29 05:32:02,IMPS
TXN-03931,A-0247,A-0191,120876.74,2025-06-19 19:19:12,NEFT
TXN-03932,A-0308,A-0061,51575.79,2026-06-28 01:11:19,NEFT
TXN-03933,A-0404,A-0263,72226.3,2024-07-27 00:12:53,IMPS
TXN-03934,A-0422,A-0227,87065.93,2026-11-30 04:36:21,NEFT
TXN-03935,A-0478,A-0119,214972.33,2025-11-20 19:17:18,NEFT
TXN-03936,A-0141,A-0443,66059.23,2024-10-17 23:54:18,IMPS
TXN-03937,A-0466,A-0390,209185.38,2024-09-25 05:14:56,UPI
TXN-03938,A-0009,A-0063,137702.07,2025-06-13 23:09:08,NEFT
TXN-03939,A-0099,A-0458,190825.24,2024-01-12 13:13:35,Cash Deposit
TXN-03940,A-0402,A-0173,210881.38,2026-06-15 16:27:23,Cash Deposit
TXN-03941,A-0056,A-0324,491760.1,2024-11-05 13:00:14,Cash Deposit
TXN-03942,A-0133,A-0122,62797.22,2025-09-10 06:16:46,RTGS
TXN-03943,A-0160,A-0121,441786.09,2026-11-14 20:29:44,RTGS
TXN-03944,A-0014,A-0128,302534.85,2024-07-24 15:50:51,IMPS
TXN-03945,A-0200,A-0222,382935.23,2026-11-24 00:22:43,NEFT
TXN-03946,A-0423,A-0426,237995.55,2026-03-14 20:11:58,RTGS
TXN-03947,A-0177,A-0057,413532.06,2024-07-29 16:13:00,Cash Deposit
TXN-03948,A-0340,A-0488,74110.22,2026-05-24 04:10:11,Cash Deposit
TXN-03949,A-0490,A-0411,492502.09,2026-02-08 23:22:47,IMPS
TXN-03950,A-0403,A-0354,213171.06,2026-07-23 13:45:51,Cash Deposit
TXN-03951,A-0289,A-0081,299216.54,2026-06-05 13:23:02,UPI
TXN-03952,A-0094,A-0282,420918.64,2024-11-23 17:13:34,Cash Deposit
TXN-03953,A-0358,A-0153,487618.16,2026-04-20 22:22:26,IMPS
TXN-03954,A-0367,A-0279,357109.72,2025-01-10 12:05:22,IMPS
TXN-03955,A-0240,A-0195,147808.83,2025-05-13 10:43:12,Cash Deposit
TXN-03956,A-0343,A-0286,24384.99,2024-12-16 01:29:12,NEFT
TXN-03957,A-0252,A-0340,123956.91,2026-03-02 18:37:51,NEFT
TXN-03958,A-0497,A-0374,117648.75,2026-12-05 02:48:56,NEFT
TXN-03959,A-0346,A-0136,474279.74,2024-12-20 01:41:00,Cash Deposit
TXN-03960,A-0383,A-0188,79613.88,2025-04-10 11:23:54,Cash Deposit
TXN-03961,A-0326,A-0032,67683.26,2025-11-22 17:18:14,Cash Deposit
TXN-03962,A-0233,A-0294,403630.87,2025-01-30 01:35:24,UPI
TXN-03963,A-0075,A-0370,19734.56,2024-04-10 07:00:07,NEFT
TXN-03964,A-0103,A-0025,282494.32,2026-09-21 16:52:49,UPI
TXN-03965,A-0370,A-0015,455612.83,2024-07-07 04:44:21,IMPS
TXN-03966,A-0452,A-0100,251557.63,2025-01-04 08:57:40,IMPS
TXN-03967,A-0032,A-0439,169593.82,2025-11-24 13:29:21,Cash Deposit
TXN-03968,A-0427,A-0083,278803.85,2026-09-21 04:28:08,UPI
TXN-03969,A-0197,A-0103,267479.43,2024-05-25 21:41:34,IMPS
TXN-03970,A-0142,A-0382,194801.54,2024-04-20 15:43:28,Cash Deposit
TXN-03971,A-0139,A-0362,318370.49,2026-06-05 05:06:14,UPI
TXN-03972,A-0341,A-0446,31871.07,2026-05-13 11:44:40,IMPS
TXN-03973,A-0044,A-0068,435104.36,2026-04-01 11:37:20,IMPS
TXN-03974,A-0469,A-0244,19092.78,2025-02-07 17:33:59,NEFT
TXN-03975,A-0402,A-0333,60093.91,2024-05-12 11:02:42,NEFT
TXN-03976,A-0121,A-0285,471186.18,2026-07-10 15:57:55,RTGS
TXN-03977,A-0253,A-0409,3615.38,2024-05-01 00:58:42,RTGS
TXN-03978,A-0175,A-0139,203717.94,2025-12-09 02:02:20,RTGS
TXN-03979,A-0106,A-0413,237669.65,2025-11-28 22:46:24,NEFT
TXN-03980,A-0343,A-0106,59013.1,2026-11-20 23:50:41,NEFT
TXN-03981,A-0455,A-0166,473634.88,2025-08-31 23:29:41,NEFT
TXN-03982,A-0221,A-0024,3351.2,2026-03-15 05:37:40,Cash Deposit
TXN-03983,A-0212,A-0029,401578.5,2024-09-22 23:13:38,Cash Deposit
TXN-03984,A-0017,A-0229,119039.92,2025-05-19 17:06:20,Cash Deposit
TXN-03985,A-0215,A-0424,45739.82,2024-03-29 08:48:31,RTGS
TXN-03986,A-0330,A-0227,224695.39,2026-06-10 00:35:28,RTGS
TXN-03987,A-0008,A-0138,216066.71,2026-02-26 23:26:49,UPI
TXN-03988,A-0173,A-0172,292168.23,2025-04-29 02:21:35,IMPS
TXN-03989,A-0294,A-0097,306807.5,2025-07-14 09:46:05,RTGS
TXN-03990,A-0035,A-0335,182313.37,2026-03-07 03:06:36,UPI
TXN-03991,A-0096,A-0405,349530.66,2026-06-17 22:11:29,NEFT
TXN-03992,A-0214,A-0336,472233.97,2024-12-20 05:04:31,IMPS
TXN-03993,A-0471,A-0171,440622.16,2026-07-01 11:05:30,UPI
TXN-03994,A-0318,A-0467,498611.98,2025-06-18 12:33:13,UPI
TXN-03995,A-0267,A-0325,192225.73,2024-03-19 15:47:47,NEFT
TXN-03996,A-0213,A-0120,291257.76,2025-06-28 00:28:50,UPI
TXN-03997,A-0364,A-0388,455421.05,2026-02-18 02:50:44,RTGS
TXN-03998,A-0112,A-0064,124584.66,2025-05-17 07:11:48,NEFT
TXN-03999,A-0150,A-0166,16012.14,2024-12-19 19:26:44,NEFT
TXN-04000,A-0097,A-0092,139041.86,2026-03-02 09:23:04,IMPS
TXN-04001,A-0402,A-0262,151338.95,2024-07-14 14:45:14,IMPS
TXN-04002,A-0213,A-0467,437908.36,2024-07-15 11:57:11,RTGS
TXN-04003,A-0210,A-0283,488195.93,2024-08-20 11:56:12,RTGS
TXN-04004,A-0056,A-0186,151179.75,2026-04-25 16:58:42,UPI
TXN-04005,A-0323,A-0250,48199.97,2025-05-31 20:47:41,RTGS
TXN-04006,A-0354,A-0015,334771.09,2026-05-17 00:35:51,RTGS
TXN-04007,A-0051,A-0072,427960.43,2025-12-05 16:00:25,Cash Deposit
TXN-04008,A-0016,A-0080,475422.97,2026-12-23 06:01:55,IMPS
TXN-04009,A-0468,A-0282,156383.04,2026-06-15 02:26:12,UPI
TXN-04010,A-0210,A-0250,196581.74,2025-12-16 22:09:45,IMPS
TXN-04011,A-0017,A-0401,9934.22,2024-02-07 23:58:46,UPI
TXN-04012,A-0348,A-0292,223154.92,2026-07-12 22:35:31,Cash Deposit
TXN-04013,A-0156,A-0408,325884.74,2026-06-30 00:15:17,RTGS
TXN-04014,A-0210,A-0340,202053.95,2024-02-28 02:59:16,Cash Deposit
TXN-04015,A-0036,A-0073,206157.58,2025-09-27 15:53:22,IMPS
TXN-04016,A-0212,A-0298,70786.11,2025-12-11 02:20:21,IMPS
TXN-04017,A-0035,A-0217,362569.0,2024-10-04 18:16:25,UPI
TXN-04018,A-0090,A-0196,89933.3,2024-08-11 10:00:16,NEFT
TXN-04019,A-0417,A-0270,143859.66,2025-08-21 18:10:22,RTGS
TXN-04020,A-0250,A-0267,105625.02,2025-12-05 04:27:13,RTGS
TXN-04021,A-0038,A-0311,11426.48,2025-07-15 19:38:49,IMPS
TXN-04022,A-0137,A-0376,454133.13,2026-02-09 08:26:43,RTGS
TXN-04023,A-0493,A-0020,324670.36,2024-03-28 23:13:28,Cash Deposit
TXN-04024,A-0489,A-0417,47236.66,2024-10-07 22:13:30,UPI
TXN-04025,A-0137,A-0064,55065.16,2024-08-04 04:52:36,NEFT
TXN-04026,A-0313,A-0021,251324.17,2025-12-10 19:00:25,RTGS
TXN-04027,A-0150,A-0035,316798.79,2025-02-05 14:13:43,NEFT
TXN-04028,A-0193,A-0323,387052.7,2025-03-06 03:18:23,IMPS
TXN-04029,A-0300,A-0131,233338.03,2026-05-18 01:00:02,UPI
TXN-04030,A-0369,A-0262,169133.34,2024-11-23 22:42:53,NEFT
TXN-04031,A-0056,A-0491,477525.11,2025-04-28 19:48:37,NEFT
TXN-04032,A-0069,A-0086,475821.8,2025-03-22 04:25:42,IMPS
TXN-04033,A-0479,A-0095,40117.6,2025-04-05 02:53:16,IMPS
TXN-04034,A-0248,A-0419,364662.81,2026-07-14 22:56:03,UPI
TXN-04035,A-0132,A-0447,470549.57,2026-12-28 18:34:24,NEFT
TXN-04036,A-0041,A-0405,189691.3,2024-12-22 00:37:47,UPI
TXN-04037,A-0161,A-0423,171361.8,2025-04-16 21:12:35,IMPS
TXN-04038,A-0126,A-0388,138799.64,2024-12-07 18:43:38,UPI
TXN-04039,A-0476,A-0067,229320.01,2025-03-04 19:30:21,RTGS
TXN-04040,A-0472,A-0262,38809.25,2025-07-07 07:20:59,Cash Deposit
TXN-04041,A-0150,A-0293,481483.32,2024-06-13 09:34:00,RTGS
TXN-04042,A-0231,A-0213,221200.27,2025-07-29 06:30:08,UPI
TXN-04043,A-0450,A-0004,416655.13,2024-12-07 01:53:56,UPI
TXN-04044,A-0273,A-0288,441141.24,2026-09-22 02:12:53,Cash Deposit
TXN-04045,A-0327,A-0428,375494.81,2025-02-07 05:22:48,NEFT
TXN-04046,A-0417,A-0140,57983.01,2024-04-24 02:53:56,NEFT
TXN-04047,A-0432,A-0262,388210.97,2024-02-11 03:11:48,RTGS
TXN-04048,A-0408,A-0018,481390.76,2026-08-08 08:48:27,RTGS
TXN-04049,A-0054,A-0418,313138.09,2026-08-07 13:21:16,UPI
TXN-04050,A-0233,A-0252,252040.76,2024-11-03 02:42:02,RTGS
TXN-04051,A-0318,A-0010,453319.81,2026-06-01 15:15:45,IMPS
TXN-04052,A-0330,A-0029,181153.34,2025-11-15 15:29:55,IMPS
TXN-04053,A-0120,A-0144,399123.54,2024-02-17 01:49:36,Cash Deposit
TXN-04054,A-0350,A-0456,206316.02,2026-10-06 03:00:27,Cash Deposit
TXN-04055,A-0070,A-0411,159096.64,2026-07-25 16:12:05,RTGS
TXN-04056,A-0438,A-0290,438874.67,2025-11-08 09:25:57,UPI
TXN-04057,A-0358,A-0322,418213.54,2026-05-26 03:25:18,RTGS
TXN-04058,A-0209,A-0303,441919.84,2026-11-25 04:02:22,NEFT
TXN-04059,A-0334,A-0445,185369.12,2024-08-24 18:27:39,NEFT
TXN-04060,A-0291,A-0476,467458.27,2025-05-09 01:52:36,IMPS
TXN-04061,A-0347,A-0484,72821.64,2025-07-16 22:04:23,RTGS
TXN-04062,A-0137,A-0212,314775.51,2026-08-16 14:36:02,Cash Deposit
TXN-04063,A-0421,A-0211,267976.48,2024-09-12 04:14:28,Cash Deposit
TXN-04064,A-0019,A-0382,415566.94,2024-04-11 03:24:20,RTGS
TXN-04065,A-0081,A-0031,221832.58,2026-08-31 08:24:26,Cash Deposit
TXN-04066,A-0206,A-0165,445699.44,2026-01-05 17:14:02,RTGS
TXN-04067,A-0173,A-0488,82982.7,2025-11-09 17:34:06,UPI
TXN-04068,A-0098,A-0136,115219.71,2024-05-21 23:46:49,Cash Deposit
TXN-04069,A-0416,A-0161,192683.75,2024-05-27 16:53:32,Cash Deposit
TXN-04070,A-0348,A-0466,238997.65,2025-04-16 23:37:02,Cash Deposit
TXN-04071,A-0088,A-0177,471222.34,2024-02-28 14:30:07,IMPS
TXN-04072,A-0314,A-0356,78642.98,2025-03-24 04:24:16,UPI
TXN-04073,A-0358,A-0185,15651.72,2024-06-01 01:41:36,RTGS
TXN-04074,A-0498,A-0310,312531.24,2024-08-09 06:21:33,RTGS
TXN-04075,A-0270,A-0094,463377.53,2025-07-13 19:02:02,Cash Deposit
TXN-04076,A-0049,A-0112,550.15,2024-06-19 03:31:44,IMPS
TXN-04077,A-0466,A-0267,232868.5,2024-02-23 16:33:04,UPI
TXN-04078,A-0030,A-0458,29404.75,2024-07-07 06:02:48,IMPS
TXN-04079,A-0368,A-0175,238132.47,2025-04-15 18:37:08,IMPS
TXN-04080,A-0312,A-0468,261090.67,2026-02-10 08:13:12,IMPS
TXN-04081,A-0165,A-0128,430956.49,2025-10-29 10:02:03,RTGS
TXN-04082,A-0476,A-0059,86911.07,2026-05-04 13:59:26,NEFT
TXN-04083,A-0457,A-0418,95643.84,2024-04-06 00:19:46,Cash Deposit
TXN-04084,A-0120,A-0201,390019.83,2025-02-06 16:57:00,IMPS
TXN-04085,A-0245,A-0478,35346.2,2024-03-14 18:51:52,UPI
TXN-04086,A-0356,A-0276,247763.85,2024-01-26 16:34:49,RTGS
TXN-04087,A-0116,A-0110,92945.32,2026-05-24 19:10:00,UPI
TXN-04088,A-0149,A-0355,132502.25,2025-09-12 14:26:13,IMPS
TXN-04089,A-0493,A-0187,446235.58,2026-07-06 12:45:45,UPI
TXN-04090,A-0032,A-0456,495726.99,2024-03-30 04:56:55,Cash Deposit
TXN-04091,A-0489,A-0287,424209.61,2026-06-27 11:16:48,NEFT
TXN-04092,A-0243,A-0164,137072.85,2026-06-29 02:34:40,RTGS
TXN-04093,A-0493,A-0033,175175.03,2024-12-26 13:34:37,RTGS
TXN-04094,A-0051,A-0348,101770.28,2026-04-10 12:33:52,RTGS
TXN-04095,A-0420,A-0254,226008.28,2025-05-27 10:02:02,UPI
TXN-04096,A-0034,A-0342,323490.24,2025-11-14 20:04:22,Cash Deposit
TXN-04097,A-0270,A-0442,408223.65,2025-08-01 21:01:52,Cash Deposit
TXN-04098,A-0411,A-0082,165819.96,2026-01-08 09:19:30,NEFT
TXN-04099,A-0447,A-0272,137553.86,2025-01-22 05:25:29,NEFT
TXN-04100,A-0097,A-0017,452212.4,2026-12-03 21:15:12,UPI
TXN-04101,A-0070,A-0083,307831.34,2025-07-31 07:05:01,UPI
TXN-04102,A-0497,A-0383,53974.24,2025-10-02 01:19:09,NEFT
TXN-04103,A-0430,A-0454,149591.12,2025-05-20 20:48:38,IMPS
TXN-04104,A-0340,A-0067,438504.26,2024-04-24 02:14:50,IMPS
TXN-04105,A-0021,A-0063,412939.75,2026-06-23 17:34:48,IMPS
TXN-04106,A-0320,A-0325,87878.58,2024-07-18 20:39:16,RTGS
TXN-04107,A-0104,A-0072,185361.52,2025-08-28 20:37:00,UPI
TXN-04108,A-0058,A-0004,15908.02,2026-05-23 16:26:11,NEFT
TXN-04109,A-0455,A-0152,376501.34,2024-05-10 02:40:03,RTGS
TXN-04110,A-0442,A-0312,360891.01,2025-04-02 10:52:08,RTGS
TXN-04111,A-0393,A-0232,71946.22,2026-08-06 15:04:51,Cash Deposit
TXN-04112,A-0140,A-0382,303595.1,2026-03-08 16:03:15,UPI
TXN-04113,A-0356,A-0457,59403.54,2026-08-03 05:20:54,Cash Deposit
TXN-04114,A-0432,A-0284,324146.41,2024-12-25 02:40:06,NEFT
TXN-04115,A-0248,A-0310,202485.92,2024-02-27 02:01:22,RTGS
TXN-04116,A-0334,A-0130,89262.26,2026-03-16 10:34:47,Cash Deposit
TXN-04117,A-0487,A-0127,330851.21,2025-09-08 13:18:59,Cash Deposit
TXN-04118,A-0098,A-0347,425933.98,2026-01-18 18:40:29,Cash Deposit
TXN-04119,A-0099,A-0050,435368.87,2024-06-27 03:06:36,IMPS
TXN-04120,A-0148,A-0373,281041.61,2025-01-04 11:24:51,Cash Deposit
TXN-04121,A-0141,A-0164,156491.37,2026-04-15 10:35:17,NEFT
TXN-04122,A-0062,A-0106,55663.75,2024-12-01 19:31:50,IMPS
TXN-04123,A-0478,A-0198,210261.76,2024-06-08 07:23:16,NEFT
TXN-04124,A-0113,A-0450,311544.24,2025-04-27 05:17:22,UPI
TXN-04125,A-0363,A-0150,427506.77,2026-05-31 00:08:21,IMPS
TXN-04126,A-0198,A-0350,17255.88,2026-06-24 10:49:40,NEFT
TXN-04127,A-0148,A-0417,379137.9,2026-12-18 01:40:11,UPI
TXN-04128,A-0264,A-0245,390753.36,2026-09-16 03:43:35,Cash Deposit
TXN-04129,A-0476,A-0310,399423.1,2024-02-15 19:41:12,RTGS
TXN-04130,A-0042,A-0164,226105.72,2024-11-23 17:50:55,UPI
TXN-04131,A-0038,A-0184,161109.86,2024-11-28 17:57:51,UPI
TXN-04132,A-0239,A-0325,41868.19,2025-02-22 15:29:51,NEFT
TXN-04133,A-0096,A-0019,400255.35,2025-09-14 02:03:47,Cash Deposit
TXN-04134,A-0431,A-0128,97384.86,2024-11-29 06:13:02,NEFT
TXN-04135,A-0330,A-0260,421150.42,2024-07-14 23:22:53,RTGS
TXN-04136,A-0413,A-0419,311687.98,2026-07-23 20:29:53,UPI
TXN-04137,A-0410,A-0054,13658.6,2024-06-17 07:43:24,NEFT
TXN-04138,A-0216,A-0199,352208.8,2024-07-03 21:49:50,Cash Deposit
TXN-04139,A-0460,A-0057,478046.12,2026-06-19 21:28:31,Cash Deposit
TXN-04140,A-0403,A-0498,34086.6,2026-06-16 19:05:17,NEFT
TXN-04141,A-0206,A-0195,378967.41,2026-09-29 03:26:37,UPI
TXN-04142,A-0222,A-0408,332182.28,2024-12-21 14:49:05,IMPS
TXN-04143,A-0298,A-0253,222870.54,2024-03-25 01:58:41,NEFT
TXN-04144,A-0467,A-0057,37057.84,2024-10-09 16:27:29,NEFT
TXN-04145,A-0044,A-0416,386599.5,2025-12-26 04:29:25,Cash Deposit
TXN-04146,A-0456,A-0334,421945.15,2024-02-08 22:05:25,NEFT
TXN-04147,A-0235,A-0113,237689.74,2024-08-11 15:36:44,IMPS
TXN-04148,A-0494,A-0291,419492.08,2024-11-02 20:10:33,NEFT
TXN-04149,A-0221,A-0250,367605.93,2026-11-30 15:04:43,Cash Deposit
TXN-04150,A-0257,A-0433,162361.03,2025-07-26 00:20:24,RTGS
TXN-04151,A-0179,A-0474,9128.77,2024-08-19 04:39:43,UPI
TXN-04152,A-0065,A-0378,408507.96,2026-02-12 18:39:18,NEFT
TXN-04153,A-0241,A-0007,133471.52,2024-08-05 09:50:55,RTGS
TXN-04154,A-0234,A-0248,263417.93,2024-07-26 13:21:44,RTGS
TXN-04155,A-0382,A-0432,277606.89,2024-09-14 17:56:12,UPI
TXN-04156,A-0498,A-0374,298159.81,2024-10-24 13:00:50,NEFT
TXN-04157,A-0111,A-0368,246002.15,2024-06-06 21:30:42,RTGS
TXN-04158,A-0110,A-0215,453070.74,2026-10-24 15:18:45,IMPS
TXN-04159,A-0082,A-0061,40803.81,2025-10-09 02:27:51,NEFT
TXN-04160,A-0363,A-0413,497282.2,2026-03-11 02:25:23,RTGS
TXN-04161,A-0375,A-0034,356038.66,2024-10-03 19:12:15,Cash Deposit
TXN-04162,A-0250,A-0162,455816.32,2026-02-12 23:58:08,NEFT
TXN-04163,A-0311,A-0291,214218.7,2025-03-11 17:52:23,Cash Deposit
TXN-04164,A-0117,A-0481,377288.85,2024-11-17 15:20:54,IMPS
TXN-04165,A-0083,A-0224,221591.74,2026-04-30 16:23:25,UPI
TXN-04166,A-0045,A-0135,170478.57,2024-09-29 07:21:34,NEFT
TXN-04167,A-0249,A-0346,141675.78,2025-07-02 08:42:52,Cash Deposit
TXN-04168,A-0038,A-0359,383808.09,2026-04-11 05:09:45,Cash Deposit
TXN-04169,A-0206,A-0224,264494.54,2025-06-15 17:30:22,IMPS
TXN-04170,A-0268,A-0223,158025.02,2024-02-27 23:19:54,IMPS
TXN-04171,A-0497,A-0061,354298.37,2025-04-14 02:53:56,Cash Deposit
TXN-04172,A-0206,A-0202,306654.18,2024-03-31 05:35:16,Cash Deposit
TXN-04173,A-0074,A-0316,59272.37,2025-09-13 12:08:38,IMPS
TXN-04174,A-0446,A-0211,296222.8,2024-01-14 21:52:53,UPI
TXN-04175,A-0337,A-0134,201425.17,2026-12-01 00:30:57,UPI
TXN-04176,A-0030,A-0453,169691.21,2026-05-28 22:48:55,RTGS
TXN-04177,A-0427,A-0382,480599.87,2026-01-16 00:02:46,Cash Deposit
TXN-04178,A-0429,A-0112,86228.36,2024-10-28 15:39:16,NEFT
TXN-04179,A-0244,A-0166,498564.9,2024-02-14 12:12:32,IMPS
TXN-04180,A-0108,A-0079,5528.83,2025-01-13 15:16:07,NEFT
TXN-04181,A-0247,A-0287,472100.74,2025-07-15 14:09:57,NEFT
TXN-04182,A-0146,A-0440,450533.15,2024-04-23 13:40:22,RTGS
TXN-04183,A-0105,A-0488,297713.47,2026-07-14 12:13:41,IMPS
TXN-04184,A-0368,A-0183,423958.71,2026-12-11 17:35:49,UPI
TXN-04185,A-0409,A-0074,235793.24,2025-03-13 00:39:45,UPI
TXN-04186,A-0023,A-0384,153221.68,2025-11-03 13:43:27,UPI
TXN-04187,A-0212,A-0231,186687.54,2025-09-17 03:51:30,Cash Deposit
TXN-04188,A-0254,A-0313,143810.45,2025-10-13 04:46:24,UPI
TXN-04189,A-0325,A-0275,418257.19,2026-10-11 09:56:50,IMPS
TXN-04190,A-0387,A-0437,227187.98,2026-01-27 00:37:02,Cash Deposit
TXN-04191,A-0498,A-0213,289211.35,2025-06-13 11:08:50,NEFT
TXN-04192,A-0444,A-0398,152437.98,2025-01-09 03:29:23,UPI
TXN-04193,A-0292,A-0202,424122.23,2025-09-28 06:03:01,UPI
TXN-04194,A-0440,A-0145,183239.11,2025-02-04 14:35:02,IMPS
TXN-04195,A-0041,A-0303,25627.94,2024-06-01 15:31:09,NEFT
TXN-04196,A-0363,A-0071,340792.39,2024-11-06 15:32:49,IMPS
TXN-04197,A-0466,A-0365,438289.67,2026-05-14 17:56:54,RTGS
TXN-04198,A-0081,A-0216,151515.66,2026-02-07 04:53:38,IMPS
TXN-04199,A-0462,A-0368,393959.34,2024-07-18 16:52:40,UPI
TXN-04200,A-0435,A-0155,268827.21,2026-12-06 01:32:47,Cash Deposit
TXN-04201,A-0185,A-0493,149755.71,2026-02-21 03:45:45,RTGS
TXN-04202,A-0078,A-0337,423928.67,2024-08-26 02:48:05,NEFT
TXN-04203,A-0419,A-0349,232432.91,2026-02-20 19:35:56,IMPS
TXN-04204,A-0246,A-0141,453488.85,2024-07-03 06:12:17,RTGS
TXN-04205,A-0243,A-0220,339308.3,2026-09-21 00:25:51,IMPS
TXN-04206,A-0158,A-0475,269636.75,2026-08-29 02:35:10,RTGS
TXN-04207,A-0152,A-0338,447719.57,2024-05-10 08:16:54,UPI
TXN-04208,A-0131,A-0019,458021.35,2024-04-17 18:28:39,NEFT
TXN-04209,A-0366,A-0375,159048.65,2026-12-02 08:25:43,IMPS
TXN-04210,A-0325,A-0247,92427.28,2024-07-25 10:15:21,UPI
TXN-04211,A-0301,A-0112,42068.18,2024-06-20 21:41:04,NEFT
TXN-04212,A-0476,A-0361,168064.3,2024-05-10 05:29:00,RTGS
TXN-04213,A-0418,A-0172,107607.8,2025-04-14 12:11:53,NEFT
TXN-04214,A-0369,A-0148,431659.89,2024-09-01 05:59:28,Cash Deposit
TXN-04215,A-0207,A-0357,23126.59,2024-12-30 23:55:21,RTGS
TXN-04216,A-0458,A-0168,391191.86,2026-03-13 15:00:56,UPI
TXN-04217,A-0432,A-0444,257754.9,2024-01-08 05:32:36,IMPS
TXN-04218,A-0408,A-0156,417044.31,2024-05-20 02:32:37,UPI
TXN-04219,A-0326,A-0068,179699.69,2024-02-29 03:16:19,NEFT
TXN-04220,A-0401,A-0193,185043.61,2024-07-03 12:12:25,IMPS
TXN-04221,A-0369,A-0078,335474.92,2026-08-07 16:14:22,UPI
TXN-04222,A-0331,A-0140,156141.68,2024-05-12 01:53:08,IMPS
TXN-04223,A-0070,A-0448,236123.62,2026-12-03 19:31:10,IMPS
TXN-04224,A-0375,A-0222,11184.76,2026-11-04 18:36:04,RTGS
TXN-04225,A-0013,A-0363,346870.26,2025-05-31 22:43:12,NEFT
TXN-04226,A-0195,A-0015,484814.02,2025-11-17 03:58:43,RTGS
TXN-04227,A-0491,A-0189,138630.47,2025-08-23 13:59:55,UPI
TXN-04228,A-0444,A-0104,407625.07,2026-09-22 05:17:20,RTGS
TXN-04229,A-0055,A-0066,39305.12,2024-12-08 07:36:19,IMPS
TXN-04230,A-0286,A-0274,207953.96,2026-04-11 08:20:12,RTGS
TXN-04231,A-0017,A-0090,134330.25,2025-10-12 13:22:59,RTGS
TXN-04232,A-0176,A-0387,410957.68,2026-07-04 11:59:14,NEFT
TXN-04233,A-0439,A-0211,19495.54,2025-12-10 17:48:17,UPI
TXN-04234,A-0178,A-0211,350003.05,2024-10-12 19:04:13,IMPS
TXN-04235,A-0442,A-0491,311050.53,2025-01-29 05:18:59,UPI
TXN-04236,A-0364,A-0477,213332.72,2024-06-29 03:23:32,RTGS
TXN-04237,A-0496,A-0211,342949.95,2024-12-30 22:23:14,RTGS
TXN-04238,A-0371,A-0168,97780.71,2026-06-07 03:19:46,UPI
TXN-04239,A-0167,A-0406,451396.86,2024-07-28 00:18:25,UPI
TXN-04240,A-0105,A-0254,317584.63,2025-06-12 22:51:02,RTGS
TXN-04241,A-0352,A-0076,497539.57,2024-09-11 05:28:00,RTGS
TXN-04242,A-0215,A-0476,18675.25,2026-11-15 14:03:56,Cash Deposit
TXN-04243,A-0239,A-0433,462841.24,2025-11-02 16:17:01,IMPS
TXN-04244,A-0186,A-0403,69557.06,2025-11-07 14:02:39,NEFT
TXN-04245,A-0295,A-0351,208314.54,2025-08-04 18:05:07,Cash Deposit
TXN-04246,A-0434,A-0361,417454.34,2024-05-08 10:16:03,Cash Deposit
TXN-04247,A-0262,A-0408,414893.65,2026-02-05 22:33:04,UPI
TXN-04248,A-0297,A-0173,363354.63,2024-09-02 21:55:49,UPI
TXN-04249,A-0301,A-0161,188361.88,2024-05-05 13:02:38,NEFT
TXN-04250,A-0421,A-0066,382217.45,2026-03-09 14:46:30,NEFT
TXN-04251,A-0373,A-0356,27845.55,2025-11-27 03:32:18,UPI
TXN-04252,A-0187,A-0437,254837.31,2025-05-23 00:55:03,UPI
TXN-04253,A-0123,A-0117,138536.79,2024-01-02 05:54:23,Cash Deposit
TXN-04254,A-0474,A-0246,372925.51,2026-05-07 22:43:50,RTGS
TXN-04255,A-0335,A-0285,212741.8,2026-07-01 00:11:34,IMPS
TXN-04256,A-0046,A-0029,491796.21,2026-11-06 01:56:46,RTGS
TXN-04257,A-0339,A-0486,235188.86,2024-05-15 00:16:46,NEFT
TXN-04258,A-0460,A-0289,85966.85,2026-06-07 18:02:23,IMPS
TXN-04259,A-0395,A-0270,58168.41,2025-11-24 12:47:22,Cash Deposit
TXN-04260,A-0019,A-0481,101904.16,2025-02-19 09:24:06,IMPS
TXN-04261,A-0407,A-0294,403625.62,2024-07-08 15:59:11,UPI
TXN-04262,A-0340,A-0026,326558.69,2024-04-18 08:29:31,IMPS
TXN-04263,A-0419,A-0253,441313.64,2024-03-24 12:10:50,NEFT
TXN-04264,A-0335,A-0113,488445.43,2025-09-22 21:34:32,NEFT
TXN-04265,A-0321,A-0250,187750.53,2025-08-05 17:51:54,Cash Deposit
TXN-04266,A-0107,A-0206,282146.55,2025-11-21 07:35:44,NEFT
TXN-04267,A-0260,A-0205,467481.39,2025-02-23 13:41:00,NEFT
TXN-04268,A-0129,A-0346,403806.26,2024-06-12 02:19:25,NEFT
TXN-04269,A-0183,A-0215,325103.04,2025-07-04 03:41:25,IMPS
TXN-04270,A-0481,A-0026,106137.87,2026-06-02 10:48:29,NEFT
TXN-04271,A-0426,A-0492,147830.48,2024-02-22 12:34:14,Cash Deposit
TXN-04272,A-0292,A-0218,138331.64,2026-01-27 03:38:15,NEFT
TXN-04273,A-0198,A-0438,71053.45,2024-12-27 16:36:20,Cash Deposit
TXN-04274,A-0391,A-0432,124234.16,2025-05-19 22:44:30,UPI
TXN-04275,A-0298,A-0414,139607.38,2024-10-29 05:38:52,UPI
TXN-04276,A-0047,A-0243,184139.76,2026-08-28 04:18:15,NEFT
TXN-04277,A-0220,A-0481,56767.55,2026-10-01 08:48:56,Cash Deposit
TXN-04278,A-0407,A-0149,52544.69,2024-11-17 02:24:09,NEFT
TXN-04279,A-0053,A-0393,373013.9,2024-11-21 15:46:43,NEFT
TXN-04280,A-0215,A-0004,235297.88,2026-10-11 01:26:09,RTGS
TXN-04281,A-0318,A-0190,116687.61,2026-01-15 03:38:48,UPI
TXN-04282,A-0409,A-0124,260428.04,2026-05-27 19:42:16,Cash Deposit
TXN-04283,A-0100,A-0171,70782.99,2025-08-27 03:39:20,UPI
TXN-04284,A-0344,A-0408,189722.47,2026-08-25 12:57:05,Cash Deposit
TXN-04285,A-0155,A-0161,474231.45,2025-05-25 16:56:54,Cash Deposit
TXN-04286,A-0019,A-0312,497784.29,2026-03-20 09:13:56,NEFT
TXN-04287,A-0188,A-0212,387938.41,2025-03-02 18:30:19,UPI
TXN-04288,A-0223,A-0015,77603.43,2025-02-10 03:59:10,RTGS
TXN-04289,A-0042,A-0154,369106.05,2025-06-26 04:49:06,RTGS
TXN-04290,A-0473,A-0041,420564.51,2025-09-30 12:04:06,UPI
TXN-04291,A-0126,A-0071,51769.61,2026-09-03 09:53:49,IMPS
TXN-04292,A-0222,A-0129,182297.71,2025-01-09 05:39:05,RTGS
TXN-04293,A-0072,A-0447,37463.66,2024-10-06 18:10:53,RTGS
TXN-04294,A-0094,A-0500,151666.06,2024-01-20 17:07:24,UPI
TXN-04295,A-0344,A-0055,192748.22,2025-08-24 18:51:42,RTGS
TXN-04296,A-0423,A-0343,418340.44,2026-09-24 18:30:17,NEFT
TXN-04297,A-0327,A-0259,96623.71,2025-08-08 11:45:53,UPI
TXN-04298,A-0388,A-0085,217297.26,2024-09-12 22:51:11,UPI
TXN-04299,A-0440,A-0138,369139.41,2024-01-25 00:59:49,RTGS
TXN-04300,A-0300,A-0466,271230.03,2025-04-06 15:23:57,Cash Deposit
TXN-04301,A-0022,A-0034,38541.1,2026-08-20 05:16:25,IMPS
TXN-04302,A-0356,A-0045,323329.41,2026-12-27 09:37:14,Cash Deposit
TXN-04303,A-0493,A-0387,397825.56,2025-08-02 09:25:46,UPI
TXN-04304,A-0031,A-0163,321343.4,2025-06-03 09:05:50,NEFT
TXN-04305,A-0066,A-0084,291762.94,2026-05-04 10:53:29,NEFT
TXN-04306,A-0114,A-0080,148885.86,2026-06-24 06:01:00,IMPS
TXN-04307,A-0399,A-0352,439628.07,2026-01-05 01:14:40,NEFT
TXN-04308,A-0258,A-0296,240926.3,2025-03-03 11:05:27,IMPS
TXN-04309,A-0491,A-0319,355195.43,2025-10-18 06:40:25,NEFT
TXN-04310,A-0078,A-0435,364160.71,2025-10-15 07:15:14,Cash Deposit
TXN-04311,A-0331,A-0152,320434.21,2025-01-04 05:44:25,Cash Deposit
TXN-04312,A-0033,A-0195,128135.61,2025-08-12 19:57:59,IMPS
TXN-04313,A-0063,A-0147,363171.03,2026-01-05 10:25:59,Cash Deposit
TXN-04314,A-0069,A-0200,171726.96,2024-03-22 11:45:17,RTGS
TXN-04315,A-0487,A-0186,270958.03,2025-12-28 12:44:09,IMPS
TXN-04316,A-0293,A-0302,264940.32,2024-07-20 23:09:31,UPI
TXN-04317,A-0113,A-0477,229881.26,2025-07-02 17:10:31,IMPS
TXN-04318,A-0141,A-0382,167518.96,2025-12-16 20:12:07,RTGS
TXN-04319,A-0389,A-0396,376830.67,2024-08-02 04:30:10,UPI
TXN-04320,A-0115,A-0449,410217.2,2024-04-21 19:24:09,NEFT
TXN-04321,A-0378,A-0429,52792.91,2024-06-16 06:47:05,Cash Deposit
TXN-04322,A-0052,A-0458,70126.57,2026-07-15 15:16:35,UPI
TXN-04323,A-0389,A-0405,420041.21,2026-07-22 07:32:00,UPI
TXN-04324,A-0328,A-0016,331295.68,2024-10-30 23:13:25,RTGS
TXN-04325,A-0326,A-0418,491824.67,2025-05-23 07:57:17,NEFT
TXN-04326,A-0224,A-0167,250550.46,2024-10-16 23:46:31,UPI
TXN-04327,A-0029,A-0463,400898.18,2026-06-29 10:19:10,RTGS
TXN-04328,A-0280,A-0281,449905.87,2026-09-08 02:44:59,IMPS
TXN-04329,A-0131,A-0268,137349.44,2025-08-20 01:21:02,NEFT
TXN-04330,A-0447,A-0476,271115.94,2024-04-18 02:05:05,Cash Deposit
TXN-04331,A-0210,A-0211,477435.52,2025-11-08 18:53:54,UPI
TXN-04332,A-0162,A-0435,124440.2,2025-03-03 22:39:04,Cash Deposit
TXN-04333,A-0080,A-0075,467756.67,2025-05-09 08:46:15,NEFT
TXN-04334,A-0198,A-0142,175073.32,2026-05-29 20:51:45,RTGS
TXN-04335,A-0349,A-0160,347843.96,2026-06-01 13:05:45,RTGS
TXN-04336,A-0464,A-0440,181677.98,2024-10-20 00:33:01,RTGS
TXN-04337,A-0286,A-0269,234026.87,2026-01-11 01:52:19,NEFT
TXN-04338,A-0077,A-0189,44249.1,2026-08-06 21:53:19,NEFT
TXN-04339,A-0339,A-0330,449852.91,2024-04-26 17:30:32,NEFT
TXN-04340,A-0213,A-0311,93611.85,2024-09-20 13:16:09,NEFT
TXN-04341,A-0021,A-0309,73606.53,2026-04-09 15:12:53,NEFT
TXN-04342,A-0175,A-0405,6131.99,2024-03-09 17:43:37,NEFT
TXN-04343,A-0396,A-0020,142485.98,2024-01-26 20:01:05,Cash Deposit
TXN-04344,A-0188,A-0480,80850.14,2026-11-28 18:38:00,NEFT
TXN-04345,A-0246,A-0066,160755.2,2025-10-01 18:39:47,RTGS
TXN-04346,A-0115,A-0452,257259.92,2024-05-09 18:01:14,IMPS
TXN-04347,A-0259,A-0242,103021.13,2026-10-31 17:36:07,UPI
TXN-04348,A-0180,A-0120,495061.98,2026-03-21 17:27:12,Cash Deposit
TXN-04349,A-0225,A-0234,437557.97,2024-01-25 06:51:43,NEFT
TXN-04350,A-0227,A-0290,411241.61,2026-04-09 17:18:49,RTGS
TXN-04351,A-0426,A-0021,221956.99,2025-02-19 14:52:56,UPI
TXN-04352,A-0364,A-0481,370808.88,2025-05-28 14:42:52,UPI
TXN-04353,A-0046,A-0096,241823.92,2025-01-30 12:15:10,NEFT
TXN-04354,A-0491,A-0090,308294.45,2025-02-07 23:17:45,RTGS
TXN-04355,A-0379,A-0237,110471.55,2024-03-15 19:44:21,UPI
TXN-04356,A-0223,A-0078,312409.52,2026-02-09 05:07:31,NEFT
TXN-04357,A-0203,A-0160,135955.2,2025-09-24 02:39:59,Cash Deposit
TXN-04358,A-0407,A-0251,147000.01,2026-06-20 23:04:29,RTGS
TXN-04359,A-0375,A-0290,250868.51,2025-07-18 04:25:14,NEFT
TXN-04360,A-0195,A-0264,290267.68,2024-01-11 19:43:27,RTGS
TXN-04361,A-0472,A-0269,380326.64,2024-05-06 21:20:25,NEFT
TXN-04362,A-0011,A-0225,146543.12,2026-03-09 10:22:52,RTGS
TXN-04363,A-0392,A-0445,415797.03,2024-05-13 17:19:25,IMPS
TXN-04364,A-0492,A-0067,300565.1,2025-11-18 08:22:45,UPI
TXN-04365,A-0321,A-0094,69725.61,2025-12-20 11:42:24,IMPS
TXN-04366,A-0015,A-0462,25867.66,2024-02-26 07:00:25,RTGS
TXN-04367,A-0353,A-0408,483822.09,2026-08-12 07:17:47,Cash Deposit
TXN-04368,A-0445,A-0210,235458.7,2024-04-13 06:21:08,RTGS
TXN-04369,A-0243,A-0029,67055.71,2025-02-11 09:05:55,UPI
TXN-04370,A-0430,A-0330,386668.78,2025-11-24 18:14:14,Cash Deposit
TXN-04371,A-0107,A-0021,63233.63,2025-02-07 22:43:07,IMPS
TXN-04372,A-0269,A-0377,488917.07,2026-05-28 16:56:44,NEFT
TXN-04373,A-0492,A-0323,146346.98,2026-02-26 00:49:16,RTGS
TXN-04374,A-0272,A-0267,196390.44,2025-04-25 08:47:10,RTGS
TXN-04375,A-0352,A-0333,366280.14,2024-08-21 15:58:31,IMPS
TXN-04376,A-0004,A-0222,147120.56,2024-03-22 21:29:46,Cash Deposit
TXN-04377,A-0487,A-0034,258775.22,2026-12-30 18:36:24,Cash Deposit
TXN-04378,A-0345,A-0320,423171.17,2025-12-08 02:37:16,NEFT
TXN-04379,A-0044,A-0300,82099.21,2024-09-06 10:01:51,Cash Deposit
TXN-04380,A-0230,A-0103,126819.4,2024-02-01 16:15:54,RTGS
TXN-04381,A-0373,A-0200,487353.11,2025-02-22 19:36:33,IMPS
TXN-04382,A-0200,A-0429,449230.21,2024-06-05 02:12:50,Cash Deposit
TXN-04383,A-0281,A-0354,226009.36,2024-07-21 06:15:17,RTGS
TXN-04384,A-0132,A-0318,212567.33,2024-09-07 17:09:18,IMPS
TXN-04385,A-0489,A-0263,110497.92,2026-11-08 04:45:05,RTGS
TXN-04386,A-0034,A-0210,17672.37,2024-10-23 17:34:12,RTGS
TXN-04387,A-0052,A-0146,467254.12,2024-08-31 18:59:50,IMPS
TXN-04388,A-0214,A-0434,118824.45,2024-09-18 08:38:56,NEFT
TXN-04389,A-0273,A-0431,200986.75,2025-04-29 04:00:01,NEFT
TXN-04390,A-0298,A-0025,226421.44,2024-03-12 08:32:33,IMPS
TXN-04391,A-0329,A-0252,331658.96,2024-04-30 21:17:04,UPI
TXN-04392,A-0372,A-0314,98202.88,2026-01-02 03:08:35,Cash Deposit
TXN-04393,A-0153,A-0168,469093.55,2026-01-21 05:21:27,UPI
TXN-04394,A-0326,A-0005,307214.0,2025-02-09 12:46:08,NEFT
TXN-04395,A-0328,A-0011,323471.54,2026-01-20 17:24:35,UPI
TXN-04396,A-0437,A-0284,341156.4,2025-02-06 21:10:08,NEFT
TXN-04397,A-0213,A-0124,27483.17,2024-01-05 07:29:31,RTGS
TXN-04398,A-0439,A-0386,248740.97,2025-04-24 22:48:43,Cash Deposit
TXN-04399,A-0403,A-0134,138078.68,2024-10-29 22:04:53,Cash Deposit
TXN-04400,A-0052,A-0076,402842.41,2025-12-23 23:31:39,RTGS
TXN-04401,A-0450,A-0275,94813.57,2024-09-08 06:02:27,UPI
TXN-04402,A-0351,A-0216,26226.46,2024-02-29 07:15:06,RTGS
TXN-04403,A-0308,A-0095,120656.05,2026-01-31 14:39:40,UPI
TXN-04404,A-0045,A-0150,363591.17,2024-02-14 06:11:32,IMPS
TXN-04405,A-0108,A-0026,404205.18,2026-11-08 00:32:12,UPI
TXN-04406,A-0083,A-0236,233639.35,2026-04-25 02:37:30,Cash Deposit
TXN-04407,A-0280,A-0483,413375.65,2024-07-26 06:08:35,RTGS
TXN-04408,A-0302,A-0128,109986.02,2025-05-17 04:48:31,IMPS
TXN-04409,A-0132,A-0071,334820.5,2024-10-25 07:29:01,UPI
TXN-04410,A-0383,A-0245,55345.69,2026-10-19 18:49:09,Cash Deposit
TXN-04411,A-0091,A-0410,476684.81,2024-08-16 09:59:08,Cash Deposit
TXN-04412,A-0213,A-0186,219270.82,2026-06-03 12:19:40,UPI
TXN-04413,A-0245,A-0218,344684.71,2024-11-04 02:27:35,UPI
TXN-04414,A-0210,A-0112,339344.19,2025-10-03 02:00:11,UPI
TXN-04415,A-0146,A-0096,188937.05,2024-06-17 00:49:51,UPI
TXN-04416,A-0063,A-0437,490558.91,2025-06-23 02:31:18,Cash Deposit
TXN-04417,A-0491,A-0145,475019.04,2025-10-20 12:17:04,NEFT
TXN-04418,A-0004,A-0013,346398.1,2025-06-05 02:20:30,IMPS
TXN-04419,A-0130,A-0184,48863.9,2024-09-11 13:39:54,RTGS
TXN-04420,A-0158,A-0417,124090.64,2026-04-14 12:06:37,Cash Deposit
TXN-04421,A-0002,A-0320,372884.22,2024-11-07 07:55:46,Cash Deposit
TXN-04422,A-0312,A-0415,402075.45,2026-11-27 08:32:16,NEFT
TXN-04423,A-0321,A-0115,356042.45,2024-12-13 08:52:40,Cash Deposit
TXN-04424,A-0226,A-0430,275854.68,2024-02-20 21:45:21,IMPS
TXN-04425,A-0105,A-0444,177361.74,2025-09-02 05:20:11,UPI
TXN-04426,A-0255,A-0031,405160.29,2024-09-06 06:59:45,IMPS
TXN-04427,A-0257,A-0274,60816.45,2024-07-05 05:43:07,IMPS
TXN-04428,A-0472,A-0390,132414.73,2025-12-18 04:54:17,RTGS
TXN-04429,A-0317,A-0128,236529.2,2024-01-03 18:23:26,NEFT
TXN-04430,A-0007,A-0389,46309.91,2024-07-28 14:43:05,RTGS
TXN-04431,A-0268,A-0491,385171.03,2024-02-24 11:14:23,UPI
TXN-04432,A-0054,A-0360,330459.1,2025-01-06 02:23:04,Cash Deposit
TXN-04433,A-0063,A-0026,345046.54,2024-01-10 15:28:40,UPI
TXN-04434,A-0363,A-0404,388865.84,2024-10-07 20:48:30,Cash Deposit
TXN-04435,A-0242,A-0137,235090.73,2026-05-06 21:38:01,RTGS
TXN-04436,A-0013,A-0100,391352.64,2025-08-05 20:48:11,UPI
TXN-04437,A-0224,A-0410,488413.67,2025-04-21 21:37:32,IMPS
TXN-04438,A-0279,A-0121,221127.49,2026-01-20 13:13:35,RTGS
TXN-04439,A-0016,A-0278,150227.6,2025-11-30 16:00:49,Cash Deposit
TXN-04440,A-0043,A-0252,160224.54,2026-06-25 03:54:12,Cash Deposit
TXN-04441,A-0150,A-0268,118225.57,2026-02-09 09:12:04,NEFT
TXN-04442,A-0366,A-0135,193502.97,2026-03-14 21:22:50,UPI
TXN-04443,A-0415,A-0274,460220.73,2024-07-25 11:50:36,RTGS
TXN-04444,A-0314,A-0216,308460.31,2024-01-04 21:21:04,NEFT
TXN-04445,A-0199,A-0104,26486.54,2025-05-30 07:08:47,NEFT
TXN-04446,A-0221,A-0081,256447.0,2024-02-09 10:17:47,IMPS
TXN-04447,A-0011,A-0058,35606.47,2025-12-12 05:17:24,NEFT
TXN-04448,A-0277,A-0057,329518.05,2024-04-13 02:27:20,RTGS
TXN-04449,A-0500,A-0228,347330.08,2025-05-03 07:29:21,NEFT
TXN-04450,A-0146,A-0405,171469.23,2026-09-04 03:35:11,NEFT
TXN-04451,A-0175,A-0286,439908.79,2026-03-27 17:18:55,NEFT
TXN-04452,A-0315,A-0031,377704.97,2025-01-23 03:45:19,RTGS
TXN-04453,A-0229,A-0399,51553.3,2024-12-27 18:56:19,RTGS
TXN-04454,A-0397,A-0398,322369.63,2026-11-10 13:27:36,RTGS
TXN-04455,A-0129,A-0020,396570.98,2026-07-25 08:48:13,IMPS
TXN-04456,A-0118,A-0043,177637.4,2024-02-11 19:59:14,Cash Deposit
TXN-04457,A-0359,A-0109,309531.32,2025-07-19 14:21:46,RTGS
TXN-04458,A-0450,A-0363,170184.29,2026-06-10 16:47:40,RTGS
TXN-04459,A-0418,A-0305,46996.41,2026-08-28 02:12:45,IMPS
TXN-04460,A-0367,A-0355,444797.02,2025-08-10 05:31:46,NEFT
TXN-04461,A-0485,A-0339,310405.51,2026-10-06 01:26:26,IMPS
TXN-04462,A-0192,A-0244,404426.83,2026-07-21 23:43:18,NEFT
TXN-04463,A-0018,A-0454,347564.01,2024-04-06 11:41:32,Cash Deposit
TXN-04464,A-0399,A-0282,26570.29,2026-12-10 21:41:37,RTGS
TXN-04465,A-0222,A-0140,456605.69,2025-03-27 11:24:47,NEFT
TXN-04466,A-0432,A-0279,51618.24,2024-12-26 01:09:28,Cash Deposit
TXN-04467,A-0251,A-0212,82273.86,2026-07-14 02:52:52,RTGS
TXN-04468,A-0138,A-0474,445778.22,2025-05-31 02:48:17,IMPS
TXN-04469,A-0114,A-0324,54289.27,2024-01-05 22:24:52,Cash Deposit
TXN-04470,A-0372,A-0029,447689.05,2026-06-29 07:02:24,Cash Deposit
TXN-04471,A-0092,A-0027,401869.11,2026-04-18 23:30:17,NEFT
TXN-04472,A-0255,A-0065,227397.48,2025-06-13 10:08:27,UPI
TXN-04473,A-0423,A-0291,130356.39,2026-05-28 17:07:59,UPI
TXN-04474,A-0233,A-0034,116823.46,2026-06-03 05:17:04,NEFT
TXN-04475,A-0458,A-0457,217782.69,2025-12-31 04:50:43,IMPS
TXN-04476,A-0346,A-0414,345986.58,2026-01-16 12:06:24,Cash Deposit
TXN-04477,A-0485,A-0174,445224.61,2026-06-28 14:50:45,RTGS
TXN-04478,A-0063,A-0057,18611.78,2024-11-29 00:16:56,IMPS
TXN-04479,A-0215,A-0430,173296.32,2025-10-18 11:31:28,NEFT
TXN-04480,A-0025,A-0384,241344.79,2025-05-31 00:44:34,IMPS
TXN-04481,A-0102,A-0322,229590.8,2025-02-21 19:19:33,Cash Deposit
TXN-04482,A-0440,A-0005,452062.36,2026-08-31 23:47:28,RTGS
TXN-04483,A-0368,A-0110,309797.42,2025-04-10 12:48:55,NEFT
TXN-04484,A-0147,A-0086,150185.87,2025-02-03 20:20:12,RTGS
TXN-04485,A-0462,A-0067,272608.86,2025-05-20 05:28:32,UPI
TXN-04486,A-0050,A-0381,18824.78,2026-08-23 02:16:33,NEFT
TXN-04487,A-0250,A-0269,272979.13,2024-06-03 04:26:55,RTGS
TXN-04488,A-0415,A-0301,105869.86,2025-05-12 19:47:25,IMPS
TXN-04489,A-0394,A-0134,313910.63,2025-01-26 10:05:16,Cash Deposit
TXN-04490,A-0356,A-0354,417372.7,2024-06-08 04:51:56,IMPS
TXN-04491,A-0029,A-0415,131801.16,2025-03-22 18:28:07,UPI
TXN-04492,A-0445,A-0189,391644.27,2026-12-21 16:53:26,IMPS
TXN-04493,A-0445,A-0315,99657.68,2024-07-08 20:39:29,UPI
TXN-04494,A-0281,A-0334,65348.63,2026-08-02 07:58:46,NEFT
TXN-04495,A-0168,A-0053,307886.46,2025-11-04 01:53:17,NEFT
TXN-04496,A-0097,A-0431,137040.34,2025-05-19 11:05:37,IMPS
TXN-04497,A-0496,A-0440,366048.98,2025-05-15 20:07:57,RTGS
TXN-04498,A-0121,A-0125,223154.66,2025-02-06 07:38:50,RTGS
TXN-04499,A-0250,A-0105,372816.61,2025-04-15 11:53:10,UPI
TXN-04500,A-0168,A-0427,314689.58,2024-11-26 22:18:05,RTGS
TXN-04501,A-0479,A-0272,374035.74,2025-11-26 20:41:53,UPI
TXN-04502,A-0145,A-0489,6522.81,2026-11-25 19:31:27,RTGS
TXN-04503,A-0172,A-0035,205562.28,2025-12-17 12:27:33,IMPS
TXN-04504,A-0207,A-0155,231570.19,2024-09-30 06:39:37,UPI
TXN-04505,A-0020,A-0213,146871.7,2025-05-05 14:15:11,UPI
TXN-04506,A-0143,A-0413,30418.2,2026-12-09 17:26:05,NEFT
TXN-04507,A-0272,A-0468,463487.14,2024-04-01 09:52:14,RTGS
TXN-04508,A-0460,A-0498,70881.21,2024-08-10 21:58:59,IMPS
TXN-04509,A-0463,A-0323,211289.75,2025-07-07 16:07:33,NEFT
TXN-04510,A-0326,A-0338,386162.4,2026-07-21 17:47:21,RTGS
TXN-04511,A-0453,A-0123,464927.93,2026-11-11 00:41:22,Cash Deposit
TXN-04512,A-0402,A-0021,420107.78,2024-08-20 08:52:27,NEFT
TXN-04513,A-0233,A-0221,296265.05,2024-01-23 09:50:36,RTGS
TXN-04514,A-0459,A-0051,282745.28,2026-10-06 21:39:21,UPI
TXN-04515,A-0403,A-0170,447608.71,2026-07-21 21:06:05,Cash Deposit
TXN-04516,A-0111,A-0052,26573.47,2024-02-11 18:21:22,NEFT
TXN-04517,A-0250,A-0381,475661.86,2024-05-22 08:18:13,NEFT
TXN-04518,A-0421,A-0444,184059.05,2025-01-07 11:33:47,RTGS
TXN-04519,A-0145,A-0037,74744.0,2024-01-19 09:04:24,NEFT
TXN-04520,A-0038,A-0060,254323.7,2025-03-27 18:27:13,RTGS
TXN-04521,A-0329,A-0467,202706.71,2024-05-19 20:12:09,UPI
TXN-04522,A-0451,A-0242,397487.33,2024-01-30 22:25:06,UPI
TXN-04523,A-0354,A-0386,80156.89,2025-10-21 18:03:21,IMPS
TXN-04524,A-0046,A-0474,170627.31,2026-04-21 20:17:43,RTGS
TXN-04525,A-0490,A-0339,349029.74,2025-06-08 12:45:19,NEFT
TXN-04526,A-0372,A-0200,313131.37,2026-11-07 02:41:43,IMPS
TXN-04527,A-0103,A-0374,182146.69,2025-09-25 00:20:24,IMPS
TXN-04528,A-0255,A-0431,91756.26,2025-08-08 20:45:18,NEFT
TXN-04529,A-0022,A-0352,235823.07,2024-05-15 01:49:39,RTGS
TXN-04530,A-0299,A-0462,177366.56,2025-04-20 09:50:26,IMPS
TXN-04531,A-0037,A-0445,333317.06,2025-04-04 21:28:21,Cash Deposit
TXN-04532,A-0494,A-0342,227634.29,2024-12-11 14:08:00,IMPS
TXN-04533,A-0437,A-0340,366201.91,2025-10-22 09:04:02,RTGS
TXN-04534,A-0193,A-0068,296856.58,2025-10-11 20:53:33,UPI
TXN-04535,A-0226,A-0447,357259.75,2024-03-01 23:47:13,NEFT
TXN-04536,A-0247,A-0051,436176.37,2025-10-11 06:46:20,Cash Deposit
TXN-04537,A-0121,A-0247,455424.68,2024-11-26 05:04:29,NEFT
TXN-04538,A-0462,A-0391,56268.01,2026-12-17 15:22:15,Cash Deposit
TXN-04539,A-0057,A-0195,378501.85,2024-05-09 07:01:17,RTGS
TXN-04540,A-0428,A-0098,52306.3,2025-11-25 19:08:01,Cash Deposit
TXN-04541,A-0260,A-0049,77112.93,2024-02-29 13:04:04,IMPS
TXN-04542,A-0007,A-0097,469879.75,2025-10-05 16:31:00,RTGS
TXN-04543,A-0109,A-0188,36204.67,2025-09-28 06:28:43,UPI
TXN-04544,A-0479,A-0361,389766.18,2025-02-13 23:43:29,IMPS
TXN-04545,A-0243,A-0317,155316.9,2026-03-19 03:20:13,IMPS
TXN-04546,A-0152,A-0012,229136.44,2024-05-03 11:58:20,RTGS
TXN-04547,A-0250,A-0310,41852.46,2025-09-12 08:01:52,IMPS
TXN-04548,A-0088,A-0084,42611.81,2026-09-20 22:38:33,UPI
TXN-04549,A-0348,A-0239,175824.99,2025-09-16 15:49:56,UPI
TXN-04550,A-0208,A-0190,90159.37,2025-04-29 00:21:11,UPI
TXN-04551,A-0014,A-0217,325990.6,2026-04-09 12:38:00,NEFT
TXN-04552,A-0081,A-0026,416833.7,2025-09-13 04:56:57,IMPS
TXN-04553,A-0082,A-0076,450404.5,2025-07-24 16:55:38,UPI
TXN-04554,A-0134,A-0081,250784.92,2026-12-04 10:46:53,IMPS
TXN-04555,A-0025,A-0039,241543.02,2025-02-15 14:41:24,IMPS
TXN-04556,A-0173,A-0011,361244.07,2025-04-30 05:07:33,UPI
TXN-04557,A-0271,A-0163,72840.33,2026-06-25 11:45:41,RTGS
TXN-04558,A-0116,A-0082,149157.2,2026-02-23 22:03:44,Cash Deposit
TXN-04559,A-0157,A-0113,63398.37,2024-07-21 00:42:51,UPI
TXN-04560,A-0379,A-0452,282258.1,2024-10-02 00:58:54,Cash Deposit
TXN-04561,A-0335,A-0175,315353.58,2026-11-30 07:47:36,Cash Deposit
TXN-04562,A-0059,A-0330,381662.34,2026-08-20 18:58:09,NEFT
TXN-04563,A-0007,A-0267,289616.8,2024-12-18 16:38:28,Cash Deposit
TXN-04564,A-0316,A-0099,106930.38,2025-05-28 20:15:16,RTGS
TXN-04565,A-0130,A-0267,132945.1,2024-02-03 17:55:37,Cash Deposit
TXN-04566,A-0258,A-0320,223963.43,2024-01-19 04:20:42,UPI
TXN-04567,A-0049,A-0239,139226.19,2026-09-05 12:40:33,IMPS
TXN-04568,A-0017,A-0113,442357.43,2024-06-04 15:13:33,RTGS
TXN-04569,A-0063,A-0184,213989.63,2026-07-26 06:57:51,IMPS
TXN-04570,A-0372,A-0008,3837.94,2026-05-04 20:23:32,NEFT
TXN-04571,A-0014,A-0010,10844.25,2025-03-06 20:36:55,RTGS
TXN-04572,A-0334,A-0481,230575.95,2024-09-06 21:41:17,UPI
TXN-04573,A-0344,A-0158,169676.9,2026-06-26 14:46:44,RTGS
TXN-04574,A-0171,A-0152,279541.52,2025-08-14 01:22:24,RTGS
TXN-04575,A-0257,A-0172,401413.12,2024-01-23 07:10:43,NEFT
TXN-04576,A-0035,A-0470,153870.43,2025-02-23 00:59:07,UPI
TXN-04577,A-0285,A-0404,326803.0,2024-02-04 18:55:55,RTGS
TXN-04578,A-0068,A-0301,356716.75,2026-04-15 00:37:25,IMPS
TXN-04579,A-0215,A-0081,249916.46,2024-04-24 20:02:20,RTGS
TXN-04580,A-0157,A-0113,50306.42,2024-10-11 06:06:53,Cash Deposit
TXN-04581,A-0119,A-0405,491071.95,2025-08-30 07:14:57,Cash Deposit
TXN-04582,A-0216,A-0436,314399.13,2026-10-28 05:11:35,NEFT
TXN-04583,A-0422,A-0125,171800.74,2026-11-04 03:28:36,IMPS
TXN-04584,A-0243,A-0158,394795.41,2025-03-05 06:13:32,RTGS
TXN-04585,A-0307,A-0183,177231.32,2025-10-28 16:18:00,NEFT
TXN-04586,A-0404,A-0432,181483.45,2026-12-19 08:20:33,Cash Deposit
TXN-04587,A-0467,A-0177,94822.7,2025-06-01 02:37:06,RTGS
TXN-04588,A-0418,A-0016,418638.24,2026-08-23 23:18:04,IMPS
TXN-04589,A-0128,A-0066,66513.58,2026-09-20 20:42:18,UPI
TXN-04590,A-0096,A-0458,62158.49,2024-10-07 06:45:22,NEFT
TXN-04591,A-0121,A-0348,4618.62,2026-07-16 23:54:26,NEFT
TXN-04592,A-0080,A-0325,251012.43,2024-10-09 19:07:31,RTGS
TXN-04593,A-0312,A-0372,339214.24,2026-08-28 02:09:19,Cash Deposit
TXN-04594,A-0016,A-0030,31034.32,2025-12-22 05:03:31,UPI
TXN-04595,A-0016,A-0387,55067.43,2026-12-09 10:27:29,UPI
TXN-04596,A-0415,A-0412,454945.96,2026-03-01 21:14:20,Cash Deposit
TXN-04597,A-0243,A-0352,94469.89,2026-08-04 12:16:43,NEFT
TXN-04598,A-0125,A-0282,332462.27,2026-03-15 06:58:45,Cash Deposit
TXN-04599,A-0241,A-0106,73122.38,2026-04-05 10:45:35,Cash Deposit
TXN-04600,A-0280,A-0172,429271.37,2026-08-23 05:50:30,RTGS
TXN-04601,A-0369,A-0341,352242.34,2024-02-09 09:43:04,NEFT
TXN-04602,A-0203,A-0309,482957.14,2024-07-02 15:59:01,IMPS
TXN-04603,A-0490,A-0427,277400.49,2025-01-18 07:43:02,UPI
TXN-04604,A-0389,A-0488,441513.48,2026-06-11 21:56:28,RTGS
TXN-04605,A-0043,A-0268,439733.94,2024-04-19 20:52:33,UPI
TXN-04606,A-0466,A-0243,164892.97,2025-09-05 11:37:07,NEFT
TXN-04607,A-0366,A-0231,99867.86,2025-10-17 23:13:53,UPI
TXN-04608,A-0456,A-0013,458464.28,2025-05-29 04:02:11,NEFT
TXN-04609,A-0377,A-0103,386663.9,2025-03-24 14:04:34,RTGS
TXN-04610,A-0194,A-0147,196359.63,2024-06-10 02:30:02,RTGS
TXN-04611,A-0065,A-0252,25197.88,2026-08-23 23:44:12,RTGS
TXN-04612,A-0305,A-0120,475585.71,2024-05-25 08:09:16,Cash Deposit
TXN-04613,A-0336,A-0133,216194.78,2024-02-12 08:52:47,IMPS
TXN-04614,A-0231,A-0039,259924.01,2026-05-17 19:12:45,Cash Deposit
TXN-04615,A-0076,A-0303,300603.28,2025-03-29 02:37:26,UPI
TXN-04616,A-0020,A-0468,174658.74,2024-06-19 19:44:26,IMPS
TXN-04617,A-0140,A-0006,376935.68,2026-02-06 17:39:15,IMPS
TXN-04618,A-0265,A-0249,448001.07,2024-02-16 08:01:45,UPI
TXN-04619,A-0356,A-0460,242089.64,2026-10-14 03:33:00,IMPS
TXN-04620,A-0248,A-0149,306439.09,2024-02-15 17:15:54,NEFT
TXN-04621,A-0073,A-0270,117737.76,2026-01-27 07:23:11,Cash Deposit
TXN-04622,A-0128,A-0204,12839.93,2024-10-26 07:14:16,IMPS
TXN-04623,A-0389,A-0228,463350.65,2026-04-01 05:29:43,UPI
TXN-04624,A-0360,A-0434,193243.23,2026-08-04 06:03:57,Cash Deposit
TXN-04625,A-0420,A-0467,440312.89,2025-05-11 04:26:52,IMPS
TXN-04626,A-0410,A-0257,475610.8,2025-11-26 06:18:21,UPI
TXN-04627,A-0482,A-0267,185041.07,2026-06-10 05:10:15,RTGS
TXN-04628,A-0184,A-0476,290704.51,2026-03-09 07:46:53,RTGS
TXN-04629,A-0252,A-0145,127521.38,2025-01-15 04:52:13,IMPS
TXN-04630,A-0300,A-0030,71703.79,2025-02-15 09:14:47,RTGS
TXN-04631,A-0397,A-0081,438355.77,2026-04-18 08:04:10,IMPS
TXN-04632,A-0131,A-0154,125947.44,2025-03-06 00:13:59,UPI
TXN-04633,A-0434,A-0190,328010.63,2025-09-23 12:16:49,RTGS
TXN-04634,A-0313,A-0200,298000.75,2024-01-23 02:33:17,Cash Deposit
TXN-04635,A-0252,A-0402,195041.54,2024-12-12 20:04:14,Cash Deposit
TXN-04636,A-0163,A-0329,369890.71,2026-06-07 14:42:54,UPI
TXN-04637,A-0405,A-0252,169559.94,2025-02-02 11:16:19,Cash Deposit
TXN-04638,A-0426,A-0064,52714.56,2024-02-17 16:53:53,RTGS
TXN-04639,A-0012,A-0210,423305.14,2025-12-21 11:47:08,NEFT
TXN-04640,A-0219,A-0156,67194.04,2026-09-02 04:53:05,UPI
TXN-04641,A-0134,A-0454,395110.44,2026-04-24 10:40:34,UPI
TXN-04642,A-0078,A-0007,179479.98,2026-07-02 14:21:52,Cash Deposit
TXN-04643,A-0294,A-0221,174852.46,2026-03-19 16:34:16,UPI
TXN-04644,A-0354,A-0106,383090.8,2025-09-05 08:18:12,IMPS
TXN-04645,A-0238,A-0481,373530.29,2026-06-23 13:50:27,NEFT
TXN-04646,A-0204,A-0362,336744.55,2026-02-27 14:51:02,Cash Deposit
TXN-04647,A-0282,A-0462,91303.79,2026-05-25 04:21:28,UPI
TXN-04648,A-0430,A-0134,247058.19,2025-12-24 22:39:02,Cash Deposit
TXN-04649,A-0247,A-0435,126654.58,2025-06-01 02:04:33,IMPS
TXN-04650,A-0469,A-0413,394297.58,2024-03-03 14:24:49,RTGS
TXN-04651,A-0086,A-0179,468941.26,2024-06-23 21:58:57,UPI
TXN-04652,A-0045,A-0178,172015.27,2026-02-03 15:36:46,NEFT
TXN-04653,A-0316,A-0441,334420.5,2024-10-15 16:34:15,UPI
TXN-04654,A-0323,A-0098,129572.92,2026-04-09 05:14:05,RTGS
TXN-04655,A-0006,A-0396,240921.26,2025-06-29 15:46:54,RTGS
TXN-04656,A-0113,A-0462,118734.52,2025-02-11 20:14:55,IMPS
TXN-04657,A-0404,A-0374,312832.45,2024-04-20 05:29:47,Cash Deposit
TXN-04658,A-0287,A-0198,101274.67,2024-11-17 14:01:41,UPI
TXN-04659,A-0136,A-0468,158791.28,2024-07-02 08:19:11,UPI
TXN-04660,A-0099,A-0353,486702.45,2026-07-12 19:04:26,IMPS
TXN-04661,A-0042,A-0154,8393.94,2024-05-25 06:25:51,UPI
TXN-04662,A-0038,A-0393,247094.92,2024-02-19 14:00:41,Cash Deposit
TXN-04663,A-0118,A-0448,159979.65,2026-05-05 19:49:30,NEFT
TXN-04664,A-0233,A-0478,208117.62,2025-09-27 16:54:04,UPI
TXN-04665,A-0172,A-0176,292269.87,2026-12-24 10:18:16,Cash Deposit
TXN-04666,A-0394,A-0098,5352.91,2026-11-04 11:02:51,RTGS
TXN-04667,A-0057,A-0039,423928.17,2024-05-07 12:58:43,UPI
TXN-04668,A-0086,A-0136,211845.03,2024-02-12 17:25:22,Cash Deposit
TXN-04669,A-0247,A-0268,307138.9,2026-02-13 03:41:33,Cash Deposit
TXN-04670,A-0390,A-0196,101212.58,2025-08-16 12:51:53,RTGS
TXN-04671,A-0103,A-0234,61844.49,2025-04-09 07:25:47,Cash Deposit
TXN-04672,A-0422,A-0323,200258.49,2025-09-09 15:56:41,NEFT
TXN-04673,A-0045,A-0021,229186.89,2026-08-19 16:08:59,IMPS
TXN-04674,A-0127,A-0121,40050.37,2026-04-18 09:36:09,IMPS
TXN-04675,A-0047,A-0085,240189.3,2026-09-11 13:26:52,RTGS
TXN-04676,A-0275,A-0283,229058.63,2024-01-29 06:23:09,NEFT
TXN-04677,A-0030,A-0315,82389.86,2025-02-07 12:03:13,IMPS
TXN-04678,A-0037,A-0080,265489.81,2024-01-02 22:30:23,IMPS
TXN-04679,A-0175,A-0160,435152.94,2026-03-30 18:09:11,UPI
TXN-04680,A-0006,A-0147,341915.82,2026-08-30 12:52:52,Cash Deposit
TXN-04681,A-0023,A-0420,393848.75,2024-07-22 04:50:02,RTGS
TXN-04682,A-0010,A-0288,96212.8,2026-07-28 01:11:02,UPI
TXN-04683,A-0475,A-0451,98478.97,2024-09-03 14:16:05,Cash Deposit
TXN-04684,A-0038,A-0019,265183.59,2024-07-05 00:19:25,UPI
TXN-04685,A-0053,A-0191,376357.04,2025-02-01 12:29:34,NEFT
TXN-04686,A-0443,A-0403,11443.22,2026-07-08 20:15:46,IMPS
TXN-04687,A-0210,A-0458,266623.02,2024-03-17 18:31:30,NEFT
TXN-04688,A-0403,A-0286,300763.24,2025-08-13 03:06:54,Cash Deposit
TXN-04689,A-0072,A-0445,405092.15,2025-09-30 03:51:23,IMPS
TXN-04690,A-0135,A-0225,310389.04,2025-07-30 14:09:54,IMPS
TXN-04691,A-0254,A-0297,84421.4,2024-12-06 09:03:11,UPI
TXN-04692,A-0395,A-0278,161622.22,2025-02-09 20:48:03,Cash Deposit
TXN-04693,A-0361,A-0277,264669.11,2025-12-06 07:09:02,NEFT
TXN-04694,A-0098,A-0168,349787.96,2026-02-07 04:35:19,UPI
TXN-04695,A-0312,A-0178,451882.88,2024-06-18 16:57:43,RTGS
TXN-04696,A-0206,A-0121,325347.87,2024-07-22 19:48:10,NEFT
TXN-04697,A-0238,A-0266,383814.96,2026-02-17 22:31:40,IMPS
TXN-04698,A-0212,A-0263,192481.75,2026-08-18 20:42:38,Cash Deposit
TXN-04699,A-0360,A-0104,364332.26,2026-08-10 21:43:13,RTGS
TXN-04700,A-0186,A-0197,404157.9,2026-12-30 18:57:21,RTGS
TXN-04701,A-0166,A-0379,174762.27,2026-04-15 15:53:28,UPI
TXN-04702,A-0480,A-0196,315506.53,2025-03-23 23:18:02,RTGS
TXN-04703,A-0244,A-0283,499692.5,2026-02-14 09:47:31,RTGS
TXN-04704,A-0013,A-0064,463842.42,2024-04-15 12:00:26,UPI
TXN-04705,A-0259,A-0146,461549.36,2024-10-11 13:39:31,UPI
TXN-04706,A-0380,A-0003,405665.15,2024-11-17 05:19:51,UPI
TXN-04707,A-0188,A-0274,289277.25,2025-05-05 11:43:35,IMPS
TXN-04708,A-0326,A-0244,347984.1,2026-12-07 00:46:50,NEFT
TXN-04709,A-0178,A-0069,363296.43,2026-02-09 06:18:02,Cash Deposit
TXN-04710,A-0126,A-0489,198525.66,2025-01-04 16:05:19,UPI
TXN-04711,A-0224,A-0364,199275.49,2026-07-22 01:18:41,IMPS
TXN-04712,A-0003,A-0477,364995.32,2024-06-13 17:09:44,RTGS
TXN-04713,A-0086,A-0447,47531.35,2026-04-06 03:34:58,RTGS
TXN-04714,A-0363,A-0485,398237.14,2024-05-05 22:10:28,Cash Deposit
TXN-04715,A-0360,A-0031,286708.67,2026-02-09 23:35:41,NEFT
TXN-04716,A-0372,A-0093,367809.19,2025-05-16 05:02:31,Cash Deposit
TXN-04717,A-0252,A-0355,348163.26,2025-05-06 14:33:19,IMPS
TXN-04718,A-0370,A-0488,375725.6,2024-04-07 02:59:02,Cash Deposit
TXN-04719,A-0110,A-0062,385035.14,2024-05-22 03:16:06,UPI
TXN-04720,A-0433,A-0375,84987.94,2024-10-17 16:54:01,UPI
TXN-04721,A-0202,A-0124,148035.27,2024-05-17 17:47:10,UPI
TXN-04722,A-0317,A-0305,284561.67,2025-04-01 19:56:30,Cash Deposit
TXN-04723,A-0125,A-0115,303248.21,2025-07-25 00:34:22,IMPS
TXN-04724,A-0276,A-0203,145673.1,2025-05-15 11:39:31,RTGS
TXN-04725,A-0095,A-0128,390563.46,2024-10-12 13:57:26,Cash Deposit
TXN-04726,A-0072,A-0132,363873.54,2024-11-07 21:10:15,Cash Deposit
TXN-04727,A-0457,A-0498,295670.94,2026-02-09 08:07:04,Cash Deposit
TXN-04728,A-0142,A-0068,102232.81,2026-02-27 15:24:20,RTGS
TXN-04729,A-0475,A-0322,74486.09,2024-06-21 06:20:58,UPI
TXN-04730,A-0005,A-0095,236473.45,2025-03-31 23:23:30,Cash Deposit
TXN-04731,A-0011,A-0320,143267.62,2025-02-04 02:35:48,Cash Deposit
TXN-04732,A-0343,A-0126,56720.05,2025-05-24 14:11:00,NEFT
TXN-04733,A-0302,A-0112,45921.94,2025-02-17 19:55:50,RTGS
TXN-04734,A-0132,A-0176,449586.63,2025-07-26 23:48:05,Cash Deposit
TXN-04735,A-0180,A-0420,79304.68,2024-06-15 12:15:18,RTGS
TXN-04736,A-0349,A-0175,174355.87,2026-06-18 05:29:48,Cash Deposit
TXN-04737,A-0234,A-0365,71286.31,2024-06-04 08:10:45,NEFT
TXN-04738,A-0231,A-0419,8568.02,2024-02-02 21:05:38,NEFT
TXN-04739,A-0054,A-0123,156497.61,2025-09-24 14:15:15,NEFT
TXN-04740,A-0310,A-0006,338135.15,2024-06-20 11:58:46,NEFT
TXN-04741,A-0114,A-0296,112613.7,2025-11-17 20:24:26,NEFT
TXN-04742,A-0355,A-0069,20048.9,2026-05-17 13:08:12,RTGS
TXN-04743,A-0007,A-0061,35755.23,2024-12-23 19:13:01,IMPS
TXN-04744,A-0334,A-0403,111380.76,2026-12-28 22:18:06,Cash Deposit
TXN-04745,A-0154,A-0171,436879.18,2024-05-07 08:59:18,UPI
TXN-04746,A-0392,A-0030,464470.21,2026-03-04 16:57:26,RTGS
TXN-04747,A-0304,A-0035,204469.87,2025-02-19 10:20:26,UPI
TXN-04748,A-0196,A-0322,173717.77,2024-02-26 13:58:42,UPI
TXN-04749,A-0075,A-0058,236234.82,2026-10-06 11:19:30,Cash Deposit
TXN-04750,A-0249,A-0093,424602.46,2025-03-09 11:03:35,Cash Deposit
TXN-04751,A-0277,A-0280,74992.68,2026-06-19 18:03:51,IMPS
TXN-04752,A-0472,A-0328,209132.53,2025-02-10 19:57:15,RTGS
TXN-04753,A-0305,A-0354,493255.6,2026-09-22 02:00:50,NEFT
TXN-04754,A-0423,A-0374,498358.89,2025-09-05 23:32:52,UPI
TXN-04755,A-0276,A-0462,306943.27,2024-02-03 18:34:57,NEFT
TXN-04756,A-0056,A-0204,441978.66,2026-10-31 04:54:26,NEFT
TXN-04757,A-0369,A-0256,484476.49,2026-01-31 08:53:52,IMPS
TXN-04758,A-0069,A-0349,205682.54,2024-02-29 11:59:43,RTGS
TXN-04759,A-0012,A-0493,456371.81,2026-07-23 08:09:47,NEFT
TXN-04760,A-0203,A-0231,176597.91,2025-10-11 14:08:42,NEFT
TXN-04761,A-0319,A-0462,121800.08,2024-01-16 13:37:31,UPI
TXN-04762,A-0410,A-0100,4994.21,2026-03-24 04:18:46,UPI
TXN-04763,A-0457,A-0138,465918.26,2026-06-09 23:02:16,IMPS
TXN-04764,A-0056,A-0002,449474.13,2024-02-17 03:32:20,RTGS
TXN-04765,A-0175,A-0002,402062.26,2024-04-05 22:43:58,RTGS
TXN-04766,A-0382,A-0241,136093.8,2024-12-13 14:23:29,Cash Deposit
TXN-04767,A-0074,A-0231,451542.58,2024-07-27 15:12:24,IMPS
TXN-04768,A-0410,A-0067,287015.07,2024-01-20 13:09:12,IMPS
TXN-04769,A-0429,A-0135,421378.13,2024-06-09 13:26:35,NEFT
TXN-04770,A-0121,A-0297,92938.25,2026-10-12 09:27:45,Cash Deposit
TXN-04771,A-0145,A-0077,294314.02,2025-10-28 19:41:27,RTGS
TXN-04772,A-0440,A-0298,445327.09,2025-10-08 22:22:29,Cash Deposit
TXN-04773,A-0387,A-0159,45262.9,2026-05-27 11:52:08,RTGS
TXN-04774,A-0152,A-0217,106020.2,2026-02-05 13:47:12,UPI
TXN-04775,A-0403,A-0203,92776.31,2024-03-01 07:25:00,RTGS
TXN-04776,A-0339,A-0284,450584.6,2026-11-13 21:27:02,RTGS
TXN-04777,A-0492,A-0294,414187.16,2026-09-17 20:19:04,RTGS
TXN-04778,A-0156,A-0054,215559.49,2026-10-08 04:36:06,NEFT
TXN-04779,A-0355,A-0362,259785.66,2025-12-30 04:51:46,NEFT
TXN-04780,A-0449,A-0466,339680.43,2026-10-25 00:22:44,RTGS
TXN-04781,A-0083,A-0441,156350.35,2025-03-15 03:32:47,UPI
TXN-04782,A-0340,A-0495,74929.19,2024-11-07 12:43:11,UPI
TXN-04783,A-0335,A-0065,15641.22,2026-11-24 22:42:40,NEFT
TXN-04784,A-0344,A-0213,239427.2,2024-04-02 19:44:35,NEFT
TXN-04785,A-0454,A-0162,188885.02,2025-04-29 09:31:11,UPI
TXN-04786,A-0301,A-0300,374401.18,2026-06-27 18:21:45,UPI
TXN-04787,A-0387,A-0223,34152.53,2024-05-24 13:56:57,UPI
TXN-04788,A-0334,A-0078,462937.64,2024-09-05 16:43:24,RTGS
TXN-04789,A-0340,A-0370,336840.52,2026-12-31 18:56:36,UPI
TXN-04790,A-0223,A-0331,211473.9,2025-01-11 14:17:02,Cash Deposit
TXN-04791,A-0314,A-0261,378192.15,2026-09-02 09:46:38,NEFT
TXN-04792,A-0083,A-0451,460011.5,2025-04-29 08:17:15,RTGS
TXN-04793,A-0474,A-0415,486401.02,2025-08-11 11:05:15,Cash Deposit
TXN-04794,A-0036,A-0047,365020.42,2026-08-01 20:40:37,IMPS
TXN-04795,A-0155,A-0305,408403.09,2026-01-23 16:41:16,UPI
TXN-04796,A-0226,A-0400,308262.11,2024-01-22 10:43:27,IMPS
TXN-04797,A-0330,A-0359,317416.84,2025-09-25 23:40:07,IMPS
TXN-04798,A-0478,A-0099,129207.92,2026-03-01 04:25:43,UPI
TXN-04799,A-0352,A-0341,457263.15,2025-03-23 02:41:50,NEFT
TXN-04800,A-0078,A-0049,349995.84,2026-12-14 03:59:47,Cash Deposit
TXN-04801,A-0414,A-0021,52416.98,2025-09-09 21:14:04,IMPS
TXN-04802,A-0202,A-0428,494668.39,2024-08-10 00:24:25,Cash Deposit
TXN-04803,A-0066,A-0222,469998.19,2024-05-06 16:58:45,RTGS
TXN-04804,A-0350,A-0449,210751.99,2025-12-21 02:34:39,IMPS
TXN-04805,A-0381,A-0454,419554.38,2024-04-26 23:19:51,IMPS
TXN-04806,A-0018,A-0450,275832.59,2024-04-15 12:15:07,IMPS
TXN-04807,A-0490,A-0151,361724.05,2025-12-11 03:45:04,NEFT
TXN-04808,A-0258,A-0449,390826.25,2024-12-16 17:33:34,NEFT
TXN-04809,A-0319,A-0134,310721.72,2024-11-23 19:29:24,UPI
TXN-04810,A-0057,A-0433,403863.72,2026-05-15 15:44:51,IMPS
TXN-04811,A-0416,A-0447,335531.66,2026-09-01 05:54:31,RTGS
TXN-04812,A-0383,A-0127,398251.14,2024-11-13 11:29:26,IMPS
TXN-04813,A-0254,A-0154,54717.97,2026-01-19 22:38:26,NEFT
TXN-04814,A-0106,A-0469,290712.11,2026-10-19 12:48:17,NEFT
TXN-04815,A-0115,A-0131,93921.31,2026-01-21 20:05:57,NEFT
TXN-04816,A-0281,A-0273,244607.72,2024-06-30 18:16:53,Cash Deposit
TXN-04817,A-0303,A-0130,383140.64,2026-02-23 15:59:16,Cash Deposit
TXN-04818,A-0288,A-0454,314327.55,2024-10-05 21:59:07,NEFT
TXN-04819,A-0159,A-0332,259816.8,2026-07-23 14:48:03,Cash Deposit
TXN-04820,A-0070,A-0169,221533.82,2026-08-18 20:46:23,UPI
TXN-04821,A-0098,A-0048,209428.09,2025-10-25 10:08:31,Cash Deposit
TXN-04822,A-0256,A-0336,52414.68,2026-05-14 05:30:13,Cash Deposit
TXN-04823,A-0419,A-0007,308208.99,2026-06-06 05:22:19,RTGS
TXN-04824,A-0142,A-0479,313970.74,2025-06-29 16:56:00,NEFT
TXN-04825,A-0404,A-0256,177601.86,2024-10-03 11:20:11,Cash Deposit
TXN-04826,A-0200,A-0307,156616.3,2026-12-30 18:11:11,UPI
TXN-04827,A-0320,A-0147,429648.16,2026-12-18 21:33:30,NEFT
TXN-04828,A-0368,A-0114,308692.98,2026-03-25 07:37:42,Cash Deposit
TXN-04829,A-0016,A-0035,246568.15,2025-09-30 09:53:29,IMPS
TXN-04830,A-0489,A-0351,329327.26,2026-07-27 18:02:54,UPI
TXN-04831,A-0295,A-0133,311553.24,2025-07-13 11:57:11,RTGS
TXN-04832,A-0202,A-0041,438444.51,2025-06-23 01:24:25,Cash Deposit
TXN-04833,A-0233,A-0419,459148.73,2025-09-24 03:04:00,IMPS
TXN-04834,A-0053,A-0425,126392.84,2024-10-18 13:51:04,UPI
TXN-04835,A-0167,A-0435,68041.88,2025-05-20 13:10:50,RTGS
TXN-04836,A-0114,A-0432,497069.31,2024-12-22 04:54:39,Cash Deposit
TXN-04837,A-0301,A-0359,348032.27,2026-09-21 06:56:06,UPI
TXN-04838,A-0167,A-0403,60042.62,2026-07-20 06:34:27,Cash Deposit
TXN-04839,A-0143,A-0173,328869.97,2025-03-29 04:42:41,UPI
TXN-04840,A-0424,A-0206,490619.03,2024-06-05 17:03:52,IMPS
TXN-04841,A-0294,A-0290,354402.48,2025-03-30 23:16:27,IMPS
TXN-04842,A-0177,A-0330,223785.16,2024-11-29 06:02:52,RTGS
TXN-04843,A-0408,A-0052,177448.04,2026-11-25 00:23:32,IMPS
TXN-04844,A-0440,A-0252,353965.43,2024-04-14 02:01:31,Cash Deposit
TXN-04845,A-0475,A-0432,481103.3,2026-12-19 17:38:45,UPI
TXN-04846,A-0321,A-0072,65047.76,2026-05-04 23:46:09,IMPS
TXN-04847,A-0378,A-0210,459948.78,2025-05-19 08:28:01,IMPS
TXN-04848,A-0025,A-0396,73739.6,2026-07-15 14:51:35,RTGS
TXN-04849,A-0446,A-0083,463132.65,2026-06-26 03:06:02,NEFT
TXN-04850,A-0383,A-0407,122736.06,2024-12-26 14:56:00,UPI
TXN-04851,A-0375,A-0291,228138.34,2026-04-11 19:52:49,NEFT
TXN-04852,A-0192,A-0490,220273.44,2025-09-05 01:41:38,IMPS
TXN-04853,A-0276,A-0478,480562.09,2026-12-21 02:40:23,Cash Deposit
TXN-04854,A-0443,A-0260,139804.95,2024-11-06 00:23:01,NEFT
TXN-04855,A-0430,A-0266,499607.34,2024-07-06 04:54:55,Cash Deposit
TXN-04856,A-0112,A-0058,148368.8,2026-07-21 16:53:15,NEFT
TXN-04857,A-0348,A-0247,239356.08,2025-06-26 06:53:34,RTGS
TXN-04858,A-0241,A-0082,230885.57,2025-07-06 05:02:42,RTGS
TXN-04859,A-0401,A-0042,346938.43,2025-07-12 00:54:38,IMPS
TXN-04860,A-0427,A-0030,4519.43,2025-11-09 19:52:48,RTGS
TXN-04861,A-0327,A-0190,214096.44,2025-03-15 03:54:48,IMPS
TXN-04862,A-0226,A-0025,448722.98,2026-02-04 22:14:31,IMPS
TXN-04863,A-0282,A-0406,95874.31,2026-08-12 12:19:11,IMPS
TXN-04864,A-0019,A-0248,269022.27,2025-03-18 06:33:19,IMPS
TXN-04865,A-0177,A-0193,117973.35,2026-11-13 20:53:48,NEFT
TXN-04866,A-0432,A-0269,454397.39,2024-05-13 23:12:29,UPI
TXN-04867,A-0429,A-0488,93799.82,2024-03-13 19:58:30,RTGS
TXN-04868,A-0062,A-0290,107676.45,2025-07-02 02:02:35,IMPS
TXN-04869,A-0292,A-0358,179663.82,2026-09-10 16:39:21,RTGS
TXN-04870,A-0406,A-0451,192305.48,2025-05-22 07:41:02,RTGS
TXN-04871,A-0119,A-0183,425094.67,2026-11-18 20:03:30,IMPS
TXN-04872,A-0141,A-0298,205368.91,2024-03-07 19:48:29,RTGS
TXN-04873,A-0049,A-0108,375433.17,2026-10-28 05:07:29,UPI
TXN-04874,A-0445,A-0361,204004.26,2024-07-21 22:17:10,Cash Deposit
TXN-04875,A-0398,A-0365,226274.25,2026-03-24 10:14:09,RTGS
TXN-04876,A-0380,A-0440,178375.58,2025-05-25 08:52:03,Cash Deposit
TXN-04877,A-0127,A-0266,452673.86,2026-11-22 06:03:27,NEFT
TXN-04878,A-0093,A-0229,466082.97,2024-01-19 14:31:48,RTGS
TXN-04879,A-0464,A-0242,243118.18,2026-10-19 16:36:14,UPI
TXN-04880,A-0273,A-0417,289723.68,2025-10-01 06:33:52,RTGS
TXN-04881,A-0161,A-0465,415473.2,2024-05-03 16:24:04,UPI
TXN-04882,A-0326,A-0072,269811.96,2025-03-10 15:44:43,UPI
TXN-04883,A-0369,A-0341,392261.67,2025-06-14 15:23:31,Cash Deposit
TXN-04884,A-0342,A-0126,44350.95,2024-10-16 00:41:40,IMPS
TXN-04885,A-0417,A-0154,65747.56,2026-02-08 02:35:41,IMPS
TXN-04886,A-0375,A-0301,320111.89,2024-07-05 06:23:52,RTGS
TXN-04887,A-0335,A-0326,95044.92,2026-04-29 16:15:19,RTGS
TXN-04888,A-0134,A-0374,327577.96,2024-09-04 23:19:19,IMPS
TXN-04889,A-0418,A-0294,207947.22,2024-11-01 23:28:04,IMPS
TXN-04890,A-0348,A-0054,165901.92,2024-08-29 19:21:13,RTGS
TXN-04891,A-0029,A-0431,90978.55,2024-12-28 00:13:43,NEFT
TXN-04892,A-0048,A-0166,333761.12,2024-12-06 03:41:44,RTGS
TXN-04893,A-0007,A-0292,78491.71,2026-04-21 02:32:34,RTGS
TXN-04894,A-0080,A-0032,360319.7,2024-08-17 20:00:05,IMPS
TXN-04895,A-0381,A-0119,237556.17,2025-10-26 21:39:10,NEFT
TXN-04896,A-0007,A-0396,205212.79,2026-12-02 01:57:53,Cash Deposit
TXN-04897,A-0075,A-0248,24350.1,2025-01-21 18:55:17,Cash Deposit
TXN-04898,A-0358,A-0174,209532.44,2025-09-20 13:09:34,NEFT
TXN-04899,A-0350,A-0129,371714.6,2025-12-09 10:29:32,IMPS
TXN-04900,A-0116,A-0222,163936.8,2024-01-02 14:33:17,RTGS
TXN-04901,A-0052,A-0386,313076.12,2025-10-19 09:29:47,RTGS
TXN-04902,A-0267,A-0497,48680.34,2026-01-16 05:44:23,Cash Deposit
TXN-04903,A-0094,A-0325,464380.14,2026-06-13 04:44:15,RTGS
TXN-04904,A-0096,A-0117,240580.72,2025-08-02 15:00:16,RTGS
TXN-04905,A-0155,A-0140,329007.9,2026-05-03 02:42:11,NEFT
TXN-04906,A-0072,A-0232,13154.05,2025-09-01 08:51:15,Cash Deposit
TXN-04907,A-0202,A-0372,424197.9,2026-02-25 16:14:34,IMPS
TXN-04908,A-0323,A-0003,317537.24,2024-01-27 03:37:25,IMPS
TXN-04909,A-0238,A-0410,293124.7,2026-05-23 14:02:29,IMPS
TXN-04910,A-0098,A-0177,222152.68,2026-02-08 00:51:17,UPI
TXN-04911,A-0075,A-0141,495847.81,2024-04-19 20:01:31,Cash Deposit
TXN-04912,A-0196,A-0184,383548.93,2024-11-12 01:03:14,IMPS
TXN-04913,A-0196,A-0090,380879.27,2025-01-12 10:50:38,UPI
TXN-04914,A-0273,A-0031,494181.73,2025-01-19 23:12:08,RTGS
TXN-04915,A-0271,A-0423,420207.09,2024-05-24 22:53:43,NEFT
TXN-04916,A-0234,A-0053,358580.76,2024-05-03 10:26:02,IMPS
TXN-04917,A-0330,A-0268,30455.18,2025-01-18 13:49:46,Cash Deposit
TXN-04918,A-0382,A-0019,158037.89,2024-02-23 16:33:37,Cash Deposit
TXN-04919,A-0355,A-0397,388826.17,2026-07-18 12:14:12,NEFT
TXN-04920,A-0083,A-0417,253460.23,2024-05-31 16:35:29,Cash Deposit
TXN-04921,A-0210,A-0253,425528.19,2026-06-28 11:04:44,UPI
TXN-04922,A-0262,A-0297,353617.75,2025-02-13 00:24:43,UPI
TXN-04923,A-0205,A-0104,477333.36,2026-06-01 18:17:18,IMPS
TXN-04924,A-0065,A-0446,463649.93,2026-05-19 08:47:21,Cash Deposit
TXN-04925,A-0042,A-0281,158691.92,2024-07-12 08:40:03,RTGS
TXN-04926,A-0458,A-0387,228911.65,2026-06-10 13:14:47,Cash Deposit
TXN-04927,A-0075,A-0282,56644.45,2026-10-05 20:06:12,RTGS
TXN-04928,A-0405,A-0463,362024.69,2025-06-07 04:09:56,Cash Deposit
TXN-04929,A-0195,A-0095,18904.02,2025-04-30 18:32:39,Cash Deposit
TXN-04930,A-0417,A-0391,391717.28,2026-09-27 02:06:35,RTGS
TXN-04931,A-0149,A-0209,213204.08,2024-05-22 20:17:11,Cash Deposit
TXN-04932,A-0045,A-0450,36787.06,2026-04-13 10:08:17,UPI
TXN-04933,A-0135,A-0471,128162.72,2026-05-10 01:53:29,RTGS
TXN-04934,A-0297,A-0045,330622.52,2024-11-05 21:20:11,NEFT
TXN-04935,A-0220,A-0459,73989.35,2025-02-13 05:17:04,UPI
TXN-04936,A-0460,A-0378,224239.46,2024-12-08 22:05:28,RTGS
TXN-04937,A-0003,A-0402,381320.96,2024-05-29 07:44:10,Cash Deposit
TXN-04938,A-0078,A-0383,217277.11,2024-03-27 20:33:47,NEFT
TXN-04939,A-0276,A-0372,241666.07,2026-05-14 14:06:07,UPI
TXN-04940,A-0320,A-0221,222084.57,2026-02-05 07:38:19,Cash Deposit
TXN-04941,A-0235,A-0013,433667.38,2025-05-11 22:43:13,NEFT
TXN-04942,A-0247,A-0155,116243.5,2024-06-24 10:48:36,RTGS
TXN-04943,A-0122,A-0316,409461.59,2026-06-25 11:37:24,IMPS
TXN-04944,A-0456,A-0113,462116.86,2024-01-29 20:02:25,NEFT
TXN-04945,A-0109,A-0423,452508.59,2026-02-08 01:20:47,IMPS
TXN-04946,A-0220,A-0428,175550.28,2026-09-30 04:04:20,UPI
TXN-04947,A-0491,A-0326,446562.39,2026-11-23 20:15:32,NEFT
TXN-04948,A-0450,A-0250,80016.51,2024-04-17 08:46:06,NEFT
TXN-04949,A-0152,A-0370,32652.02,2026-11-01 22:17:08,Cash Deposit
TXN-04950,A-0020,A-0157,134228.36,2025-02-03 16:21:10,IMPS
TXN-04951,A-0230,A-0331,388511.86,2026-03-20 15:53:06,NEFT
TXN-04952,A-0292,A-0441,268295.4,2025-09-13 00:38:55,RTGS
TXN-04953,A-0494,A-0067,493737.36,2026-10-14 12:04:16,IMPS
TXN-04954,A-0363,A-0267,220634.38,2024-11-17 17:47:35,RTGS
TXN-04955,A-0156,A-0463,93398.75,2026-07-14 21:58:32,NEFT
TXN-04956,A-0238,A-0344,482231.57,2024-04-16 03:01:30,NEFT
TXN-04957,A-0131,A-0335,177829.45,2026-02-07 16:52:07,IMPS
TXN-04958,A-0248,A-0428,123399.18,2026-02-23 07:29:02,UPI
TXN-04959,A-0476,A-0485,100821.71,2024-05-26 21:52:08,UPI
TXN-04960,A-0445,A-0238,228158.47,2024-03-03 20:06:26,UPI
TXN-04961,A-0214,A-0161,403289.19,2024-04-18 19:14:04,UPI
TXN-04962,A-0240,A-0026,198018.6,2025-02-21 15:59:55,NEFT
TXN-04963,A-0168,A-0084,275754.81,2025-08-12 05:33:30,UPI
TXN-04964,A-0220,A-0298,120540.11,2025-07-17 11:59:48,RTGS
TXN-04965,A-0133,A-0162,81539.8,2025-12-04 10:49:51,Cash Deposit
TXN-04966,A-0069,A-0143,432964.36,2025-07-11 23:17:08,IMPS
TXN-04967,A-0389,A-0104,324019.94,2026-07-05 22:56:16,NEFT
TXN-04968,A-0339,A-0018,444384.4,2024-07-02 10:16:48,RTGS
TXN-04969,A-0076,A-0460,482523.05,2024-12-09 07:14:26,RTGS
TXN-04970,A-0426,A-0408,338792.24,2025-01-03 13:22:05,RTGS
TXN-04971,A-0196,A-0274,4657.02,2026-04-20 11:42:45,Cash Deposit
TXN-04972,A-0014,A-0062,173015.0,2024-06-24 14:38:13,RTGS
TXN-04973,A-0479,A-0482,47773.65,2026-03-27 12:52:59,IMPS
TXN-04974,A-0500,A-0468,162322.07,2024-02-29 08:39:35,IMPS
TXN-04975,A-0283,A-0053,208292.27,2024-04-24 01:51:57,UPI
TXN-04976,A-0183,A-0217,329386.84,2026-09-17 17:28:41,NEFT
TXN-04977,A-0328,A-0054,9348.15,2025-01-19 15:53:07,RTGS
TXN-04978,A-0407,A-0140,17685.95,2025-03-13 19:39:31,UPI
TXN-04979,A-0464,A-0376,360483.54,2026-05-20 08:56:37,RTGS
TXN-04980,A-0459,A-0120,69401.01,2026-10-08 19:16:57,NEFT
TXN-04981,A-0217,A-0300,301850.51,2024-08-21 00:29:19,RTGS
TXN-04982,A-0372,A-0457,226727.28,2026-10-19 19:11:56,UPI
TXN-04983,A-0296,A-0051,335079.33,2026-02-24 07:12:23,RTGS
TXN-04984,A-0454,A-0057,46120.81,2026-06-03 12:01:55,RTGS
TXN-04985,A-0022,A-0016,92449.17,2025-07-06 17:31:47,IMPS
TXN-04986,A-0102,A-0170,10687.22,2026-08-24 01:09:40,NEFT
TXN-04987,A-0170,A-0261,242661.8,2026-07-10 02:55:40,UPI
TXN-04988,A-0461,A-0096,330306.89,2024-01-21 01:54:55,IMPS
TXN-04989,A-0481,A-0168,326495.91,2026-01-17 00:31:01,UPI
TXN-04990,A-0384,A-0279,289670.47,2026-07-12 19:15:36,UPI
TXN-04991,A-0335,A-0167,303058.62,2025-01-18 21:27:34,IMPS
TXN-04992,A-0074,A-0116,173412.19,2024-09-25 12:56:07,IMPS
TXN-04993,A-0451,A-0411,98818.2,2025-02-17 23:31:46,RTGS
TXN-04994,A-0088,A-0352,322655.04,2025-03-07 06:20:23,UPI
TXN-04995,A-0473,A-0089,397771.63,2025-09-11 07:14:56,NEFT
TXN-04996,A-0170,A-0264,346344.62,2025-02-19 08:57:43,NEFT
TXN-04997,A-0205,A-0323,67973.54,2024-05-29 08:41:51,Cash Deposit
TXN-04998,A-0458,A-0217,411188.69,2024-01-31 09:17:37,Cash Deposit
TXN-04999,A-0486,A-0336,248500.15,2025-06-23 10:51:12,NEFT
TXN-05000,A-0007,A-0310,60946.41,2026-11-17 03:42:39,UPI
TXN-05001,A-0430,A-0380,360720.83,2026-06-30 23:18:33,UPI
TXN-05002,A-0414,A-0373,412546.92,2026-09-26 15:15:46,Cash Deposit
TXN-05003,A-0271,A-0157,493594.29,2025-11-26 07:30:12,NEFT
TXN-05004,A-0149,A-0327,175647.66,2025-01-26 08:49:32,Cash Deposit
TXN-05005,A-0263,A-0153,20177.55,2025-03-24 16:35:14,UPI
TXN-05006,A-0348,A-0038,100003.25,2026-11-05 01:40:15,Cash Deposit
TXN-05007,A-0445,A-0043,106674.77,2025-02-23 14:15:40,IMPS
TXN-05008,A-0013,A-0216,30548.15,2024-02-14 11:23:27,NEFT
TXN-05009,A-0491,A-0370,449223.36,2026-02-05 03:33:01,UPI
TXN-05010,A-0203,A-0121,377438.57,2026-09-07 20:15:25,IMPS
TXN-05011,A-0445,A-0182,477521.21,2026-07-12 22:45:43,Cash Deposit
TXN-05012,A-0416,A-0446,443924.48,2024-12-10 12:47:11,NEFT
TXN-05013,A-0007,A-0126,63266.88,2025-07-01 23:40:22,Cash Deposit
TXN-05014,A-0402,A-0444,220525.24,2024-01-08 06:08:47,NEFT
TXN-05015,A-0096,A-0474,444579.31,2024-09-19 14:36:59,RTGS
TXN-05016,A-0067,A-0483,318493.91,2026-07-11 04:54:49,Cash Deposit
TXN-05017,A-0014,A-0067,151562.1,2025-01-12 22:00:00,UPI
TXN-05018,A-0009,A-0301,41108.54,2026-09-28 12:01:32,UPI
TXN-05019,A-0002,A-0399,118920.86,2025-01-16 20:42:01,IMPS
TXN-05020,A-0006,A-0295,209286.91,2026-04-25 12:48:53,RTGS
TXN-05021,A-0291,A-0471,190225.87,2026-01-03 22:59:49,IMPS
TXN-05022,A-0311,A-0498,379439.12,2026-12-09 03:19:44,Cash Deposit
TXN-05023,A-0033,A-0108,80888.99,2024-03-18 08:05:25,RTGS
TXN-05024,A-0075,A-0402,87266.49,2025-08-20 10:51:23,NEFT
TXN-05025,A-0055,A-0109,109174.73,2025-08-21 07:25:24,UPI
TXN-05026,A-0395,A-0125,442068.84,2025-04-16 01:21:28,UPI
TXN-05027,A-0149,A-0375,165758.93,2024-12-05 22:37:14,UPI
TXN-05028,A-0098,A-0015,99779.6,2024-09-21 21:42:29,UPI
TXN-05029,A-0298,A-0174,321345.21,2026-10-28 17:51:13,UPI
TXN-05030,A-0087,A-0013,77021.45,2026-07-16 12:56:42,UPI
TXN-05031,A-0430,A-0356,178918.58,2024-12-18 11:51:15,RTGS
TXN-05032,A-0109,A-0043,4024.64,2026-11-13 15:44:21,NEFT
TXN-05033,A-0115,A-0418,121273.17,2024-08-27 09:40:22,Cash Deposit
TXN-05034,A-0145,A-0155,425764.38,2025-04-18 17:57:56,UPI
TXN-05035,A-0180,A-0117,210160.98,2025-12-22 22:25:21,Cash Deposit
TXN-05036,A-0212,A-0121,367990.75,2024-01-30 01:16:25,Cash Deposit
TXN-05037,A-0196,A-0392,93644.53,2025-04-14 23:06:15,NEFT
TXN-05038,A-0235,A-0337,220229.43,2025-05-15 22:06:29,Cash Deposit
TXN-05039,A-0249,A-0500,274388.35,2025-06-13 20:00:03,NEFT
TXN-05040,A-0486,A-0297,73561.88,2024-07-12 09:59:08,UPI
TXN-05041,A-0119,A-0498,387922.28,2026-10-18 13:11:44,RTGS
TXN-05042,A-0485,A-0159,124482.16,2024-05-08 11:15:43,IMPS
TXN-05043,A-0015,A-0053,264281.73,2025-04-25 21:27:21,Cash Deposit
TXN-05044,A-0358,A-0288,483630.8,2025-09-24 05:53:21,IMPS
TXN-05045,A-0124,A-0364,52102.0,2025-02-17 16:49:09,RTGS
TXN-05046,A-0131,A-0455,443163.91,2025-01-18 19:30:13,UPI
TXN-05047,A-0406,A-0275,183728.17,2026-12-27 18:26:21,NEFT
TXN-05048,A-0257,A-0005,272770.86,2025-01-09 23:59:00,IMPS
TXN-05049,A-0077,A-0036,24900.98,2024-11-07 01:51:34,IMPS
TXN-05050,A-0329,A-0047,466693.62,2026-04-07 09:43:09,IMPS
TXN-05051,A-0364,A-0048,283930.67,2026-01-23 12:48:51,Cash Deposit
TXN-05052,A-0134,A-0277,94552.82,2026-09-03 01:08:57,NEFT
TXN-05053,A-0477,A-0062,7954.43,2026-11-26 16:51:54,RTGS
TXN-05054,A-0188,A-0373,390936.18,2024-03-24 19:57:15,RTGS
TXN-05055,A-0281,A-0265,394979.98,2025-07-26 05:59:42,IMPS
TXN-05056,A-0317,A-0136,366999.68,2024-01-18 04:55:20,UPI
TXN-05057,A-0211,A-0295,276122.16,2024-04-02 15:29:40,NEFT
TXN-05058,A-0176,A-0322,342527.58,2026-03-08 07:25:43,Cash Deposit
TXN-05059,A-0441,A-0075,342674.03,2024-10-19 09:50:31,Cash Deposit
TXN-05060,A-0395,A-0095,182214.47,2026-05-28 12:08:40,UPI
TXN-05061,A-0187,A-0341,225604.68,2026-10-02 23:54:48,NEFT
TXN-05062,A-0174,A-0338,487973.44,2025-12-06 03:03:31,NEFT
TXN-05063,A-0237,A-0144,464117.25,2025-08-30 16:34:45,NEFT
TXN-05064,A-0240,A-0022,299589.41,2025-12-24 21:04:59,IMPS
TXN-05065,A-0194,A-0051,158021.11,2026-07-10 08:08:42,Cash Deposit
TXN-05066,A-0029,A-0215,472147.88,2026-10-21 10:26:53,Cash Deposit
TXN-05067,A-0376,A-0349,361860.49,2024-01-06 15:22:23,Cash Deposit
TXN-05068,A-0158,A-0003,193116.65,2024-05-09 05:42:42,NEFT
TXN-05069,A-0326,A-0260,27775.31,2026-07-21 23:13:04,Cash Deposit
TXN-05070,A-0388,A-0034,214760.39,2024-08-08 00:56:30,IMPS
TXN-05071,A-0261,A-0028,72895.41,2024-10-23 07:04:33,IMPS
TXN-05072,A-0345,A-0387,281797.91,2026-11-07 14:27:03,RTGS
TXN-05073,A-0480,A-0009,267986.69,2024-05-06 19:44:50,UPI
TXN-05074,A-0146,A-0269,318033.64,2025-09-07 19:41:57,IMPS
TXN-05075,A-0199,A-0352,37314.58,2025-11-04 09:32:39,UPI
TXN-05076,A-0093,A-0142,299473.55,2024-12-23 05:15:34,UPI
TXN-05077,A-0218,A-0393,393392.05,2024-06-17 09:05:23,NEFT
TXN-05078,A-0402,A-0375,356096.49,2024-09-02 17:15:28,RTGS
TXN-05079,A-0161,A-0422,279419.21,2024-10-22 02:49:11,Cash Deposit
TXN-05080,A-0228,A-0265,399326.7,2024-10-20 07:42:52,RTGS
TXN-05081,A-0209,A-0248,359850.53,2025-10-23 15:39:18,Cash Deposit
TXN-05082,A-0363,A-0190,198938.63,2025-08-18 20:15:57,Cash Deposit
TXN-05083,A-0286,A-0242,167382.09,2026-12-20 12:43:43,Cash Deposit
TXN-05084,A-0474,A-0057,310382.65,2024-06-13 18:59:40,Cash Deposit
TXN-05085,A-0356,A-0068,448917.35,2025-08-01 18:53:06,RTGS
TXN-05086,A-0375,A-0228,99908.99,2024-02-07 15:46:55,Cash Deposit
TXN-05087,A-0323,A-0276,475378.27,2026-07-22 09:31:43,NEFT
TXN-05088,A-0363,A-0211,82463.29,2026-06-25 07:42:27,Cash Deposit
TXN-05089,A-0383,A-0266,208756.33,2024-08-12 08:31:55,IMPS
TXN-05090,A-0490,A-0337,154610.97,2025-03-31 14:31:29,Cash Deposit
TXN-05091,A-0355,A-0201,349611.13,2024-09-30 01:40:20,NEFT
TXN-05092,A-0486,A-0345,241062.91,2024-11-12 01:03:05,RTGS
TXN-05093,A-0455,A-0165,370643.27,2026-04-16 06:36:44,IMPS
TXN-05094,A-0046,A-0329,140209.97,2025-05-18 05:12:29,RTGS
TXN-05095,A-0472,A-0376,120448.74,2024-08-10 04:41:48,UPI
TXN-05096,A-0147,A-0339,85105.12,2024-06-20 09:48:53,IMPS
TXN-05097,A-0267,A-0076,478794.87,2025-12-02 09:17:33,IMPS
TXN-05098,A-0377,A-0399,109946.08,2024-08-28 09:08:23,NEFT
TXN-05099,A-0278,A-0478,30930.28,2024-10-30 12:34:20,RTGS
TXN-05100,A-0474,A-0373,449997.14,2026-02-21 21:59:47,RTGS
TXN-05101,A-0065,A-0019,30447.29,2025-12-15 02:31:09,IMPS
TXN-05102,A-0355,A-0398,296303.49,2024-06-02 13:06:02,RTGS
TXN-05103,A-0400,A-0404,94271.61,2024-10-07 19:47:04,RTGS
TXN-05104,A-0146,A-0078,176608.37,2026-11-25 08:59:23,NEFT
TXN-05105,A-0227,A-0032,223314.56,2026-05-08 00:23:37,UPI
TXN-05106,A-0141,A-0308,146083.75,2026-09-07 14:25:15,NEFT
TXN-05107,A-0203,A-0314,442066.08,2024-08-06 17:56:17,UPI
TXN-05108,A-0121,A-0400,87022.02,2024-09-26 11:22:37,NEFT
TXN-05109,A-0145,A-0036,228817.58,2026-07-30 23:48:57,NEFT
TXN-05110,A-0391,A-0354,229243.41,2024-06-12 03:49:54,UPI
TXN-05111,A-0187,A-0084,429931.84,2025-08-12 11:26:26,Cash Deposit
TXN-05112,A-0007,A-0319,80060.84,2024-02-19 03:26:37,Cash Deposit
TXN-05113,A-0436,A-0062,420318.73,2026-09-12 06:11:24,RTGS
TXN-05114,A-0345,A-0276,78633.71,2025-08-13 00:35:19,UPI
TXN-05115,A-0330,A-0461,496171.63,2025-07-09 07:08:48,IMPS
TXN-05116,A-0088,A-0060,407834.25,2024-07-08 22:07:58,RTGS
TXN-05117,A-0425,A-0251,492199.89,2024-09-08 17:11:34,Cash Deposit
TXN-05118,A-0370,A-0094,486041.69,2025-12-07 23:45:19,UPI
TXN-05119,A-0189,A-0209,277910.07,2025-05-08 15:23:30,Cash Deposit
TXN-05120,A-0140,A-0343,332399.24,2026-03-01 23:08:21,UPI
TXN-05121,A-0146,A-0389,287645.92,2025-10-25 13:40:39,UPI
TXN-05122,A-0393,A-0383,259149.12,2026-04-29 05:49:33,NEFT
TXN-05123,A-0198,A-0419,302558.6,2026-09-26 11:15:56,RTGS
TXN-05124,A-0323,A-0412,499087.01,2024-05-17 19:14:43,Cash Deposit
TXN-05125,A-0494,A-0040,457617.67,2024-05-30 07:20:35,Cash Deposit
TXN-05126,A-0120,A-0180,485877.47,2025-08-14 06:57:30,NEFT
TXN-05127,A-0125,A-0487,347536.49,2024-08-28 03:21:21,Cash Deposit
TXN-05128,A-0382,A-0027,160351.05,2026-06-13 10:24:35,Cash Deposit
TXN-05129,A-0453,A-0451,448560.27,2026-12-18 07:27:24,RTGS
TXN-05130,A-0382,A-0336,424328.03,2024-02-10 10:09:43,Cash Deposit
TXN-05131,A-0311,A-0366,119908.98,2024-07-02 00:39:32,NEFT
TXN-05132,A-0116,A-0425,304847.31,2026-08-30 21:24:14,Cash Deposit
TXN-05133,A-0037,A-0499,358181.72,2026-11-17 12:11:35,NEFT
TXN-05134,A-0316,A-0237,26650.18,2026-03-27 15:59:11,Cash Deposit
TXN-05135,A-0132,A-0145,105282.31,2024-01-13 21:45:18,UPI
TXN-05136,A-0360,A-0387,220336.29,2025-10-17 17:31:09,UPI
TXN-05137,A-0149,A-0493,293142.64,2024-01-26 13:57:07,NEFT
TXN-05138,A-0201,A-0012,142463.12,2024-03-30 12:31:59,RTGS
TXN-05139,A-0213,A-0111,140755.55,2025-12-12 17:47:08,RTGS
TXN-05140,A-0258,A-0441,221885.27,2025-11-21 03:53:28,IMPS
TXN-05141,A-0153,A-0149,492293.46,2024-06-02 08:51:56,RTGS
TXN-05142,A-0477,A-0280,270715.73,2024-09-22 11:30:17,NEFT
TXN-05143,A-0369,A-0126,72741.97,2025-12-20 12:30:00,NEFT
TXN-05144,A-0236,A-0106,383005.77,2025-05-17 19:29:29,Cash Deposit
TXN-05145,A-0392,A-0052,309034.28,2026-10-11 17:25:53,RTGS
TXN-05146,A-0289,A-0023,267380.31,2025-08-01 07:36:14,UPI
TXN-05147,A-0468,A-0028,108254.83,2024-01-22 14:26:29,UPI
TXN-05148,A-0162,A-0483,231051.03,2025-12-21 01:01:02,Cash Deposit
TXN-05149,A-0064,A-0131,257566.1,2024-01-10 09:34:11,RTGS
TXN-05150,A-0240,A-0058,30162.62,2026-06-07 21:42:16,NEFT
TXN-05151,A-0439,A-0116,28914.49,2024-10-26 03:53:11,NEFT
TXN-05152,A-0028,A-0024,139783.47,2024-08-08 04:14:39,RTGS
TXN-05153,A-0309,A-0071,277609.15,2024-08-27 13:54:08,UPI
TXN-05154,A-0294,A-0496,140082.09,2026-11-13 21:55:23,RTGS
TXN-05155,A-0099,A-0315,110268.68,2026-12-02 23:20:32,Cash Deposit
TXN-05156,A-0470,A-0498,301185.45,2025-06-10 14:13:57,Cash Deposit
TXN-05157,A-0325,A-0058,213966.88,2024-01-29 22:19:33,NEFT
TXN-05158,A-0459,A-0120,459895.46,2026-11-30 05:39:06,NEFT
TXN-05159,A-0350,A-0434,315645.79,2025-03-05 20:07:20,NEFT
TXN-05160,A-0094,A-0123,229439.8,2026-02-04 07:42:53,IMPS
TXN-05161,A-0348,A-0255,346151.98,2024-10-05 16:55:59,IMPS
TXN-05162,A-0314,A-0068,325516.29,2025-10-11 01:01:27,RTGS
TXN-05163,A-0437,A-0469,23628.15,2026-06-28 05:31:15,RTGS
TXN-05164,A-0206,A-0185,203382.44,2026-06-22 18:04:11,Cash Deposit
TXN-05165,A-0280,A-0468,61851.36,2026-10-30 17:10:07,UPI
TXN-05166,A-0263,A-0321,105847.9,2025-06-04 18:18:02,Cash Deposit
TXN-05167,A-0068,A-0001,351752.62,2024-03-21 14:15:56,NEFT
TXN-05168,A-0067,A-0317,254308.4,2025-11-16 15:33:32,RTGS
TXN-05169,A-0193,A-0182,250938.92,2026-06-18 11:17:23,RTGS
TXN-05170,A-0390,A-0400,232939.37,2025-05-11 14:35:21,UPI
TXN-05171,A-0221,A-0384,350629.25,2024-05-14 20:39:15,Cash Deposit
TXN-05172,A-0470,A-0184,109231.07,2024-01-17 00:05:15,UPI
TXN-05173,A-0416,A-0369,28460.7,2025-09-03 23:35:49,NEFT
TXN-05174,A-0449,A-0286,177094.01,2024-01-06 03:12:55,NEFT
TXN-05175,A-0036,A-0181,376175.74,2024-01-13 00:22:43,RTGS
TXN-05176,A-0108,A-0190,343909.24,2025-01-24 11:00:47,IMPS
TXN-05177,A-0335,A-0457,165544.66,2025-08-23 06:41:50,Cash Deposit
TXN-05178,A-0036,A-0142,473269.97,2024-05-09 16:04:26,IMPS
TXN-05179,A-0112,A-0453,14581.23,2026-07-13 14:11:56,RTGS
TXN-05180,A-0382,A-0500,389623.14,2025-02-09 06:48:19,Cash Deposit
TXN-05181,A-0348,A-0293,482773.38,2026-11-13 04:16:50,Cash Deposit
TXN-05182,A-0306,A-0182,408157.62,2025-04-18 23:28:21,NEFT
TXN-05183,A-0134,A-0346,95477.36,2026-04-13 21:35:54,Cash Deposit
TXN-05184,A-0027,A-0134,286578.95,2025-01-11 11:56:39,RTGS
TXN-05185,A-0011,A-0133,307383.4,2024-01-15 02:30:38,NEFT
TXN-05186,A-0472,A-0294,287465.52,2025-10-02 20:23:30,UPI
TXN-05187,A-0362,A-0382,118304.65,2026-11-08 10:35:37,NEFT
TXN-05188,A-0144,A-0418,248406.26,2025-09-21 13:10:55,IMPS
TXN-05189,A-0424,A-0120,91913.17,2025-09-30 23:38:08,RTGS
TXN-05190,A-0182,A-0323,470405.51,2024-06-03 05:44:27,RTGS
TXN-05191,A-0207,A-0389,292344.34,2025-11-14 05:11:02,NEFT
TXN-05192,A-0448,A-0378,51962.94,2026-10-23 05:50:31,UPI
TXN-05193,A-0223,A-0079,396264.22,2026-02-20 20:07:04,NEFT
TXN-05194,A-0051,A-0350,351873.08,2024-03-28 01:26:38,NEFT
TXN-05195,A-0173,A-0306,101538.06,2024-03-07 02:46:52,IMPS
TXN-05196,A-0435,A-0460,323294.35,2026-08-03 00:49:44,IMPS
TXN-05197,A-0147,A-0409,255125.65,2024-06-22 09:26:55,NEFT
TXN-05198,A-0143,A-0387,92040.86,2025-03-04 00:39:59,IMPS
TXN-05199,A-0315,A-0167,279221.87,2026-10-29 19:00:42,IMPS
TXN-05200,A-0462,A-0228,423247.13,2025-03-03 21:37:36,RTGS
TXN-05201,A-0251,A-0137,492333.98,2024-12-10 23:17:35,UPI
TXN-05202,A-0279,A-0184,68188.18,2025-12-27 01:37:05,Cash Deposit
TXN-05203,A-0081,A-0390,306065.12,2026-02-06 21:22:06,IMPS
TXN-05204,A-0389,A-0347,109254.0,2025-05-01 11:32:15,RTGS
TXN-05205,A-0420,A-0185,301237.16,2025-10-14 14:49:38,UPI
TXN-05206,A-0239,A-0083,31253.35,2024-01-30 17:09:26,Cash Deposit
TXN-05207,A-0360,A-0249,391106.59,2026-10-28 21:50:36,Cash Deposit
TXN-05208,A-0100,A-0200,48550.25,2025-03-26 01:44:53,NEFT
TXN-05209,A-0242,A-0470,234331.59,2026-09-16 07:18:51,RTGS
TXN-05210,A-0406,A-0461,266003.76,2024-07-09 04:28:31,IMPS
TXN-05211,A-0280,A-0254,425970.47,2026-12-29 21:06:38,IMPS
TXN-05212,A-0077,A-0295,424741.1,2024-07-25 19:45:30,IMPS
TXN-05213,A-0026,A-0292,425119.26,2024-02-16 02:13:20,NEFT
TXN-05214,A-0176,A-0413,228729.9,2025-10-20 18:47:00,NEFT
TXN-05215,A-0166,A-0444,488128.36,2026-08-07 07:14:51,NEFT
TXN-05216,A-0012,A-0092,478287.1,2024-11-16 01:08:07,Cash Deposit
TXN-05217,A-0389,A-0425,173412.63,2025-05-18 22:55:35,UPI
TXN-05218,A-0439,A-0401,116776.64,2026-01-18 23:18:20,IMPS
TXN-05219,A-0399,A-0407,209058.95,2024-01-01 03:29:33,Cash Deposit
TXN-05220,A-0279,A-0376,410128.88,2026-01-09 02:12:48,Cash Deposit
TXN-05221,A-0479,A-0017,249995.32,2025-04-13 07:12:30,RTGS
TXN-05222,A-0275,A-0195,460475.85,2025-12-24 18:24:52,UPI
TXN-05223,A-0011,A-0067,200650.73,2024-05-22 10:31:05,IMPS
TXN-05224,A-0276,A-0458,404349.27,2024-08-03 20:31:49,NEFT
TXN-05225,A-0089,A-0495,395351.55,2024-12-07 00:48:18,Cash Deposit
TXN-05226,A-0479,A-0489,85711.69,2024-05-17 12:51:04,IMPS
TXN-05227,A-0441,A-0016,405427.42,2024-06-12 21:50:00,Cash Deposit
TXN-05228,A-0247,A-0309,282265.89,2026-11-10 16:06:11,UPI
TXN-05229,A-0434,A-0494,320087.82,2025-09-04 16:58:09,UPI
TXN-05230,A-0006,A-0441,70636.44,2026-03-30 06:40:44,UPI
TXN-05231,A-0039,A-0480,166859.7,2026-07-13 17:57:58,UPI
TXN-05232,A-0239,A-0352,322667.04,2025-07-31 19:53:39,UPI
TXN-05233,A-0308,A-0476,423633.95,2024-12-30 07:15:11,NEFT
TXN-05234,A-0210,A-0452,320808.41,2024-02-05 11:13:16,Cash Deposit
TXN-05235,A-0010,A-0238,216867.82,2024-02-08 15:16:18,IMPS
TXN-05236,A-0253,A-0316,64433.35,2026-02-17 11:41:41,NEFT
TXN-05237,A-0296,A-0434,365578.91,2025-05-19 02:34:13,NEFT
TXN-05238,A-0375,A-0434,252012.96,2025-10-28 21:34:34,NEFT
TXN-05239,A-0072,A-0469,353307.42,2024-06-24 18:45:54,RTGS
TXN-05240,A-0230,A-0405,216202.17,2024-01-18 04:00:08,NEFT
TXN-05241,A-0350,A-0150,172245.45,2025-06-05 09:46:49,Cash Deposit
TXN-05242,A-0312,A-0483,107975.22,2026-04-22 02:59:56,UPI
TXN-05243,A-0125,A-0134,334748.69,2024-03-01 19:42:18,RTGS
TXN-05244,A-0244,A-0267,61361.48,2025-10-23 08:10:57,UPI
TXN-05245,A-0410,A-0448,227986.29,2024-10-11 22:46:16,IMPS
TXN-05246,A-0124,A-0289,357114.49,2025-05-14 22:03:07,UPI
TXN-05247,A-0439,A-0289,176521.47,2024-07-26 13:50:23,IMPS
TXN-05248,A-0303,A-0144,67728.83,2024-02-18 14:56:09,RTGS
TXN-05249,A-0344,A-0162,306878.05,2024-09-25 18:00:36,RTGS
TXN-05250,A-0481,A-0325,224884.55,2026-03-19 02:09:52,IMPS
TXN-05251,A-0032,A-0431,318374.97,2025-01-24 06:55:17,NEFT
TXN-05252,A-0404,A-0487,25576.31,2024-02-14 05:24:15,Cash Deposit
TXN-05253,A-0395,A-0281,7167.0,2025-01-15 05:11:16,NEFT
TXN-05254,A-0403,A-0415,168726.81,2026-11-10 10:17:16,NEFT
TXN-05255,A-0285,A-0058,286684.33,2025-02-27 09:06:42,RTGS
TXN-05256,A-0163,A-0422,432972.98,2026-07-04 11:36:21,NEFT
TXN-05257,A-0075,A-0194,488221.83,2026-02-10 03:07:28,NEFT
TXN-05258,A-0282,A-0080,262471.45,2024-08-19 04:19:44,NEFT
TXN-05259,A-0004,A-0392,336148.41,2025-10-16 01:34:03,IMPS
TXN-05260,A-0407,A-0439,121503.04,2025-10-15 02:23:47,RTGS
TXN-05261,A-0387,A-0323,304675.81,2026-03-14 06:16:49,NEFT
TXN-05262,A-0401,A-0404,321627.19,2026-04-14 10:35:09,Cash Deposit
TXN-05263,A-0391,A-0252,10695.95,2024-02-03 17:17:30,IMPS
TXN-05264,A-0173,A-0194,178305.6,2024-12-23 02:37:50,IMPS
TXN-05265,A-0070,A-0249,478247.89,2025-06-08 05:34:41,UPI
TXN-05266,A-0205,A-0292,440759.93,2024-07-29 21:16:08,Cash Deposit
TXN-05267,A-0182,A-0419,331619.85,2025-09-15 04:10:26,UPI
TXN-05268,A-0129,A-0166,25021.62,2025-06-25 20:54:54,IMPS
TXN-05269,A-0155,A-0369,371556.64,2026-10-14 19:09:19,NEFT
TXN-05270,A-0312,A-0076,327860.4,2025-09-07 02:02:28,RTGS
TXN-05271,A-0268,A-0199,37365.92,2026-05-25 14:40:45,UPI
TXN-05272,A-0444,A-0271,422424.86,2026-06-28 02:05:35,Cash Deposit
TXN-05273,A-0138,A-0314,208065.44,2024-01-26 00:29:15,RTGS
TXN-05274,A-0021,A-0079,57877.2,2024-03-07 06:54:14,IMPS
TXN-05275,A-0222,A-0461,430233.39,2026-08-09 16:48:58,IMPS
TXN-05276,A-0096,A-0059,184039.49,2026-04-21 07:06:50,NEFT
TXN-05277,A-0321,A-0132,484970.38,2025-07-27 10:57:59,IMPS
TXN-05278,A-0463,A-0486,217514.57,2024-02-29 16:24:19,IMPS
TXN-05279,A-0157,A-0234,288918.65,2026-12-17 18:38:43,IMPS
TXN-05280,A-0407,A-0191,267905.57,2025-05-08 22:40:24,Cash Deposit
TXN-05281,A-0252,A-0484,431292.67,2026-01-12 04:16:45,NEFT
TXN-05282,A-0164,A-0476,248855.67,2026-10-21 00:45:58,IMPS
TXN-05283,A-0075,A-0082,1128.63,2024-08-21 05:52:44,NEFT
TXN-05284,A-0400,A-0241,6577.81,2025-03-13 15:03:26,UPI
TXN-05285,A-0155,A-0165,88849.23,2025-01-17 08:48:35,NEFT
TXN-05286,A-0390,A-0320,67303.31,2024-08-11 10:29:29,UPI
TXN-05287,A-0136,A-0386,294355.48,2024-07-24 17:44:55,RTGS
TXN-05288,A-0168,A-0113,96506.44,2026-11-12 10:37:09,Cash Deposit
TXN-05289,A-0037,A-0354,205535.58,2026-11-11 11:03:39,UPI
TXN-05290,A-0311,A-0014,55489.41,2025-05-14 12:01:42,IMPS
TXN-05291,A-0306,A-0027,461685.72,2025-03-02 07:57:07,UPI
TXN-05292,A-0127,A-0292,369817.87,2025-02-03 13:53:02,IMPS
TXN-05293,A-0358,A-0243,339998.6,2024-10-30 01:55:11,NEFT
TXN-05294,A-0046,A-0037,245066.66,2026-01-09 15:01:47,Cash Deposit
TXN-05295,A-0351,A-0090,423717.39,2025-05-02 18:18:27,IMPS
TXN-05296,A-0273,A-0068,473503.95,2026-04-09 08:31:47,UPI
TXN-05297,A-0363,A-0193,28786.2,2024-06-07 18:20:43,UPI
TXN-05298,A-0405,A-0344,219204.34,2025-03-16 19:04:04,RTGS
TXN-05299,A-0390,A-0141,105984.96,2024-11-18 14:29:08,IMPS
TXN-05300,A-0004,A-0375,378146.16,2025-12-26 10:44:07,IMPS
TXN-05301,A-0191,A-0038,311118.24,2025-11-12 14:38:16,NEFT
TXN-05302,A-0480,A-0081,411126.31,2025-01-18 22:10:26,UPI
TXN-05303,A-0360,A-0415,253694.92,2024-05-17 05:55:53,UPI
TXN-05304,A-0312,A-0497,499714.12,2024-05-19 20:31:09,Cash Deposit
TXN-05305,A-0241,A-0358,287902.41,2024-02-28 02:55:01,RTGS
TXN-05306,A-0096,A-0429,323363.55,2026-09-25 16:51:33,UPI
TXN-05307,A-0234,A-0303,248419.83,2025-11-19 14:43:22,IMPS
TXN-05308,A-0489,A-0325,218706.44,2026-06-15 14:26:42,NEFT
TXN-05309,A-0042,A-0365,357353.36,2026-07-11 17:48:48,IMPS
TXN-05310,A-0373,A-0133,173096.27,2025-09-28 03:56:43,Cash Deposit
TXN-05311,A-0185,A-0231,473780.43,2025-08-08 07:48:13,Cash Deposit
TXN-05312,A-0457,A-0458,264194.43,2025-11-18 21:50:44,IMPS
TXN-05313,A-0482,A-0273,73156.04,2024-06-01 07:51:07,RTGS
TXN-05314,A-0404,A-0486,481737.24,2024-08-26 18:24:48,UPI
TXN-05315,A-0492,A-0093,251258.14,2026-01-19 12:48:26,IMPS
TXN-05316,A-0163,A-0230,83426.88,2025-01-22 11:49:23,IMPS
TXN-05317,A-0018,A-0411,349125.49,2026-07-04 03:56:08,IMPS
TXN-05318,A-0436,A-0322,54255.87,2024-06-20 07:11:44,IMPS
TXN-05319,A-0221,A-0473,249420.63,2026-01-31 05:12:36,UPI
TXN-05320,A-0498,A-0373,216184.84,2025-06-21 12:57:18,IMPS
TXN-05321,A-0144,A-0407,316978.13,2025-03-08 02:26:49,RTGS
TXN-05322,A-0029,A-0122,211438.12,2026-12-17 06:25:32,UPI
TXN-05323,A-0079,A-0388,93159.65,2025-06-06 16:24:59,RTGS
TXN-05324,A-0068,A-0208,225022.02,2025-04-03 07:06:09,UPI
TXN-05325,A-0307,A-0179,109534.29,2024-09-05 02:31:43,RTGS
TXN-05326,A-0443,A-0419,419417.21,2024-06-19 06:43:01,NEFT
TXN-05327,A-0226,A-0369,175885.59,2026-06-06 03:35:55,IMPS
TXN-05328,A-0399,A-0078,43993.88,2025-12-11 03:04:20,RTGS
TXN-05329,A-0385,A-0446,464908.42,2026-08-28 10:46:34,NEFT
TXN-05330,A-0123,A-0062,108316.59,2025-11-03 18:28:09,UPI
TXN-05331,A-0485,A-0358,311741.52,2025-03-20 06:14:15,IMPS
TXN-05332,A-0252,A-0014,460468.23,2025-02-13 10:36:27,UPI
TXN-05333,A-0319,A-0227,47179.81,2024-08-28 19:29:41,RTGS
TXN-05334,A-0190,A-0158,73005.99,2025-04-13 14:37:59,Cash Deposit
TXN-05335,A-0490,A-0335,422316.29,2025-06-30 18:57:06,UPI
TXN-05336,A-0288,A-0238,239666.04,2025-01-23 04:13:20,RTGS
TXN-05337,A-0448,A-0393,296439.66,2025-10-05 04:54:32,Cash Deposit
TXN-05338,A-0149,A-0084,327796.82,2026-11-07 09:13:00,Cash Deposit
TXN-05339,A-0282,A-0163,76956.81,2024-09-11 21:30:29,UPI
TXN-05340,A-0250,A-0354,406836.22,2025-12-22 19:39:22,Cash Deposit
TXN-05341,A-0427,A-0308,351067.15,2024-10-31 16:24:10,IMPS
TXN-05342,A-0083,A-0337,27011.96,2024-04-12 23:26:18,RTGS
TXN-05343,A-0436,A-0062,21228.74,2026-03-14 04:25:24,RTGS
TXN-05344,A-0042,A-0056,245208.38,2024-08-05 03:41:38,IMPS
TXN-05345,A-0011,A-0149,328091.75,2026-10-13 19:48:42,Cash Deposit
TXN-05346,A-0118,A-0244,25121.91,2025-09-04 18:35:03,NEFT
TXN-05347,A-0061,A-0372,64637.44,2026-08-06 00:08:10,Cash Deposit
TXN-05348,A-0470,A-0124,314407.53,2026-09-16 02:02:42,Cash Deposit
TXN-05349,A-0348,A-0117,65278.76,2024-09-12 15:23:55,IMPS
TXN-05350,A-0264,A-0484,415388.18,2024-05-13 01:53:08,Cash Deposit
TXN-05351,A-0246,A-0058,458500.67,2026-03-21 23:54:17,Cash Deposit
TXN-05352,A-0251,A-0445,343206.95,2025-06-08 02:24:50,Cash Deposit
TXN-05353,A-0425,A-0027,274302.48,2026-04-09 09:42:08,RTGS
TXN-05354,A-0349,A-0420,326814.89,2026-12-08 19:41:46,IMPS
TXN-05355,A-0137,A-0341,170949.2,2024-10-05 10:26:41,IMPS
TXN-05356,A-0376,A-0316,202315.4,2026-11-04 18:36:35,IMPS
TXN-05357,A-0114,A-0258,494466.39,2026-05-16 20:21:10,IMPS
TXN-05358,A-0162,A-0055,165283.53,2024-12-18 15:10:40,NEFT
TXN-05359,A-0253,A-0457,473988.07,2026-05-01 15:20:58,Cash Deposit
TXN-05360,A-0482,A-0498,171862.63,2025-05-01 03:57:12,NEFT
TXN-05361,A-0162,A-0430,347756.59,2025-07-06 03:20:35,RTGS
TXN-05362,A-0109,A-0466,39782.82,2025-01-08 03:13:35,Cash Deposit
TXN-05363,A-0488,A-0276,206470.89,2024-08-11 20:07:35,IMPS
TXN-05364,A-0013,A-0434,149460.32,2026-03-11 07:48:47,RTGS
TXN-05365,A-0346,A-0175,246049.05,2026-05-03 21:28:32,Cash Deposit
TXN-05366,A-0033,A-0001,326552.82,2025-08-14 13:22:18,Cash Deposit
TXN-05367,A-0259,A-0429,458576.93,2025-01-10 15:48:45,NEFT
TXN-05368,A-0155,A-0091,103398.27,2025-09-14 06:39:17,RTGS
TXN-05369,A-0095,A-0272,237525.44,2026-11-30 23:15:09,UPI
TXN-05370,A-0170,A-0070,398297.45,2025-12-16 02:59:19,Cash Deposit
TXN-05371,A-0094,A-0244,267315.71,2024-12-26 11:55:25,Cash Deposit
TXN-05372,A-0061,A-0260,33048.83,2025-01-11 03:35:14,IMPS
TXN-05373,A-0006,A-0364,233886.55,2025-07-13 18:15:29,NEFT
TXN-05374,A-0212,A-0059,391708.41,2025-12-11 23:00:50,Cash Deposit
TXN-05375,A-0060,A-0411,384062.1,2024-12-14 02:29:49,Cash Deposit
TXN-05376,A-0481,A-0065,227654.4,2026-08-25 13:37:23,NEFT
TXN-05377,A-0124,A-0462,12752.29,2025-01-11 01:12:16,UPI
TXN-05378,A-0058,A-0444,277074.12,2025-04-02 15:49:41,IMPS
TXN-05379,A-0479,A-0080,490449.43,2026-08-19 10:19:40,RTGS
TXN-05380,A-0006,A-0087,317680.36,2025-02-01 08:24:38,IMPS
TXN-05381,A-0082,A-0123,315178.42,2025-10-15 18:48:30,IMPS
TXN-05382,A-0306,A-0222,107653.06,2025-04-27 20:20:05,RTGS
TXN-05383,A-0158,A-0201,144560.3,2024-05-07 16:23:52,UPI
TXN-05384,A-0202,A-0383,158744.98,2026-12-05 04:30:38,IMPS
TXN-05385,A-0224,A-0053,214520.1,2025-01-31 22:09:07,UPI
TXN-05386,A-0407,A-0344,323205.17,2025-09-28 17:12:07,UPI
TXN-05387,A-0438,A-0325,92746.87,2024-01-14 10:34:09,NEFT
TXN-05388,A-0165,A-0493,187453.17,2025-06-16 14:19:22,RTGS
TXN-05389,A-0298,A-0108,396150.49,2025-02-13 08:53:33,IMPS
TXN-05390,A-0245,A-0048,273717.68,2026-07-06 15:45:21,IMPS
TXN-05391,A-0099,A-0260,308057.5,2025-07-09 21:29:31,IMPS
TXN-05392,A-0012,A-0268,232577.98,2025-07-07 16:27:53,NEFT
TXN-05393,A-0241,A-0315,255806.19,2026-07-16 05:36:40,RTGS
TXN-05394,A-0447,A-0072,372680.01,2026-10-15 16:38:24,UPI
TXN-05395,A-0153,A-0001,397090.52,2024-02-19 10:22:24,IMPS
TXN-05396,A-0027,A-0271,271153.3,2026-10-15 21:54:02,Cash Deposit
TXN-05397,A-0121,A-0222,488595.89,2024-08-13 18:31:49,RTGS
TXN-05398,A-0173,A-0231,135666.26,2025-12-04 05:25:10,IMPS
TXN-05399,A-0083,A-0467,146566.12,2024-08-22 14:13:08,NEFT
TXN-05400,A-0333,A-0018,367704.9,2024-07-10 04:02:13,UPI
TXN-05401,A-0269,A-0087,315390.93,2025-10-29 09:10:29,IMPS
TXN-05402,A-0069,A-0043,69009.03,2024-06-16 23:41:16,IMPS
TXN-05403,A-0296,A-0455,123419.36,2025-09-29 15:23:15,NEFT
TXN-05404,A-0288,A-0055,335306.68,2026-08-26 20:43:42,IMPS
TXN-05405,A-0076,A-0225,453825.1,2026-05-10 21:35:32,UPI
TXN-05406,A-0240,A-0014,321875.87,2026-02-07 22:38:01,IMPS
TXN-05407,A-0480,A-0118,31198.39,2025-02-06 17:01:12,UPI
TXN-05408,A-0307,A-0325,114043.85,2025-04-28 13:48:17,RTGS
TXN-05409,A-0268,A-0413,459676.76,2026-04-12 12:20:59,IMPS
TXN-05410,A-0328,A-0462,125775.26,2025-03-19 14:51:14,NEFT
TXN-05411,A-0292,A-0196,156368.4,2024-04-23 12:33:18,IMPS
TXN-05412,A-0093,A-0039,83590.93,2024-03-23 21:12:57,Cash Deposit
TXN-05413,A-0064,A-0096,391896.73,2025-10-15 19:33:12,IMPS
TXN-05414,A-0006,A-0152,405277.71,2026-10-09 15:06:00,RTGS
TXN-05415,A-0498,A-0337,219171.17,2025-05-21 00:59:02,IMPS
TXN-05416,A-0463,A-0143,8186.03,2026-05-10 01:44:39,Cash Deposit
TXN-05417,A-0298,A-0236,317372.58,2025-06-04 02:09:45,Cash Deposit
TXN-05418,A-0404,A-0419,175567.45,2026-06-14 18:47:23,Cash Deposit
TXN-05419,A-0139,A-0133,397290.21,2024-11-07 11:23:55,RTGS
TXN-05420,A-0119,A-0127,444787.99,2025-06-02 19:23:04,Cash Deposit
TXN-05421,A-0291,A-0164,273494.72,2025-09-23 14:48:05,UPI
TXN-05422,A-0065,A-0091,221909.89,2024-01-31 22:17:52,IMPS
TXN-05423,A-0200,A-0186,354172.35,2025-02-16 02:30:25,Cash Deposit
TXN-05424,A-0461,A-0341,169347.96,2026-02-04 22:26:16,Cash Deposit
TXN-05425,A-0069,A-0352,64270.11,2026-08-27 09:37:05,NEFT
TXN-05426,A-0119,A-0154,273090.69,2024-09-07 05:33:53,NEFT
TXN-05427,A-0148,A-0421,434723.26,2025-05-02 23:11:06,UPI
TXN-05428,A-0124,A-0237,196528.05,2025-11-28 06:48:22,RTGS
TXN-05429,A-0415,A-0214,239039.87,2026-11-15 13:37:57,NEFT
TXN-05430,A-0482,A-0306,321599.02,2024-05-12 13:56:10,UPI
TXN-05431,A-0097,A-0319,275642.18,2025-06-22 13:49:40,RTGS
TXN-05432,A-0119,A-0121,195986.56,2024-09-18 17:38:00,UPI
TXN-05433,A-0193,A-0492,251202.73,2025-03-21 22:40:03,RTGS
TXN-05434,A-0054,A-0403,76250.73,2024-09-03 16:41:41,NEFT
TXN-05435,A-0174,A-0061,240716.41,2024-12-23 11:49:55,RTGS
TXN-05436,A-0061,A-0441,90205.8,2025-12-16 07:36:10,Cash Deposit
TXN-05437,A-0325,A-0027,302877.27,2026-02-11 08:15:37,UPI
TXN-05438,A-0321,A-0269,165751.95,2024-01-12 19:10:15,IMPS
TXN-05439,A-0089,A-0018,305419.2,2026-03-12 00:05:01,RTGS
TXN-05440,A-0366,A-0128,28036.79,2026-03-19 01:56:13,Cash Deposit
TXN-05441,A-0281,A-0294,383873.32,2025-06-12 20:59:46,NEFT
TXN-05442,A-0174,A-0394,49453.37,2024-01-14 14:36:35,Cash Deposit
TXN-05443,A-0233,A-0093,67350.18,2025-02-23 18:36:02,Cash Deposit
TXN-05444,A-0180,A-0038,150322.76,2024-08-19 08:43:39,Cash Deposit
TXN-05445,A-0174,A-0231,56658.59,2026-05-07 20:16:34,NEFT
TXN-05446,A-0096,A-0032,129908.01,2024-10-08 05:56:33,UPI
TXN-05447,A-0250,A-0114,41901.01,2024-11-24 20:21:31,RTGS
TXN-05448,A-0353,A-0448,104914.34,2025-10-21 11:13:26,UPI
TXN-05449,A-0074,A-0134,125485.1,2026-04-15 17:47:10,UPI
TXN-05450,A-0442,A-0317,492201.61,2025-08-14 00:14:03,NEFT
TXN-05451,A-0230,A-0281,35497.47,2024-07-25 10:21:54,RTGS
TXN-05452,A-0192,A-0271,209976.01,2026-08-14 08:09:47,UPI
TXN-05453,A-0450,A-0484,132548.79,2026-04-24 08:27:05,IMPS
TXN-05454,A-0414,A-0462,18693.57,2024-06-11 07:21:12,IMPS
TXN-05455,A-0237,A-0096,187134.3,2025-04-22 20:35:03,NEFT
TXN-05456,A-0232,A-0500,85645.06,2024-08-21 18:29:11,NEFT
TXN-05457,A-0420,A-0064,59795.7,2026-04-17 17:42:12,NEFT
TXN-05458,A-0307,A-0450,33210.38,2026-04-30 20:02:37,Cash Deposit
TXN-05459,A-0397,A-0171,485625.08,2025-09-22 20:14:03,IMPS
TXN-05460,A-0151,A-0419,358042.29,2024-09-21 23:39:20,NEFT
TXN-05461,A-0177,A-0417,157921.01,2024-11-14 03:35:25,UPI
TXN-05462,A-0073,A-0112,441383.24,2024-12-10 10:57:24,Cash Deposit
TXN-05463,A-0157,A-0471,472113.09,2026-03-22 19:11:05,Cash Deposit
TXN-05464,A-0497,A-0291,43258.51,2024-09-28 17:58:44,IMPS
TXN-05465,A-0182,A-0378,233818.02,2024-05-26 08:22:17,NEFT
TXN-05466,A-0360,A-0180,228845.01,2026-07-14 21:49:31,RTGS
TXN-05467,A-0376,A-0466,247372.87,2024-02-03 20:20:46,IMPS
TXN-05468,A-0052,A-0235,497964.93,2026-11-14 15:13:07,Cash Deposit
TXN-05469,A-0317,A-0333,383112.06,2025-04-03 22:25:21,NEFT
TXN-05470,A-0223,A-0306,150819.57,2025-03-26 20:47:29,RTGS
TXN-05471,A-0301,A-0340,92995.0,2025-11-05 17:54:12,NEFT
TXN-05472,A-0027,A-0106,61107.07,2025-10-10 05:57:03,IMPS
TXN-05473,A-0277,A-0493,415595.8,2024-07-16 04:19:05,IMPS
TXN-05474,A-0478,A-0214,44972.78,2026-12-19 23:01:21,RTGS
TXN-05475,A-0435,A-0479,37170.14,2025-04-10 08:52:39,RTGS
TXN-05476,A-0221,A-0102,68262.96,2025-08-14 20:55:41,IMPS
TXN-05477,A-0356,A-0345,303810.73,2024-10-02 10:09:00,Cash Deposit
TXN-05478,A-0383,A-0412,454777.11,2024-08-16 01:36:59,UPI
TXN-05479,A-0238,A-0204,459187.96,2025-01-16 20:14:19,UPI
TXN-05480,A-0448,A-0004,3881.06,2025-05-26 23:39:29,UPI
TXN-05481,A-0211,A-0141,13196.44,2024-03-26 09:43:57,RTGS
TXN-05482,A-0358,A-0240,58130.66,2026-03-30 04:42:40,RTGS
TXN-05483,A-0466,A-0285,306741.88,2024-02-11 15:54:04,IMPS
TXN-05484,A-0126,A-0432,40418.51,2026-10-28 21:24:37,IMPS
TXN-05485,A-0332,A-0263,304454.53,2024-10-28 02:32:45,RTGS
TXN-05486,A-0415,A-0058,188191.76,2024-12-13 00:00:10,IMPS
TXN-05487,A-0478,A-0148,158212.87,2024-05-10 19:13:44,UPI
TXN-05488,A-0036,A-0343,365891.9,2026-05-03 15:16:36,UPI
TXN-05489,A-0175,A-0421,306445.3,2024-02-07 22:02:10,Cash Deposit
TXN-05490,A-0380,A-0419,263674.83,2025-11-07 14:02:52,UPI
TXN-05491,A-0038,A-0332,111449.75,2025-04-13 09:12:01,IMPS
TXN-05492,A-0115,A-0427,111492.42,2025-01-11 21:53:07,UPI
TXN-05493,A-0133,A-0300,67525.83,2025-04-20 22:00:34,RTGS
TXN-05494,A-0331,A-0080,183831.72,2024-11-16 07:34:00,RTGS
TXN-05495,A-0436,A-0206,445631.39,2025-05-11 10:05:49,Cash Deposit
TXN-05496,A-0423,A-0493,83577.57,2024-12-08 15:37:33,IMPS
TXN-05497,A-0429,A-0228,381527.48,2024-08-01 21:38:05,NEFT
TXN-05498,A-0293,A-0049,446014.16,2026-05-11 11:34:20,NEFT
TXN-05499,A-0228,A-0346,3229.28,2026-06-24 07:15:09,Cash Deposit
TXN-05500,A-0360,A-0070,117261.65,2025-05-31 00:22:10,IMPS
TXN-05501,A-0269,A-0385,442552.79,2024-03-23 00:27:05,NEFT
TXN-05502,A-0341,A-0490,5098.33,2025-12-28 10:27:34,IMPS
TXN-05503,A-0462,A-0447,211526.04,2026-02-20 16:30:20,UPI
TXN-05504,A-0252,A-0075,457574.33,2026-09-18 18:10:37,IMPS
TXN-05505,A-0387,A-0113,56915.27,2024-11-17 21:02:54,NEFT
TXN-05506,A-0105,A-0326,368046.6,2026-02-24 11:48:50,Cash Deposit
TXN-05507,A-0150,A-0133,293510.18,2024-08-10 09:28:54,UPI
TXN-05508,A-0016,A-0038,1077.46,2026-01-23 22:27:39,RTGS
TXN-05509,A-0094,A-0131,24073.16,2024-01-26 08:39:58,NEFT
TXN-05510,A-0071,A-0492,391174.18,2026-11-04 08:09:07,NEFT
TXN-05511,A-0198,A-0140,192156.73,2025-09-07 13:27:11,NEFT
TXN-05512,A-0012,A-0304,213484.76,2024-04-01 13:47:38,IMPS
TXN-05513,A-0282,A-0028,135742.57,2025-08-10 22:16:45,Cash Deposit
TXN-05514,A-0493,A-0209,204311.54,2025-09-09 11:20:02,IMPS
TXN-05515,A-0035,A-0170,242949.92,2026-08-06 03:25:23,RTGS
TXN-05516,A-0078,A-0356,6816.75,2025-04-19 01:49:54,NEFT
TXN-05517,A-0270,A-0258,289270.39,2025-02-19 10:06:52,NEFT
TXN-05518,A-0467,A-0275,166176.48,2025-06-30 10:48:11,UPI
TXN-05519,A-0244,A-0159,339238.15,2024-12-17 22:29:56,NEFT
TXN-05520,A-0447,A-0279,356069.04,2024-02-11 07:08:41,RTGS
TXN-05521,A-0351,A-0141,495710.7,2025-07-02 01:05:48,UPI
TXN-05522,A-0034,A-0002,265460.69,2025-11-04 15:46:46,RTGS
TXN-05523,A-0478,A-0248,25672.83,2026-08-28 21:44:33,Cash Deposit
TXN-05524,A-0426,A-0132,151084.88,2026-02-10 11:03:46,NEFT
TXN-05525,A-0428,A-0484,291384.49,2024-08-23 14:39:54,RTGS
TXN-05526,A-0311,A-0408,216513.33,2024-12-13 18:12:21,Cash Deposit
TXN-05527,A-0299,A-0415,117359.86,2026-07-18 21:08:38,IMPS
TXN-05528,A-0257,A-0446,216518.95,2025-10-16 22:33:47,NEFT
TXN-05529,A-0437,A-0185,64717.45,2026-08-28 04:33:35,NEFT
TXN-05530,A-0372,A-0044,386853.28,2025-10-08 04:36:42,Cash Deposit
TXN-05531,A-0018,A-0185,143223.46,2026-07-26 21:36:42,UPI
TXN-05532,A-0161,A-0235,60210.54,2025-10-15 19:17:57,UPI
TXN-05533,A-0019,A-0040,154549.99,2026-01-25 11:10:07,IMPS
TXN-05534,A-0033,A-0092,245372.88,2025-06-18 13:30:57,Cash Deposit
TXN-05535,A-0348,A-0292,409782.95,2025-07-03 18:36:19,UPI
TXN-05536,A-0076,A-0411,84456.5,2024-01-09 08:06:35,RTGS
TXN-05537,A-0254,A-0437,473662.09,2024-04-15 16:05:10,RTGS
TXN-05538,A-0440,A-0197,263556.53,2024-05-18 17:25:36,NEFT
TXN-05539,A-0409,A-0077,332862.67,2024-09-29 13:34:59,RTGS
TXN-05540,A-0361,A-0054,226452.42,2026-01-24 13:08:06,NEFT
TXN-05541,A-0092,A-0483,121621.74,2024-10-24 06:42:29,NEFT
TXN-05542,A-0206,A-0453,227003.79,2024-03-16 03:16:49,IMPS
TXN-05543,A-0147,A-0074,479500.06,2026-03-16 22:41:16,RTGS
TXN-05544,A-0267,A-0400,30650.09,2025-02-26 06:05:00,RTGS
TXN-05545,A-0295,A-0423,136646.28,2024-06-12 04:57:11,NEFT
TXN-05546,A-0160,A-0283,310649.02,2025-01-20 23:48:53,UPI
TXN-05547,A-0369,A-0215,135713.32,2024-06-10 18:49:07,IMPS
TXN-05548,A-0208,A-0357,219499.65,2026-09-17 05:13:51,IMPS
TXN-05549,A-0246,A-0101,353739.83,2024-02-17 04:52:17,NEFT
TXN-05550,A-0339,A-0382,145985.52,2025-08-18 20:18:04,Cash Deposit
TXN-05551,A-0041,A-0138,117239.82,2026-03-17 17:08:27,RTGS
TXN-05552,A-0372,A-0371,77377.43,2024-04-09 22:40:27,NEFT
TXN-05553,A-0383,A-0227,261256.53,2024-03-22 04:05:51,NEFT
TXN-05554,A-0249,A-0135,487587.02,2024-01-23 07:03:00,Cash Deposit
TXN-05555,A-0303,A-0148,121261.63,2026-09-05 09:45:41,UPI
TXN-05556,A-0276,A-0272,434277.44,2024-08-13 13:07:21,Cash Deposit
TXN-05557,A-0334,A-0220,187210.46,2026-01-30 03:01:22,UPI
TXN-05558,A-0073,A-0050,472820.51,2026-11-13 14:36:32,IMPS
TXN-05559,A-0312,A-0287,287779.19,2024-10-11 03:07:47,UPI
TXN-05560,A-0187,A-0044,379793.91,2026-08-31 14:51:44,NEFT
TXN-05561,A-0262,A-0210,327253.41,2024-06-30 20:05:28,UPI
TXN-05562,A-0281,A-0180,315550.53,2025-09-08 00:17:04,NEFT
TXN-05563,A-0454,A-0032,488417.95,2025-02-02 05:13:25,NEFT
TXN-05564,A-0190,A-0166,302029.99,2025-11-06 21:28:48,IMPS
TXN-05565,A-0101,A-0306,6022.83,2026-07-08 06:35:30,IMPS
TXN-05566,A-0418,A-0212,318142.97,2024-02-02 00:06:44,IMPS
TXN-05567,A-0436,A-0072,87147.15,2024-01-05 22:04:23,NEFT
TXN-05568,A-0435,A-0186,309261.2,2026-10-04 08:59:09,Cash Deposit
TXN-05569,A-0238,A-0411,401686.98,2024-04-06 16:13:44,UPI
TXN-05570,A-0022,A-0200,371720.92,2024-02-15 03:37:51,UPI
TXN-05571,A-0361,A-0120,68313.05,2024-01-09 08:09:14,NEFT
TXN-05572,A-0342,A-0082,354979.35,2025-05-26 12:55:05,NEFT
TXN-05573,A-0102,A-0353,159656.02,2026-10-08 09:26:45,Cash Deposit
TXN-05574,A-0360,A-0434,19290.01,2025-11-17 14:31:52,NEFT
TXN-05575,A-0200,A-0244,427061.45,2025-09-30 03:38:06,UPI
TXN-05576,A-0435,A-0203,83063.9,2025-03-27 18:30:21,IMPS
TXN-05577,A-0299,A-0465,84259.25,2026-02-22 06:47:38,NEFT
TXN-05578,A-0468,A-0318,139541.52,2026-09-25 05:12:37,RTGS
TXN-05579,A-0419,A-0135,214109.65,2025-03-22 20:49:52,UPI
TXN-05580,A-0306,A-0463,397826.64,2026-02-17 01:58:25,RTGS
TXN-05581,A-0098,A-0298,175258.61,2024-06-11 00:08:54,UPI
TXN-05582,A-0181,A-0323,35332.18,2024-03-04 16:44:17,UPI
TXN-05583,A-0480,A-0495,206413.87,2026-12-23 02:49:10,IMPS
TXN-05584,A-0103,A-0354,352981.67,2025-11-30 20:56:08,RTGS
TXN-05585,A-0186,A-0375,321865.12,2024-05-09 13:17:50,NEFT
TXN-05586,A-0321,A-0437,357450.56,2024-11-13 02:15:22,NEFT
TXN-05587,A-0286,A-0117,136452.88,2026-02-01 08:39:02,IMPS
TXN-05588,A-0328,A-0310,352351.72,2025-11-09 00:19:37,IMPS
TXN-05589,A-0489,A-0495,480743.94,2024-12-14 19:23:09,UPI
TXN-05590,A-0373,A-0416,418369.32,2026-05-03 09:34:35,Cash Deposit
TXN-05591,A-0063,A-0488,329184.99,2025-10-04 16:16:12,RTGS
TXN-05592,A-0298,A-0109,201734.4,2025-01-13 09:45:36,RTGS
TXN-05593,A-0334,A-0205,431273.06,2025-06-28 22:01:50,RTGS
TXN-05594,A-0471,A-0302,383987.56,2026-06-06 07:19:25,RTGS
TXN-05595,A-0333,A-0289,5917.55,2026-04-23 18:31:48,NEFT
TXN-05596,A-0364,A-0216,361089.31,2026-02-11 20:45:29,NEFT
TXN-05597,A-0426,A-0028,155999.42,2024-03-10 11:39:32,Cash Deposit
TXN-05598,A-0144,A-0496,309243.77,2024-12-11 10:28:48,IMPS
TXN-05599,A-0073,A-0380,45640.62,2024-12-31 19:39:55,RTGS
TXN-05600,A-0457,A-0099,182073.3,2024-11-12 12:16:48,NEFT
TXN-05601,A-0193,A-0203,324320.96,2024-05-14 17:38:05,NEFT
TXN-05602,A-0432,A-0225,229559.4,2024-11-17 22:03:03,NEFT
TXN-05603,A-0058,A-0123,345505.02,2026-06-07 22:25:03,RTGS
TXN-05604,A-0202,A-0220,493633.56,2024-02-09 06:07:50,RTGS
TXN-05605,A-0206,A-0118,178144.45,2024-05-31 14:56:35,UPI
TXN-05606,A-0060,A-0365,414419.27,2025-01-04 10:00:52,IMPS
TXN-05607,A-0341,A-0006,490524.44,2025-03-03 11:21:47,UPI
TXN-05608,A-0455,A-0246,332587.41,2026-05-05 00:08:49,RTGS
TXN-05609,A-0250,A-0059,238935.34,2025-02-14 18:12:12,RTGS
TXN-05610,A-0111,A-0267,11511.29,2026-02-14 10:50:15,Cash Deposit
TXN-05611,A-0421,A-0016,22137.95,2025-07-10 05:30:49,RTGS
TXN-05612,A-0484,A-0436,360649.1,2026-05-17 14:43:08,Cash Deposit
TXN-05613,A-0381,A-0272,182220.26,2026-05-07 06:51:55,RTGS
TXN-05614,A-0352,A-0138,351422.56,2025-05-25 00:29:56,UPI
TXN-05615,A-0408,A-0077,302398.15,2024-09-22 14:06:48,UPI
TXN-05616,A-0167,A-0125,406390.2,2025-10-24 09:09:12,UPI
TXN-05617,A-0259,A-0242,478608.44,2024-01-27 23:31:46,IMPS
TXN-05618,A-0386,A-0021,33106.39,2024-11-28 05:20:15,Cash Deposit
TXN-05619,A-0443,A-0072,433086.36,2026-02-06 22:36:22,NEFT
TXN-05620,A-0442,A-0093,353359.0,2025-07-16 00:19:01,RTGS
TXN-05621,A-0430,A-0487,8706.25,2025-08-26 23:06:39,Cash Deposit
TXN-05622,A-0151,A-0294,121865.72,2025-02-11 19:19:31,UPI
TXN-05623,A-0209,A-0072,160519.97,2025-05-11 05:17:52,NEFT
TXN-05624,A-0262,A-0256,469393.49,2025-07-19 11:13:20,UPI
TXN-05625,A-0072,A-0292,105763.47,2024-08-18 07:09:38,NEFT
TXN-05626,A-0246,A-0217,293346.14,2024-02-11 07:32:11,NEFT
TXN-05627,A-0408,A-0064,400027.76,2024-07-30 14:57:19,RTGS
TXN-05628,A-0386,A-0020,469544.63,2026-03-06 09:23:35,RTGS
TXN-05629,A-0191,A-0405,69844.18,2025-11-10 02:17:45,RTGS
TXN-05630,A-0260,A-0218,427470.36,2026-04-06 08:35:37,RTGS
TXN-05631,A-0350,A-0016,488376.84,2025-10-23 18:30:49,UPI
TXN-05632,A-0315,A-0232,14957.16,2026-03-11 21:16:58,IMPS
TXN-05633,A-0481,A-0193,12027.63,2025-02-13 11:30:20,Cash Deposit
TXN-05634,A-0120,A-0491,411533.65,2024-08-11 19:56:07,IMPS
TXN-05635,A-0455,A-0319,229976.33,2025-04-28 17:02:06,NEFT
TXN-05636,A-0112,A-0180,22739.71,2025-06-11 23:11:53,IMPS
TXN-05637,A-0469,A-0336,455070.84,2025-05-14 07:02:09,IMPS
TXN-05638,A-0348,A-0322,425759.08,2025-05-22 07:10:35,IMPS
TXN-05639,A-0447,A-0010,375538.78,2026-03-16 20:57:59,IMPS
TXN-05640,A-0443,A-0156,365800.92,2025-05-13 07:56:24,RTGS
TXN-05641,A-0011,A-0083,249752.66,2025-10-25 09:40:35,UPI
TXN-05642,A-0340,A-0468,487535.04,2024-12-26 17:14:01,UPI
TXN-05643,A-0424,A-0403,125933.87,2026-03-17 13:45:01,IMPS
TXN-05644,A-0283,A-0187,396066.08,2026-04-12 17:34:40,Cash Deposit
TXN-05645,A-0264,A-0306,374567.94,2024-12-15 14:30:00,RTGS
TXN-05646,A-0183,A-0367,74142.55,2025-10-09 04:00:37,UPI
TXN-05647,A-0379,A-0049,357988.51,2024-07-30 19:12:14,Cash Deposit
TXN-05648,A-0029,A-0203,6495.23,2025-04-08 18:05:16,IMPS
TXN-05649,A-0173,A-0158,355523.7,2026-01-01 14:54:39,UPI
TXN-05650,A-0172,A-0140,88369.79,2024-07-01 10:07:56,NEFT
TXN-05651,A-0358,A-0495,486324.05,2026-05-06 02:45:59,IMPS
TXN-05652,A-0011,A-0312,112765.73,2025-09-16 04:32:57,RTGS
TXN-05653,A-0088,A-0080,32613.1,2025-12-27 18:44:23,UPI
TXN-05654,A-0044,A-0326,335814.01,2024-01-19 03:58:16,RTGS
TXN-05655,A-0013,A-0177,363751.42,2024-03-12 11:01:19,NEFT
TXN-05656,A-0343,A-0278,152871.58,2024-07-27 15:16:45,IMPS
TXN-05657,A-0259,A-0353,373946.96,2024-03-12 23:37:19,UPI
TXN-05658,A-0018,A-0325,454621.48,2026-03-23 08:14:44,IMPS
TXN-05659,A-0052,A-0297,199720.07,2026-10-02 05:12:49,IMPS
TXN-05660,A-0363,A-0140,208426.07,2026-01-01 11:35:36,RTGS
TXN-05661,A-0082,A-0149,278824.67,2026-10-08 15:12:25,IMPS
TXN-05662,A-0479,A-0274,294808.74,2025-06-02 12:59:59,NEFT
TXN-05663,A-0077,A-0025,60974.57,2026-01-28 01:34:54,UPI
TXN-05664,A-0197,A-0012,214227.86,2024-02-15 05:05:45,IMPS
TXN-05665,A-0346,A-0300,229418.12,2026-06-12 17:19:14,Cash Deposit
TXN-05666,A-0222,A-0380,88794.63,2024-09-05 21:15:58,NEFT
TXN-05667,A-0297,A-0419,124205.81,2026-08-12 14:37:40,Cash Deposit
TXN-05668,A-0175,A-0178,311598.28,2026-01-09 16:07:21,IMPS
TXN-05669,A-0371,A-0119,95124.71,2024-07-31 21:42:59,Cash Deposit
TXN-05670,A-0196,A-0228,200436.0,2024-07-07 03:20:05,IMPS
TXN-05671,A-0104,A-0172,491251.91,2025-01-01 04:55:23,NEFT
TXN-05672,A-0498,A-0391,431238.22,2026-03-25 06:04:34,RTGS
TXN-05673,A-0333,A-0042,292632.47,2026-09-02 23:12:48,Cash Deposit
TXN-05674,A-0175,A-0311,227297.97,2025-05-26 22:46:25,NEFT
TXN-05675,A-0245,A-0182,39353.64,2024-07-21 07:53:17,IMPS
TXN-05676,A-0267,A-0380,431500.19,2026-02-15 05:11:41,Cash Deposit
TXN-05677,A-0038,A-0500,286109.94,2025-02-24 19:05:24,IMPS
TXN-05678,A-0244,A-0342,168357.78,2026-08-12 20:09:59,UPI
TXN-05679,A-0228,A-0300,123434.41,2025-06-16 12:35:02,NEFT
TXN-05680,A-0141,A-0044,474905.5,2024-07-30 06:43:31,Cash Deposit
TXN-05681,A-0154,A-0422,323569.93,2026-04-12 06:35:31,RTGS
TXN-05682,A-0166,A-0026,199834.47,2026-02-07 20:52:33,NEFT
TXN-05683,A-0369,A-0443,477818.14,2024-01-13 14:27:49,IMPS
TXN-05684,A-0236,A-0158,185593.62,2024-01-12 12:23:51,UPI
TXN-05685,A-0115,A-0244,62466.77,2025-10-08 00:27:05,Cash Deposit
TXN-05686,A-0001,A-0166,373225.65,2026-01-16 17:48:51,IMPS
TXN-05687,A-0436,A-0246,334224.86,2026-11-07 16:13:55,NEFT
TXN-05688,A-0119,A-0246,234710.5,2024-12-27 20:14:21,NEFT
TXN-05689,A-0186,A-0251,179205.68,2026-03-31 18:52:57,IMPS
TXN-05690,A-0078,A-0320,106404.03,2026-04-26 12:39:13,RTGS
TXN-05691,A-0438,A-0297,156711.35,2024-05-05 22:34:09,Cash Deposit
TXN-05692,A-0042,A-0255,439556.76,2026-06-17 09:14:34,UPI
TXN-05693,A-0217,A-0270,141724.3,2026-05-15 17:45:59,IMPS
TXN-05694,A-0270,A-0290,344922.85,2026-03-18 04:19:56,IMPS
TXN-05695,A-0434,A-0053,9174.08,2026-06-04 00:31:01,UPI
TXN-05696,A-0131,A-0146,368340.55,2025-02-21 13:14:33,NEFT
TXN-05697,A-0442,A-0176,24096.2,2024-08-05 00:04:07,Cash Deposit
TXN-05698,A-0018,A-0405,216112.28,2026-07-03 22:50:26,NEFT
TXN-05699,A-0463,A-0368,111438.96,2025-06-27 13:20:15,UPI
TXN-05700,A-0336,A-0415,95055.08,2026-07-27 23:10:49,UPI
TXN-05701,A-0185,A-0080,378585.38,2026-09-09 10:03:28,NEFT
TXN-05702,A-0380,A-0044,61156.45,2024-10-16 19:34:00,NEFT
TXN-05703,A-0490,A-0031,394950.12,2025-08-29 08:46:30,RTGS
TXN-05704,A-0029,A-0062,490582.07,2024-04-22 19:40:01,IMPS
TXN-05705,A-0395,A-0097,53858.49,2026-07-18 10:49:25,NEFT
TXN-05706,A-0372,A-0214,464272.85,2024-02-06 00:53:40,Cash Deposit
TXN-05707,A-0324,A-0448,171581.94,2026-06-18 09:42:09,RTGS
TXN-05708,A-0198,A-0038,317809.92,2026-12-05 20:44:44,IMPS
TXN-05709,A-0067,A-0388,75672.74,2024-03-01 13:56:47,IMPS
TXN-05710,A-0275,A-0274,65366.0,2026-07-24 18:16:46,UPI
TXN-05711,A-0430,A-0083,487856.47,2024-10-20 12:41:44,Cash Deposit
TXN-05712,A-0179,A-0408,77941.9,2025-10-13 05:26:09,IMPS
TXN-05713,A-0097,A-0415,31543.46,2025-08-10 19:04:15,UPI
TXN-05714,A-0090,A-0489,172383.62,2025-12-23 03:43:42,UPI
TXN-05715,A-0201,A-0425,169878.46,2024-05-08 21:55:54,IMPS
TXN-05716,A-0210,A-0235,298949.91,2024-11-06 06:54:13,IMPS
TXN-05717,A-0491,A-0156,183857.37,2024-08-05 19:53:49,UPI
TXN-05718,A-0228,A-0036,251712.1,2024-06-07 07:33:06,NEFT
TXN-05719,A-0430,A-0335,130490.61,2025-12-07 02:25:50,NEFT
TXN-05720,A-0185,A-0149,184112.75,2026-08-02 14:33:10,IMPS
TXN-05721,A-0275,A-0356,385450.63,2025-10-23 10:52:52,Cash Deposit
TXN-05722,A-0210,A-0092,485045.41,2024-01-04 15:29:48,NEFT
TXN-05723,A-0362,A-0332,438669.11,2025-08-04 18:34:52,Cash Deposit
TXN-05724,A-0109,A-0234,54739.19,2024-02-04 06:44:11,RTGS
TXN-05725,A-0245,A-0201,413657.55,2024-09-04 17:25:19,NEFT
TXN-05726,A-0071,A-0406,360350.59,2026-05-12 11:02:44,UPI
TXN-05727,A-0247,A-0082,181539.62,2025-01-14 13:06:33,IMPS
TXN-05728,A-0179,A-0284,11629.59,2026-11-07 11:56:56,RTGS
TXN-05729,A-0093,A-0300,46844.76,2024-02-01 22:15:56,UPI
TXN-05730,A-0029,A-0088,434743.47,2026-02-14 08:55:57,RTGS
TXN-05731,A-0349,A-0021,301150.47,2024-01-27 03:43:09,UPI
TXN-05732,A-0230,A-0369,474812.21,2025-04-22 20:39:35,RTGS
TXN-05733,A-0388,A-0286,689.21,2025-05-21 11:06:50,NEFT
TXN-05734,A-0308,A-0019,226585.82,2026-05-17 00:01:53,Cash Deposit
TXN-05735,A-0428,A-0446,468358.7,2024-05-14 19:24:37,Cash Deposit
TXN-05736,A-0091,A-0416,95155.77,2026-09-22 01:44:10,IMPS
TXN-05737,A-0029,A-0347,472992.89,2026-02-01 19:51:11,RTGS
TXN-05738,A-0378,A-0087,125476.17,2024-03-29 06:14:30,Cash Deposit
TXN-05739,A-0344,A-0393,414653.27,2025-08-05 22:51:46,NEFT
TXN-05740,A-0315,A-0324,90734.36,2026-08-22 10:34:38,IMPS
TXN-05741,A-0252,A-0304,5280.57,2026-11-11 08:03:15,NEFT
TXN-05742,A-0054,A-0141,254333.3,2025-10-19 07:27:34,NEFT
TXN-05743,A-0123,A-0087,359415.89,2024-07-04 07:52:04,UPI
TXN-05744,A-0036,A-0433,387721.96,2025-03-23 19:59:28,RTGS
TXN-05745,A-0397,A-0084,233367.94,2024-10-06 14:27:50,NEFT
TXN-05746,A-0127,A-0176,32412.38,2026-05-10 03:39:22,IMPS
TXN-05747,A-0099,A-0211,245578.3,2024-07-20 10:17:50,IMPS
TXN-05748,A-0199,A-0071,271786.67,2026-07-05 20:18:17,NEFT
TXN-05749,A-0183,A-0174,462869.93,2025-03-04 02:34:34,IMPS
TXN-05750,A-0150,A-0448,300038.21,2025-09-22 14:12:32,IMPS
TXN-05751,A-0264,A-0270,196271.25,2025-02-15 12:13:49,IMPS
TXN-05752,A-0251,A-0051,322176.97,2026-05-31 20:08:25,UPI
TXN-05753,A-0055,A-0440,43499.36,2026-08-24 16:39:47,RTGS
TXN-05754,A-0378,A-0222,130533.33,2026-03-14 13:21:15,Cash Deposit
TXN-05755,A-0186,A-0475,73204.78,2024-02-24 01:53:03,IMPS
TXN-05756,A-0207,A-0371,149736.46,2025-09-12 03:02:03,UPI
TXN-05757,A-0242,A-0233,428194.49,2024-08-13 09:11:01,UPI
TXN-05758,A-0364,A-0012,122871.52,2025-10-12 11:11:41,UPI
TXN-05759,A-0098,A-0227,117313.98,2024-07-24 18:27:29,IMPS
TXN-05760,A-0457,A-0467,286715.26,2026-10-02 21:10:05,NEFT
TXN-05761,A-0313,A-0053,436710.98,2024-04-30 19:54:31,Cash Deposit
TXN-05762,A-0229,A-0278,474245.88,2026-01-30 18:27:59,IMPS
TXN-05763,A-0313,A-0411,87548.23,2024-06-24 22:27:22,RTGS
TXN-05764,A-0346,A-0347,390527.78,2024-11-01 04:17:16,Cash Deposit
TXN-05765,A-0223,A-0428,468692.18,2026-05-28 02:06:48,NEFT
TXN-05766,A-0497,A-0273,245753.33,2025-04-27 09:31:33,RTGS
TXN-05767,A-0221,A-0077,211293.35,2026-04-18 09:59:28,UPI
TXN-05768,A-0370,A-0203,326094.38,2024-08-31 12:05:03,UPI
TXN-05769,A-0035,A-0273,169088.31,2026-04-22 00:47:01,NEFT
TXN-05770,A-0168,A-0018,249665.37,2024-01-27 23:52:30,Cash Deposit
TXN-05771,A-0036,A-0488,11324.42,2024-07-16 09:17:09,Cash Deposit
TXN-05772,A-0221,A-0232,150952.42,2024-02-11 08:25:30,Cash Deposit
TXN-05773,A-0011,A-0018,198035.36,2026-11-02 04:46:38,NEFT
TXN-05774,A-0248,A-0483,395438.01,2025-09-06 14:55:22,Cash Deposit
TXN-05775,A-0078,A-0070,321014.52,2025-12-12 01:34:28,IMPS
TXN-05776,A-0235,A-0223,281971.82,2024-12-09 03:24:33,RTGS
TXN-05777,A-0378,A-0125,285437.62,2025-03-19 11:37:19,UPI
TXN-05778,A-0039,A-0202,282856.38,2026-11-04 09:16:29,UPI
TXN-05779,A-0227,A-0034,241944.17,2024-09-19 13:09:45,UPI
TXN-05780,A-0053,A-0235,148175.14,2024-06-07 09:11:51,UPI
TXN-05781,A-0448,A-0099,268557.09,2025-08-07 06:28:47,Cash Deposit
TXN-05782,A-0164,A-0434,101103.31,2026-04-08 16:05:51,UPI
TXN-05783,A-0375,A-0055,232816.74,2024-04-06 04:32:52,Cash Deposit
TXN-05784,A-0002,A-0473,306282.72,2025-01-08 16:01:21,NEFT
TXN-05785,A-0213,A-0039,18846.08,2025-12-05 10:05:12,RTGS
TXN-05786,A-0263,A-0469,301220.41,2026-01-20 14:35:31,UPI
TXN-05787,A-0003,A-0118,279959.7,2025-02-17 10:51:34,UPI
TXN-05788,A-0031,A-0125,319844.37,2025-01-26 11:21:49,NEFT
TXN-05789,A-0394,A-0294,317734.12,2025-01-21 04:01:43,IMPS
TXN-05790,A-0370,A-0067,216973.1,2024-10-22 03:23:10,RTGS
TXN-05791,A-0257,A-0050,368021.93,2024-06-22 13:08:50,Cash Deposit
TXN-05792,A-0398,A-0387,193812.03,2024-07-03 07:13:20,Cash Deposit
TXN-05793,A-0341,A-0268,413810.85,2025-11-30 09:00:00,Cash Deposit
TXN-05794,A-0311,A-0075,444357.83,2024-05-01 14:12:16,RTGS
TXN-05795,A-0462,A-0196,261246.41,2024-09-30 09:30:18,Cash Deposit
TXN-05796,A-0416,A-0387,246625.36,2025-01-16 22:19:24,NEFT
TXN-05797,A-0035,A-0048,406748.95,2025-11-01 18:45:16,IMPS
TXN-05798,A-0026,A-0276,139687.26,2025-08-20 07:44:59,NEFT
TXN-05799,A-0048,A-0442,47821.78,2024-08-28 05:49:43,RTGS
TXN-05800,A-0442,A-0497,262764.29,2025-01-09 19:34:55,NEFT
TXN-05801,A-0301,A-0049,155675.68,2025-06-15 12:44:01,Cash Deposit
TXN-05802,A-0023,A-0331,456676.16,2025-10-17 10:16:50,NEFT
TXN-05803,A-0091,A-0048,294880.94,2024-11-11 11:40:33,IMPS
TXN-05804,A-0335,A-0416,70754.99,2025-08-23 07:00:03,IMPS
TXN-05805,A-0150,A-0363,92157.41,2025-03-16 22:12:02,UPI
TXN-05806,A-0239,A-0264,165498.18,2024-08-12 00:53:43,UPI
TXN-05807,A-0430,A-0281,372230.2,2025-07-06 01:54:58,UPI
TXN-05808,A-0208,A-0322,122412.25,2026-08-02 05:50:57,NEFT
TXN-05809,A-0206,A-0300,50377.15,2025-05-15 13:33:05,UPI
TXN-05810,A-0238,A-0112,31936.82,2026-11-16 13:37:02,NEFT
TXN-05811,A-0148,A-0322,212400.49,2025-03-10 13:09:33,RTGS
TXN-05812,A-0147,A-0037,446641.64,2025-12-07 10:28:34,UPI
TXN-05813,A-0456,A-0316,48214.64,2025-09-09 15:15:06,IMPS
TXN-05814,A-0189,A-0164,397056.01,2026-04-19 07:06:49,RTGS
TXN-05815,A-0391,A-0020,242472.26,2024-09-03 18:56:36,UPI
TXN-05816,A-0368,A-0167,405796.56,2024-07-02 08:15:53,UPI
TXN-05817,A-0003,A-0203,18196.43,2025-01-22 10:48:16,Cash Deposit
TXN-05818,A-0410,A-0050,462879.42,2024-12-24 23:30:03,RTGS
TXN-05819,A-0085,A-0194,382069.09,2024-10-31 08:17:50,Cash Deposit
TXN-05820,A-0057,A-0279,219824.73,2024-08-15 13:19:06,Cash Deposit
TXN-05821,A-0227,A-0209,101159.12,2025-08-11 04:47:51,RTGS
TXN-05822,A-0366,A-0257,226718.19,2025-10-09 01:20:47,RTGS
TXN-05823,A-0362,A-0016,187353.44,2025-09-21 16:46:39,NEFT
TXN-05824,A-0101,A-0388,417740.91,2024-01-20 08:51:28,IMPS
TXN-05825,A-0324,A-0451,89527.1,2024-02-10 03:50:09,NEFT
TXN-05826,A-0292,A-0003,376945.62,2024-04-13 03:46:05,NEFT
TXN-05827,A-0414,A-0137,53539.91,2025-04-27 10:11:59,IMPS
TXN-05828,A-0352,A-0260,42315.33,2024-11-05 05:03:46,NEFT
TXN-05829,A-0443,A-0043,52204.43,2026-01-29 02:46:05,RTGS
TXN-05830,A-0277,A-0456,271336.41,2024-01-01 21:59:51,IMPS
TXN-05831,A-0475,A-0026,401008.8,2026-03-05 14:49:28,RTGS
TXN-05832,A-0404,A-0361,198161.4,2025-04-08 12:27:00,UPI
TXN-05833,A-0364,A-0139,274470.59,2024-04-29 00:53:16,UPI
TXN-05834,A-0155,A-0346,445419.79,2025-12-18 04:41:38,RTGS
TXN-05835,A-0201,A-0006,296537.56,2026-04-04 19:30:25,UPI
TXN-05836,A-0248,A-0379,246327.24,2025-09-20 09:32:33,UPI
TXN-05837,A-0475,A-0247,334321.01,2025-05-30 21:51:00,IMPS
TXN-05838,A-0089,A-0072,466415.44,2025-08-30 22:06:54,IMPS
TXN-05839,A-0339,A-0311,445218.14,2026-06-25 14:31:38,RTGS
TXN-05840,A-0062,A-0194,224680.49,2024-03-01 01:43:27,RTGS
TXN-05841,A-0148,A-0043,339716.5,2026-05-06 11:51:56,Cash Deposit
TXN-05842,A-0014,A-0384,63448.57,2024-05-29 12:40:49,RTGS
TXN-05843,A-0179,A-0027,378613.67,2026-05-05 08:54:47,IMPS
TXN-05844,A-0153,A-0057,263115.99,2026-06-06 16:08:58,IMPS
TXN-05845,A-0114,A-0014,157291.35,2025-07-20 11:04:54,Cash Deposit
TXN-05846,A-0399,A-0453,289550.53,2025-12-07 23:28:10,UPI
TXN-05847,A-0285,A-0482,420614.8,2026-04-06 08:52:33,IMPS
TXN-05848,A-0388,A-0369,159669.54,2025-03-04 07:14:20,RTGS
TXN-05849,A-0476,A-0336,434922.71,2025-12-23 03:16:10,NEFT
TXN-05850,A-0463,A-0238,461860.62,2025-06-16 18:38:58,UPI
TXN-05851,A-0197,A-0074,265310.01,2026-05-11 22:44:10,NEFT
TXN-05852,A-0468,A-0478,214093.83,2024-02-20 12:22:10,Cash Deposit
TXN-05853,A-0004,A-0171,439083.07,2025-01-31 05:19:33,UPI
TXN-05854,A-0296,A-0237,187681.68,2025-07-11 14:36:52,Cash Deposit
TXN-05855,A-0106,A-0498,186316.97,2026-12-23 05:23:15,RTGS
TXN-05856,A-0024,A-0081,319056.78,2026-12-13 16:09:35,UPI
TXN-05857,A-0414,A-0358,396581.55,2026-06-18 15:02:26,UPI
TXN-05858,A-0114,A-0260,65522.47,2024-08-26 00:46:58,UPI
TXN-05859,A-0279,A-0256,88015.57,2025-09-29 01:11:05,RTGS
TXN-05860,A-0302,A-0299,166740.83,2025-04-21 15:16:39,UPI
TXN-05861,A-0022,A-0378,305350.48,2025-05-25 02:20:31,RTGS
TXN-05862,A-0162,A-0234,262125.62,2024-11-21 11:32:09,NEFT
TXN-05863,A-0095,A-0010,188862.5,2026-11-15 23:19:27,NEFT
TXN-05864,A-0413,A-0028,146817.83,2026-07-18 18:08:42,RTGS
TXN-05865,A-0499,A-0200,177084.28,2024-04-08 06:32:41,Cash Deposit
TXN-05866,A-0458,A-0119,475998.53,2026-08-30 18:30:36,UPI
TXN-05867,A-0426,A-0354,27026.44,2026-03-05 21:25:35,RTGS
TXN-05868,A-0225,A-0077,86398.66,2026-06-23 08:50:52,RTGS
TXN-05869,A-0190,A-0191,295003.02,2026-10-05 16:48:34,Cash Deposit
TXN-05870,A-0137,A-0285,261372.38,2025-06-05 00:01:32,NEFT
TXN-05871,A-0385,A-0421,208781.75,2025-01-04 19:04:43,RTGS
TXN-05872,A-0271,A-0065,204586.43,2026-06-18 05:21:45,UPI
TXN-05873,A-0194,A-0174,254856.07,2026-09-06 15:47:19,RTGS
TXN-05874,A-0465,A-0308,73847.91,2026-06-12 17:08:05,NEFT
TXN-05875,A-0420,A-0442,409041.78,2025-09-21 03:48:25,RTGS
TXN-05876,A-0237,A-0257,461089.08,2026-04-04 18:26:27,IMPS
TXN-05877,A-0087,A-0270,341161.83,2026-09-30 18:36:36,NEFT
TXN-05878,A-0168,A-0412,444030.14,2026-12-11 14:23:46,NEFT
TXN-05879,A-0356,A-0152,179093.13,2024-09-06 22:03:11,UPI
TXN-05880,A-0321,A-0187,237837.68,2026-08-26 02:31:32,NEFT
TXN-05881,A-0207,A-0292,419247.69,2026-02-18 16:50:56,RTGS
TXN-05882,A-0290,A-0071,214311.29,2026-01-06 17:40:55,IMPS
TXN-05883,A-0171,A-0438,132020.54,2025-11-19 02:24:16,IMPS
TXN-05884,A-0311,A-0301,33055.7,2026-11-01 08:21:06,NEFT
TXN-05885,A-0030,A-0305,79569.66,2025-12-08 08:19:51,RTGS
TXN-05886,A-0296,A-0448,436154.13,2025-04-30 03:51:25,IMPS
TXN-05887,A-0352,A-0128,332491.16,2024-04-05 11:54:32,Cash Deposit
TXN-05888,A-0393,A-0408,272170.34,2026-01-24 09:34:27,NEFT
TXN-05889,A-0343,A-0258,249970.98,2024-04-01 15:28:55,RTGS
TXN-05890,A-0054,A-0253,182160.1,2025-08-05 06:18:52,UPI
TXN-05891,A-0263,A-0440,233405.99,2026-05-22 22:43:08,IMPS
TXN-05892,A-0342,A-0211,51049.88,2026-02-13 17:16:01,Cash Deposit
TXN-05893,A-0336,A-0187,427858.67,2024-09-13 10:55:50,UPI
TXN-05894,A-0315,A-0234,188491.18,2025-12-19 18:49:23,NEFT
TXN-05895,A-0336,A-0400,463330.34,2025-04-16 09:57:36,IMPS
TXN-05896,A-0341,A-0298,494082.88,2026-01-15 01:32:59,IMPS
TXN-05897,A-0157,A-0442,422694.99,2024-05-11 19:38:38,UPI
TXN-05898,A-0005,A-0379,97227.06,2026-05-28 01:19:18,Cash Deposit
TXN-05899,A-0484,A-0399,119618.18,2026-11-29 11:11:03,Cash Deposit
TXN-05900,A-0120,A-0431,200030.5,2025-07-20 19:09:31,IMPS
TXN-05901,A-0369,A-0220,255610.38,2025-10-17 19:51:19,Cash Deposit
TXN-05902,A-0309,A-0416,410920.09,2025-01-30 10:37:54,IMPS
TXN-05903,A-0284,A-0202,355329.27,2025-05-23 19:45:41,UPI
TXN-05904,A-0103,A-0244,261078.07,2024-02-03 16:06:32,UPI
TXN-05905,A-0118,A-0443,382887.93,2025-01-24 01:52:46,UPI
TXN-05906,A-0144,A-0034,75357.89,2024-08-17 18:26:08,Cash Deposit
TXN-05907,A-0324,A-0029,389139.54,2026-06-02 01:34:35,RTGS
TXN-05908,A-0086,A-0476,309766.8,2024-06-14 17:15:02,Cash Deposit
TXN-05909,A-0140,A-0427,10608.78,2026-03-28 18:11:51,IMPS
TXN-05910,A-0450,A-0255,578.28,2025-09-03 06:08:53,UPI
TXN-05911,A-0332,A-0032,440997.98,2026-12-27 01:22:07,UPI
TXN-05912,A-0033,A-0271,469876.48,2024-11-07 15:13:54,Cash Deposit
TXN-05913,A-0095,A-0032,307699.78,2024-08-29 04:25:40,UPI
TXN-05914,A-0406,A-0197,375105.72,2026-09-10 00:10:11,RTGS
TXN-05915,A-0021,A-0299,82035.69,2024-04-20 11:12:34,NEFT
TXN-05916,A-0488,A-0210,352166.66,2026-04-27 08:08:00,IMPS
TXN-05917,A-0206,A-0159,317558.82,2025-11-24 01:18:05,IMPS
TXN-05918,A-0397,A-0018,340278.24,2026-09-07 21:32:54,NEFT
TXN-05919,A-0330,A-0180,8164.98,2024-10-16 04:34:45,UPI
TXN-05920,A-0491,A-0117,13468.99,2025-10-31 04:44:29,Cash Deposit
TXN-05921,A-0462,A-0135,284141.06,2025-05-23 12:30:42,NEFT
TXN-05922,A-0188,A-0216,255075.68,2024-09-07 23:27:43,NEFT
TXN-05923,A-0353,A-0423,62592.66,2026-08-20 01:27:26,IMPS
TXN-05924,A-0233,A-0431,155779.64,2026-09-10 11:08:32,Cash Deposit
TXN-05925,A-0469,A-0453,58956.28,2026-05-17 05:32:20,IMPS
TXN-05926,A-0373,A-0289,339780.57,2026-11-19 11:08:12,RTGS
TXN-05927,A-0421,A-0358,323138.08,2025-07-05 17:28:14,Cash Deposit
TXN-05928,A-0328,A-0386,481819.85,2025-04-02 15:20:16,UPI
TXN-05929,A-0253,A-0347,276808.67,2025-10-21 13:40:28,NEFT
TXN-05930,A-0345,A-0432,423217.26,2026-03-29 19:28:21,UPI
TXN-05931,A-0450,A-0394,470614.67,2025-06-12 04:15:43,IMPS
TXN-05932,A-0338,A-0016,148060.62,2024-06-25 23:06:56,Cash Deposit
TXN-05933,A-0008,A-0007,430264.98,2025-07-31 00:35:41,Cash Deposit
TXN-05934,A-0098,A-0329,167384.58,2025-04-10 16:40:10,UPI
TXN-05935,A-0053,A-0327,313061.42,2024-12-14 19:11:42,UPI
TXN-05936,A-0118,A-0062,105471.95,2026-12-04 18:46:52,IMPS
TXN-05937,A-0169,A-0230,210270.3,2024-03-14 03:17:34,UPI
TXN-05938,A-0219,A-0045,148924.91,2026-01-27 20:52:21,NEFT
TXN-05939,A-0178,A-0355,376070.69,2025-05-26 11:49:45,IMPS
TXN-05940,A-0122,A-0231,150652.69,2024-01-29 22:19:26,UPI
TXN-05941,A-0427,A-0363,312010.63,2026-03-05 13:00:58,RTGS
TXN-05942,A-0301,A-0462,329938.18,2025-10-25 23:42:56,IMPS
TXN-05943,A-0002,A-0282,291189.24,2024-01-25 21:19:00,RTGS
TXN-05944,A-0311,A-0080,408933.22,2026-11-27 05:06:05,IMPS
TXN-05945,A-0409,A-0157,495018.09,2026-05-22 06:53:01,RTGS
TXN-05946,A-0121,A-0312,68792.81,2026-09-07 17:24:31,IMPS
TXN-05947,A-0059,A-0278,97113.32,2026-10-22 08:19:49,RTGS
TXN-05948,A-0172,A-0125,492118.76,2025-09-10 21:21:03,UPI
TXN-05949,A-0092,A-0411,298885.43,2026-03-06 08:11:03,Cash Deposit
TXN-05950,A-0148,A-0304,147653.51,2025-03-24 13:24:14,RTGS
TXN-05951,A-0317,A-0332,223998.24,2026-09-21 00:26:35,IMPS
TXN-05952,A-0149,A-0186,273512.66,2025-01-25 19:25:08,NEFT
TXN-05953,A-0080,A-0124,282889.1,2025-07-10 01:05:56,Cash Deposit
TXN-05954,A-0018,A-0397,160667.5,2026-10-25 20:37:07,Cash Deposit
TXN-05955,A-0439,A-0157,72531.76,2025-03-11 19:09:27,Cash Deposit
TXN-05956,A-0271,A-0077,176694.26,2024-11-21 16:03:00,RTGS
TXN-05957,A-0477,A-0232,439362.93,2026-02-09 19:05:38,Cash Deposit
TXN-05958,A-0295,A-0284,418827.84,2024-05-20 01:39:07,UPI
TXN-05959,A-0355,A-0119,218741.6,2024-08-11 11:10:12,NEFT
TXN-05960,A-0298,A-0426,488865.98,2025-03-24 07:24:13,RTGS
TXN-05961,A-0193,A-0381,179346.37,2025-03-19 09:38:56,Cash Deposit
TXN-05962,A-0087,A-0115,327075.11,2026-02-26 09:01:55,NEFT
TXN-05963,A-0269,A-0170,447074.89,2026-10-26 10:28:03,RTGS
TXN-05964,A-0279,A-0038,129367.14,2024-08-04 23:17:33,IMPS
TXN-05965,A-0250,A-0185,112096.13,2026-12-17 16:42:58,RTGS
TXN-05966,A-0453,A-0210,183827.02,2026-12-13 01:04:57,Cash Deposit
TXN-05967,A-0155,A-0161,167003.93,2024-07-16 04:29:17,IMPS
TXN-05968,A-0237,A-0418,370481.6,2024-06-01 19:11:37,UPI
TXN-05969,A-0415,A-0473,19770.43,2024-02-08 23:47:52,NEFT
TXN-05970,A-0001,A-0461,170805.08,2024-04-17 08:56:04,NEFT
TXN-05971,A-0440,A-0338,485576.49,2026-08-30 11:49:03,Cash Deposit
TXN-05972,A-0326,A-0089,111319.75,2026-12-21 14:17:47,IMPS
TXN-05973,A-0320,A-0157,494954.15,2026-10-05 18:22:23,NEFT
TXN-05974,A-0218,A-0468,448145.22,2024-03-17 01:31:10,RTGS
TXN-05975,A-0259,A-0156,179719.67,2026-01-25 23:29:52,RTGS
TXN-05976,A-0095,A-0413,148203.0,2026-10-29 02:34:30,Cash Deposit
TXN-05977,A-0323,A-0052,419804.2,2026-08-11 06:05:54,Cash Deposit
TXN-05978,A-0016,A-0043,257298.37,2024-08-27 07:37:57,Cash Deposit
TXN-05979,A-0400,A-0065,337408.44,2024-08-20 17:38:21,RTGS
TXN-05980,A-0126,A-0207,303710.69,2024-01-05 15:47:17,Cash Deposit
TXN-05981,A-0435,A-0276,390549.59,2026-10-31 09:57:04,RTGS
TXN-05982,A-0253,A-0300,121575.11,2025-08-12 22:12:07,Cash Deposit
TXN-05983,A-0100,A-0102,15038.56,2024-10-01 04:43:51,NEFT
TXN-05984,A-0143,A-0363,488897.49,2024-03-04 16:52:47,Cash Deposit
TXN-05985,A-0146,A-0112,339511.82,2025-11-18 18:34:04,Cash Deposit
TXN-05986,A-0293,A-0109,483752.78,2024-09-18 18:18:07,IMPS
TXN-05987,A-0490,A-0360,68857.35,2025-05-18 10:32:42,UPI
TXN-05988,A-0495,A-0416,81840.85,2025-11-08 00:36:43,UPI
TXN-05989,A-0418,A-0299,21006.25,2024-01-11 12:51:09,NEFT
TXN-05990,A-0364,A-0437,28894.51,2025-08-06 12:39:57,Cash Deposit
TXN-05991,A-0416,A-0120,304243.51,2026-02-02 00:27:00,Cash Deposit
TXN-05992,A-0467,A-0399,348854.68,2024-12-19 12:29:14,NEFT
TXN-05993,A-0219,A-0035,42276.59,2026-08-24 13:31:34,IMPS
TXN-05994,A-0045,A-0268,466528.26,2024-10-05 06:28:19,RTGS
TXN-05995,A-0232,A-0017,34373.38,2024-04-22 05:11:55,NEFT
TXN-05996,A-0220,A-0385,301566.87,2024-06-29 07:52:00,RTGS
TXN-05997,A-0402,A-0088,465626.59,2025-03-02 05:38:32,RTGS
TXN-05998,A-0349,A-0259,490138.59,2026-06-28 10:11:56,IMPS
TXN-05999,A-0169,A-0049,233831.26,2024-11-24 05:19:56,UPI
TXN-06000,A-0495,A-0441,209771.58,2026-07-12 19:27:03,UPI
TXN-06001,A-0485,A-0229,144667.79,2026-04-06 10:34:55,NEFT
TXN-06002,A-0391,A-0002,247118.31,2026-07-18 01:22:06,UPI
TXN-06003,A-0119,A-0481,306073.64,2026-01-29 20:51:03,NEFT
TXN-06004,A-0466,A-0127,273814.54,2024-06-29 06:22:08,RTGS
TXN-06005,A-0257,A-0162,254282.87,2024-08-27 03:13:44,Cash Deposit
TXN-06006,A-0377,A-0347,134801.94,2024-01-06 12:38:24,NEFT
TXN-06007,A-0039,A-0450,82784.88,2024-07-26 23:50:24,NEFT
TXN-06008,A-0181,A-0399,483099.34,2026-07-10 09:51:10,RTGS
TXN-06009,A-0457,A-0465,201138.31,2025-07-29 14:23:47,Cash Deposit
TXN-06010,A-0157,A-0198,12541.0,2025-10-28 12:27:19,Cash Deposit
TXN-06011,A-0161,A-0337,133744.51,2024-05-09 20:42:35,IMPS
TXN-06012,A-0066,A-0173,70833.76,2025-07-20 18:15:04,IMPS
TXN-06013,A-0341,A-0005,40131.2,2026-01-16 02:17:26,IMPS
TXN-06014,A-0407,A-0293,345727.21,2025-06-27 16:23:47,IMPS
TXN-06015,A-0441,A-0383,211832.53,2024-01-18 10:46:58,IMPS
TXN-06016,A-0111,A-0132,150498.51,2024-12-16 12:24:50,NEFT
TXN-06017,A-0078,A-0390,12098.98,2026-10-23 20:26:49,NEFT
TXN-06018,A-0362,A-0079,85419.05,2026-05-12 00:06:14,Cash Deposit
TXN-06019,A-0332,A-0380,12659.47,2025-08-15 20:25:14,IMPS
TXN-06020,A-0234,A-0305,277503.58,2026-05-18 23:10:10,NEFT
TXN-06021,A-0476,A-0107,18425.2,2025-12-06 05:56:10,RTGS
TXN-06022,A-0282,A-0310,432307.16,2026-07-19 14:22:01,UPI
TXN-06023,A-0027,A-0351,486451.12,2026-07-04 15:45:41,UPI
TXN-06024,A-0084,A-0422,212599.32,2026-11-27 15:23:22,IMPS
TXN-06025,A-0125,A-0187,416059.98,2024-06-05 20:01:42,RTGS
TXN-06026,A-0424,A-0282,309746.58,2025-12-26 16:55:12,UPI
TXN-06027,A-0337,A-0227,133178.94,2024-11-20 02:55:49,Cash Deposit
TXN-06028,A-0286,A-0275,118088.26,2024-12-03 23:09:16,IMPS
TXN-06029,A-0177,A-0062,15066.97,2025-12-07 03:42:20,RTGS
TXN-06030,A-0126,A-0458,211793.57,2025-05-31 14:42:52,NEFT
TXN-06031,A-0026,A-0260,271709.72,2024-01-14 09:27:50,UPI
TXN-06032,A-0271,A-0048,385821.85,2024-12-19 17:38:18,NEFT
TXN-06033,A-0435,A-0253,7537.2,2025-07-22 15:40:35,UPI
TXN-06034,A-0387,A-0063,217853.24,2024-07-01 13:18:45,Cash Deposit
TXN-06035,A-0121,A-0482,13663.25,2024-09-03 02:22:16,RTGS
TXN-06036,A-0137,A-0279,228436.88,2026-01-28 12:24:58,RTGS
TXN-06037,A-0332,A-0452,342998.18,2025-01-28 21:56:41,NEFT
TXN-06038,A-0427,A-0266,125395.21,2024-07-26 05:24:10,UPI
TXN-06039,A-0408,A-0147,193377.02,2026-10-02 14:46:40,Cash Deposit
TXN-06040,A-0142,A-0281,43987.45,2025-06-25 15:42:02,IMPS
TXN-06041,A-0315,A-0055,150159.28,2024-02-25 04:09:05,NEFT
TXN-06042,A-0471,A-0294,398715.57,2026-06-26 23:53:24,Cash Deposit
TXN-06043,A-0340,A-0104,94221.6,2024-01-17 09:57:40,UPI
TXN-06044,A-0476,A-0393,252399.64,2024-05-22 06:54:51,Cash Deposit
TXN-06045,A-0450,A-0166,95911.19,2024-01-15 20:32:14,UPI
TXN-06046,A-0376,A-0211,113233.03,2024-08-02 17:32:39,IMPS
TXN-06047,A-0341,A-0468,440636.31,2026-09-29 04:28:09,Cash Deposit
TXN-06048,A-0227,A-0081,191391.74,2024-08-20 15:36:42,IMPS
TXN-06049,A-0031,A-0458,485983.62,2024-06-10 14:09:26,IMPS
TXN-06050,A-0289,A-0176,180085.55,2025-02-05 09:17:56,Cash Deposit
TXN-06051,A-0314,A-0385,267283.11,2026-08-26 05:04:08,UPI
TXN-06052,A-0257,A-0429,77846.19,2025-02-02 18:01:13,RTGS
TXN-06053,A-0179,A-0418,196167.42,2026-05-28 03:53:12,RTGS
TXN-06054,A-0307,A-0484,335107.18,2025-02-15 18:03:57,UPI
TXN-06055,A-0055,A-0157,456783.75,2024-09-12 01:40:29,NEFT
TXN-06056,A-0255,A-0015,436897.16,2025-05-04 14:27:34,Cash Deposit
TXN-06057,A-0181,A-0360,34275.69,2026-09-02 14:29:23,UPI
TXN-06058,A-0185,A-0072,95177.31,2026-10-18 06:18:07,Cash Deposit
TXN-06059,A-0418,A-0177,451451.14,2025-09-27 07:08:54,IMPS
TXN-06060,A-0242,A-0247,159941.26,2024-04-24 04:19:59,Cash Deposit
TXN-06061,A-0419,A-0337,148736.02,2024-01-23 17:50:50,Cash Deposit
TXN-06062,A-0290,A-0366,257342.79,2025-03-18 12:15:58,RTGS
TXN-06063,A-0097,A-0293,377890.22,2026-09-19 20:05:47,Cash Deposit
TXN-06064,A-0307,A-0058,478634.41,2026-04-06 14:33:08,RTGS
TXN-06065,A-0329,A-0042,129806.29,2025-08-03 10:58:16,UPI
TXN-06066,A-0439,A-0404,355451.5,2025-04-08 06:30:38,UPI
TXN-06067,A-0077,A-0135,445153.61,2026-11-10 23:24:03,RTGS
TXN-06068,A-0058,A-0391,244530.13,2025-06-06 05:47:43,NEFT
TXN-06069,A-0461,A-0349,282365.53,2025-11-03 18:24:02,IMPS
TXN-06070,A-0403,A-0308,150249.24,2026-02-17 11:39:53,RTGS
TXN-06071,A-0078,A-0412,229661.17,2026-09-14 07:54:00,NEFT
TXN-06072,A-0012,A-0133,254040.83,2024-08-22 15:52:40,RTGS
TXN-06073,A-0103,A-0312,133429.14,2025-06-30 06:06:36,RTGS
TXN-06074,A-0448,A-0164,262772.85,2024-02-06 10:32:45,UPI
TXN-06075,A-0006,A-0199,246362.1,2024-02-10 14:21:54,RTGS
TXN-06076,A-0363,A-0254,134390.38,2026-03-27 04:35:45,RTGS
TXN-06077,A-0066,A-0287,316535.58,2025-03-16 07:50:57,UPI
TXN-06078,A-0016,A-0345,109682.58,2025-01-09 17:04:03,RTGS
TXN-06079,A-0165,A-0079,247234.84,2024-12-30 11:32:16,NEFT
TXN-06080,A-0366,A-0487,79333.61,2026-03-30 18:04:04,RTGS
TXN-06081,A-0086,A-0181,400266.08,2026-09-29 02:44:36,Cash Deposit
TXN-06082,A-0252,A-0119,164727.07,2024-09-08 17:29:03,Cash Deposit
TXN-06083,A-0117,A-0312,385294.88,2026-06-29 19:37:30,RTGS
TXN-06084,A-0022,A-0113,406350.58,2026-03-15 04:14:24,RTGS
TXN-06085,A-0448,A-0144,361735.08,2025-05-06 22:20:49,RTGS
TXN-06086,A-0085,A-0082,94518.14,2026-11-21 23:50:43,NEFT
TXN-06087,A-0211,A-0299,168310.88,2024-05-31 21:20:50,UPI
TXN-06088,A-0244,A-0281,26082.87,2025-03-01 00:22:24,NEFT
TXN-06089,A-0015,A-0323,154644.77,2026-01-23 13:47:46,UPI
TXN-06090,A-0165,A-0284,290022.26,2026-04-07 19:57:57,Cash Deposit
TXN-06091,A-0434,A-0157,328461.34,2026-12-03 05:24:52,RTGS
TXN-06092,A-0233,A-0163,498399.61,2025-03-03 06:59:12,UPI
TXN-06093,A-0280,A-0455,9573.37,2025-05-14 22:31:08,NEFT
TXN-06094,A-0465,A-0435,353320.61,2024-06-26 11:53:33,NEFT
TXN-06095,A-0417,A-0327,267424.29,2024-11-12 00:13:54,NEFT
TXN-06096,A-0360,A-0211,351519.62,2024-07-23 13:44:38,NEFT
TXN-06097,A-0258,A-0241,116878.9,2025-08-14 17:12:09,UPI
TXN-06098,A-0498,A-0033,252825.99,2024-02-01 21:36:23,NEFT
TXN-06099,A-0031,A-0446,415134.17,2025-08-26 18:57:24,Cash Deposit
TXN-06100,A-0049,A-0033,214804.24,2025-01-22 09:05:48,NEFT
TXN-06101,A-0286,A-0282,393232.05,2026-01-26 17:25:18,UPI
TXN-06102,A-0053,A-0191,54466.41,2026-04-14 17:12:01,Cash Deposit
TXN-06103,A-0179,A-0082,120373.1,2026-06-05 23:46:58,UPI
TXN-06104,A-0085,A-0344,307427.08,2026-04-12 15:19:22,UPI
TXN-06105,A-0406,A-0105,337902.69,2024-10-10 23:23:34,NEFT
TXN-06106,A-0289,A-0382,192464.16,2026-04-12 15:49:13,RTGS
TXN-06107,A-0011,A-0296,228550.24,2024-05-19 07:24:13,IMPS
TXN-06108,A-0035,A-0429,396941.3,2024-11-21 19:50:51,RTGS
TXN-06109,A-0474,A-0350,221255.9,2024-05-26 23:54:39,Cash Deposit
TXN-06110,A-0249,A-0110,341649.22,2025-11-25 01:40:56,NEFT
TXN-06111,A-0067,A-0356,247200.31,2024-01-21 09:59:12,NEFT
TXN-06112,A-0012,A-0049,288069.38,2024-09-24 09:35:03,UPI
TXN-06113,A-0435,A-0229,488228.14,2025-07-26 18:34:06,NEFT
TXN-06114,A-0143,A-0051,411767.47,2025-03-12 23:19:46,IMPS
TXN-06115,A-0215,A-0240,237218.65,2024-10-28 01:07:52,UPI
TXN-06116,A-0413,A-0331,135665.57,2024-02-07 03:58:55,Cash Deposit
TXN-06117,A-0115,A-0376,234118.05,2025-07-20 05:05:13,NEFT
TXN-06118,A-0026,A-0265,343309.83,2026-01-24 19:34:35,RTGS
TXN-06119,A-0014,A-0337,397565.68,2024-08-03 13:08:06,UPI
TXN-06120,A-0238,A-0431,479104.42,2025-08-03 19:39:40,RTGS
TXN-06121,A-0259,A-0210,10170.88,2024-09-28 04:37:58,Cash Deposit
TXN-06122,A-0275,A-0485,122689.73,2026-05-09 17:29:53,IMPS
TXN-06123,A-0123,A-0321,133274.5,2026-12-30 21:42:55,IMPS
TXN-06124,A-0084,A-0128,260594.91,2026-01-02 21:25:47,NEFT
TXN-06125,A-0331,A-0497,494399.59,2024-05-06 04:55:10,RTGS
TXN-06126,A-0325,A-0022,357899.4,2024-05-23 14:21:02,Cash Deposit
TXN-06127,A-0189,A-0455,35439.62,2024-08-04 13:12:35,IMPS
TXN-06128,A-0252,A-0226,335575.77,2024-11-22 08:50:27,NEFT
TXN-06129,A-0351,A-0221,209630.47,2026-03-15 22:46:51,Cash Deposit
TXN-06130,A-0319,A-0270,215892.5,2025-08-19 23:02:00,IMPS
TXN-06131,A-0409,A-0334,120550.3,2024-01-16 07:54:46,UPI
TXN-06132,A-0137,A-0197,351620.49,2026-10-31 01:42:36,UPI
TXN-06133,A-0165,A-0355,397757.14,2024-10-02 16:19:03,Cash Deposit
TXN-06134,A-0179,A-0020,123580.42,2026-03-15 01:13:22,Cash Deposit
TXN-06135,A-0423,A-0428,171848.26,2026-01-10 18:14:45,RTGS
TXN-06136,A-0341,A-0401,320678.89,2025-02-17 22:39:02,NEFT
TXN-06137,A-0455,A-0068,312605.95,2024-12-20 21:24:48,UPI
TXN-06138,A-0312,A-0133,450317.16,2025-11-19 17:39:31,NEFT
TXN-06139,A-0333,A-0496,434653.91,2025-06-06 07:57:26,RTGS
TXN-06140,A-0298,A-0396,87348.05,2026-10-16 02:31:33,Cash Deposit
TXN-06141,A-0113,A-0020,303677.68,2026-06-12 04:17:01,Cash Deposit
TXN-06142,A-0367,A-0433,497275.3,2026-08-14 23:29:52,Cash Deposit
TXN-06143,A-0062,A-0315,434982.22,2026-10-31 17:20:15,UPI
TXN-06144,A-0480,A-0495,233116.49,2024-06-13 19:59:08,UPI
TXN-06145,A-0211,A-0451,292927.81,2026-02-26 23:49:59,RTGS
TXN-06146,A-0493,A-0103,44349.73,2025-06-30 23:39:38,IMPS
TXN-06147,A-0437,A-0470,243976.05,2025-11-28 13:54:10,NEFT
TXN-06148,A-0136,A-0066,66292.4,2026-07-11 09:58:04,Cash Deposit
TXN-06149,A-0450,A-0419,89565.36,2026-11-15 10:45:46,Cash Deposit
TXN-06150,A-0061,A-0391,96471.75,2026-07-27 02:18:29,IMPS
TXN-06151,A-0451,A-0205,486200.46,2025-09-17 20:17:03,Cash Deposit
TXN-06152,A-0383,A-0391,413798.12,2024-08-18 09:35:57,Cash Deposit
TXN-06153,A-0142,A-0478,444311.9,2026-12-26 20:54:41,Cash Deposit
TXN-06154,A-0043,A-0237,471092.72,2025-10-06 21:46:10,RTGS
TXN-06155,A-0263,A-0321,30253.04,2026-09-04 00:28:30,NEFT
TXN-06156,A-0189,A-0056,464655.3,2026-12-17 20:14:14,RTGS
TXN-06157,A-0057,A-0444,84015.24,2026-03-18 01:38:54,IMPS
TXN-06158,A-0467,A-0128,146057.78,2025-04-27 09:32:32,UPI
TXN-06159,A-0491,A-0001,17156.94,2024-12-17 06:21:24,NEFT
TXN-06160,A-0289,A-0069,12910.55,2024-05-26 14:58:20,RTGS
TXN-06161,A-0477,A-0072,437463.79,2024-10-31 19:12:27,RTGS
TXN-06162,A-0478,A-0097,370859.74,2026-07-28 00:03:49,RTGS
TXN-06163,A-0375,A-0320,465712.25,2026-09-24 06:20:19,NEFT
TXN-06164,A-0124,A-0077,332663.69,2025-02-04 08:04:36,UPI
TXN-06165,A-0462,A-0431,405178.99,2024-01-25 05:33:58,NEFT
TXN-06166,A-0278,A-0356,60404.42,2025-10-23 05:56:06,IMPS
TXN-06167,A-0005,A-0021,65669.92,2026-03-08 05:01:21,UPI
TXN-06168,A-0248,A-0492,202854.81,2025-09-13 19:13:24,UPI
TXN-06169,A-0206,A-0138,369346.55,2026-11-14 18:20:25,IMPS
TXN-06170,A-0233,A-0354,13085.74,2026-06-08 22:10:40,NEFT
TXN-06171,A-0304,A-0008,200833.25,2024-12-24 16:52:45,RTGS
TXN-06172,A-0298,A-0012,23906.27,2025-07-03 11:28:47,RTGS
TXN-06173,A-0096,A-0009,361009.19,2024-12-13 15:45:05,RTGS
TXN-06174,A-0068,A-0235,245788.56,2024-12-04 22:30:57,IMPS
TXN-06175,A-0110,A-0296,349218.29,2026-12-12 06:53:25,Cash Deposit
TXN-06176,A-0149,A-0162,133640.87,2025-04-07 16:09:36,UPI
TXN-06177,A-0383,A-0096,133690.5,2026-02-26 19:44:57,RTGS
TXN-06178,A-0019,A-0468,146603.89,2025-12-05 15:09:40,NEFT
TXN-06179,A-0332,A-0005,478268.85,2026-04-22 12:04:45,NEFT
TXN-06180,A-0061,A-0075,119797.88,2025-06-23 18:52:36,RTGS
TXN-06181,A-0456,A-0480,304545.18,2024-12-28 16:21:22,Cash Deposit
TXN-06182,A-0323,A-0482,168897.24,2025-10-09 11:04:43,NEFT
TXN-06183,A-0135,A-0344,59485.94,2025-11-04 09:55:12,NEFT
TXN-06184,A-0120,A-0224,208711.96,2026-02-19 02:37:18,IMPS
TXN-06185,A-0094,A-0115,34270.22,2024-03-06 20:06:02,Cash Deposit
TXN-06186,A-0112,A-0351,131284.53,2025-01-28 23:09:32,IMPS
TXN-06187,A-0171,A-0075,178137.89,2024-01-31 09:10:03,NEFT
TXN-06188,A-0144,A-0075,83593.88,2024-05-01 12:53:36,Cash Deposit
TXN-06189,A-0104,A-0266,473354.34,2026-11-11 22:15:01,Cash Deposit
TXN-06190,A-0394,A-0194,60670.59,2024-08-20 09:03:10,RTGS
TXN-06191,A-0395,A-0244,330247.57,2026-02-24 08:19:09,RTGS
TXN-06192,A-0174,A-0149,405899.24,2024-03-26 00:52:51,NEFT
TXN-06193,A-0419,A-0071,438924.84,2024-01-18 05:46:33,Cash Deposit
TXN-06194,A-0395,A-0234,180219.8,2026-05-07 21:17:52,NEFT
TXN-06195,A-0245,A-0378,244777.35,2024-01-04 11:25:43,NEFT
TXN-06196,A-0248,A-0098,259958.88,2024-02-12 08:27:48,NEFT
TXN-06197,A-0465,A-0031,335282.89,2024-04-21 00:18:30,NEFT
TXN-06198,A-0301,A-0007,31004.38,2024-07-01 03:58:56,UPI
TXN-06199,A-0026,A-0291,443134.81,2024-12-21 20:21:21,UPI
TXN-06200,A-0396,A-0491,426140.72,2024-01-08 07:11:00,RTGS
TXN-06201,A-0432,A-0472,256088.88,2026-12-21 17:30:53,IMPS
TXN-06202,A-0059,A-0457,233008.36,2025-08-17 03:49:35,RTGS
TXN-06203,A-0432,A-0083,143085.59,2026-05-21 13:21:42,UPI
TXN-06204,A-0409,A-0041,368188.17,2026-03-17 06:24:52,NEFT
TXN-06205,A-0305,A-0182,458186.6,2026-01-20 13:24:33,RTGS
TXN-06206,A-0247,A-0026,45083.61,2026-09-06 21:09:31,IMPS
TXN-06207,A-0082,A-0499,180098.75,2024-12-24 01:52:00,NEFT
TXN-06208,A-0485,A-0071,235020.53,2026-12-01 08:15:25,IMPS
TXN-06209,A-0479,A-0272,156361.73,2026-09-14 11:59:30,RTGS
TXN-06210,A-0208,A-0110,422135.08,2025-01-06 09:40:11,IMPS
TXN-06211,A-0473,A-0465,29511.67,2026-03-13 14:44:40,Cash Deposit
TXN-06212,A-0093,A-0307,133827.21,2025-06-08 18:35:34,NEFT
TXN-06213,A-0460,A-0013,53706.51,2024-02-17 00:31:46,IMPS
TXN-06214,A-0115,A-0401,481607.81,2024-07-19 01:26:51,Cash Deposit
TXN-06215,A-0329,A-0032,368847.31,2026-06-23 00:56:31,Cash Deposit
TXN-06216,A-0333,A-0024,6001.31,2025-06-05 08:53:37,IMPS
TXN-06217,A-0056,A-0486,16138.18,2025-03-17 12:41:00,UPI
TXN-06218,A-0190,A-0137,110680.09,2024-12-24 07:27:29,IMPS
TXN-06219,A-0256,A-0146,60924.82,2024-06-02 12:57:45,RTGS
TXN-06220,A-0389,A-0415,468683.39,2024-09-08 08:32:59,IMPS
TXN-06221,A-0489,A-0091,181467.62,2026-11-18 04:05:27,IMPS
TXN-06222,A-0227,A-0376,367800.08,2025-05-08 20:38:57,RTGS
TXN-06223,A-0005,A-0167,290222.25,2025-04-02 16:54:18,RTGS
TXN-06224,A-0292,A-0055,447780.68,2025-12-08 23:58:42,Cash Deposit
TXN-06225,A-0077,A-0283,275289.09,2026-09-16 14:05:11,UPI
TXN-06226,A-0268,A-0388,64143.33,2024-07-28 15:25:47,RTGS
TXN-06227,A-0096,A-0199,427666.91,2024-08-23 07:14:14,NEFT
TXN-06228,A-0134,A-0120,287833.64,2025-08-20 04:18:50,Cash Deposit
TXN-06229,A-0498,A-0344,160146.99,2025-02-11 20:53:48,NEFT
TXN-06230,A-0078,A-0304,133540.96,2026-01-08 11:07:31,UPI
TXN-06231,A-0172,A-0373,389640.04,2025-10-17 09:45:33,Cash Deposit
TXN-06232,A-0122,A-0352,277112.66,2024-10-13 03:09:33,Cash Deposit
TXN-06233,A-0011,A-0006,214923.71,2026-03-11 05:03:40,Cash Deposit
TXN-06234,A-0049,A-0430,464257.46,2024-03-28 20:19:27,IMPS
TXN-06235,A-0153,A-0444,482896.48,2026-08-24 15:14:46,Cash Deposit
TXN-06236,A-0497,A-0253,485299.5,2026-11-07 21:15:27,RTGS
TXN-06237,A-0198,A-0351,207082.79,2024-11-18 18:57:18,IMPS
TXN-06238,A-0112,A-0119,321522.34,2025-02-09 22:31:42,RTGS
TXN-06239,A-0381,A-0310,410079.18,2026-12-02 12:29:02,NEFT
TXN-06240,A-0164,A-0389,153766.43,2026-11-14 02:07:42,Cash Deposit
TXN-06241,A-0355,A-0083,177592.48,2025-12-30 06:04:12,IMPS
TXN-06242,A-0452,A-0286,352110.91,2024-03-01 09:00:26,IMPS
TXN-06243,A-0114,A-0310,32847.42,2025-11-17 07:50:19,NEFT
TXN-06244,A-0038,A-0109,33811.1,2025-12-30 04:43:26,RTGS
TXN-06245,A-0171,A-0339,38434.07,2026-09-17 12:19:57,IMPS
TXN-06246,A-0121,A-0395,412131.33,2024-05-10 22:04:48,Cash Deposit
TXN-06247,A-0066,A-0041,52698.63,2026-07-05 08:57:46,IMPS
TXN-06248,A-0232,A-0093,184036.38,2026-05-25 23:40:30,NEFT
TXN-06249,A-0166,A-0472,212436.11,2026-11-19 23:57:34,Cash Deposit
TXN-06250,A-0002,A-0420,343256.07,2024-08-28 20:45:20,IMPS
TXN-06251,A-0498,A-0206,212151.3,2024-07-29 04:23:50,RTGS
TXN-06252,A-0059,A-0418,149270.18,2024-02-07 17:38:36,IMPS
TXN-06253,A-0465,A-0082,319846.29,2025-12-27 11:04:46,RTGS
TXN-06254,A-0481,A-0477,322670.66,2026-04-07 04:17:11,IMPS
TXN-06255,A-0022,A-0475,163555.4,2026-12-22 13:09:02,UPI
TXN-06256,A-0026,A-0441,7950.93,2024-02-06 07:05:17,UPI
TXN-06257,A-0178,A-0152,30782.57,2026-09-06 03:24:19,IMPS
TXN-06258,A-0238,A-0276,124279.99,2026-08-10 02:12:35,Cash Deposit
TXN-06259,A-0054,A-0106,454688.29,2024-08-15 03:13:02,RTGS
TXN-06260,A-0159,A-0328,38990.2,2024-09-30 16:36:05,UPI
TXN-06261,A-0102,A-0215,458767.16,2026-02-28 15:41:41,UPI
TXN-06262,A-0223,A-0108,351605.92,2024-11-07 20:13:42,Cash Deposit
TXN-06263,A-0318,A-0269,292247.39,2024-05-13 12:47:30,IMPS
TXN-06264,A-0220,A-0497,286263.16,2024-05-05 14:21:21,IMPS
TXN-06265,A-0488,A-0166,89225.42,2024-08-08 12:01:41,IMPS
TXN-06266,A-0093,A-0243,304096.57,2025-10-04 02:08:34,UPI
TXN-06267,A-0193,A-0412,98987.88,2024-08-01 12:15:30,Cash Deposit
TXN-06268,A-0132,A-0143,190934.23,2025-03-29 02:24:15,NEFT
TXN-06269,A-0008,A-0014,15296.52,2025-05-23 00:13:58,IMPS
TXN-06270,A-0398,A-0333,263608.06,2024-12-15 01:34:21,NEFT
TXN-06271,A-0104,A-0161,189680.67,2024-01-07 22:31:43,RTGS
TXN-06272,A-0489,A-0384,365156.51,2026-11-15 19:56:56,NEFT
TXN-06273,A-0035,A-0045,203260.95,2025-08-15 21:34:01,RTGS
TXN-06274,A-0211,A-0254,128108.02,2026-04-15 19:43:37,IMPS
TXN-06275,A-0141,A-0034,436169.2,2024-11-03 04:05:26,UPI
TXN-06276,A-0248,A-0392,74326.99,2024-04-14 13:54:40,NEFT
TXN-06277,A-0321,A-0057,487103.9,2026-10-20 19:45:17,IMPS
TXN-06278,A-0065,A-0464,98677.28,2026-04-25 00:08:23,UPI
TXN-06279,A-0004,A-0387,11262.46,2025-03-09 20:46:38,RTGS
TXN-06280,A-0447,A-0059,68648.99,2025-11-15 11:16:04,RTGS
TXN-06281,A-0160,A-0359,124237.29,2024-11-08 18:27:18,RTGS
TXN-06282,A-0358,A-0286,71615.81,2024-07-27 04:00:40,UPI
TXN-06283,A-0172,A-0303,450245.72,2026-10-06 00:28:56,UPI
TXN-06284,A-0096,A-0351,447521.5,2025-06-18 10:13:06,NEFT
TXN-06285,A-0204,A-0004,207880.08,2024-10-18 11:36:58,NEFT
TXN-06286,A-0459,A-0092,61890.4,2024-12-11 21:43:23,UPI
TXN-06287,A-0085,A-0128,439802.0,2025-01-17 01:54:43,RTGS
TXN-06288,A-0369,A-0492,442319.16,2025-10-24 12:01:41,UPI
TXN-06289,A-0318,A-0100,450046.37,2025-07-26 08:20:55,RTGS
TXN-06290,A-0328,A-0397,53217.54,2026-05-03 20:51:25,RTGS
TXN-06291,A-0029,A-0111,397148.75,2024-02-26 14:16:49,IMPS
TXN-06292,A-0441,A-0412,99900.87,2026-03-23 21:02:45,UPI
TXN-06293,A-0371,A-0325,254357.55,2024-03-20 09:00:55,Cash Deposit
TXN-06294,A-0164,A-0329,402789.1,2025-11-09 15:06:58,Cash Deposit
TXN-06295,A-0197,A-0454,133327.71,2024-06-13 08:31:45,RTGS
TXN-06296,A-0067,A-0119,422921.33,2025-01-30 09:57:36,IMPS
TXN-06297,A-0121,A-0421,237613.26,2024-02-12 09:08:35,IMPS
TXN-06298,A-0089,A-0249,173733.14,2024-09-29 00:25:03,NEFT
TXN-06299,A-0309,A-0183,145715.51,2025-08-06 03:33:49,UPI
TXN-06300,A-0388,A-0218,365649.35,2024-08-28 23:26:32,UPI
TXN-06301,A-0077,A-0271,159602.25,2025-06-07 05:21:33,Cash Deposit
TXN-06302,A-0329,A-0047,446277.25,2026-03-19 06:18:39,NEFT
TXN-06303,A-0326,A-0207,71683.98,2026-12-27 15:13:48,UPI
TXN-06304,A-0430,A-0099,71774.32,2026-08-16 17:21:46,Cash Deposit
TXN-06305,A-0343,A-0308,181067.82,2024-01-09 12:56:01,RTGS
TXN-06306,A-0006,A-0445,330151.78,2026-11-16 10:15:41,NEFT
TXN-06307,A-0056,A-0008,155224.4,2025-03-19 09:41:03,RTGS
TXN-06308,A-0137,A-0111,141417.86,2024-04-27 16:24:29,RTGS
TXN-06309,A-0481,A-0258,303028.33,2024-12-22 01:43:12,Cash Deposit
TXN-06310,A-0397,A-0488,37675.1,2026-04-10 18:17:24,NEFT
TXN-06311,A-0240,A-0263,355507.19,2026-10-23 18:47:58,UPI
TXN-06312,A-0458,A-0385,90155.57,2024-05-18 23:22:20,Cash Deposit
TXN-06313,A-0452,A-0319,472311.24,2025-12-24 03:13:00,RTGS
TXN-06314,A-0027,A-0433,303379.3,2026-05-09 06:11:06,IMPS
TXN-06315,A-0155,A-0073,87103.91,2024-02-23 13:28:51,UPI
TXN-06316,A-0420,A-0103,368022.46,2024-03-17 15:21:49,Cash Deposit
TXN-06317,A-0456,A-0435,280135.33,2024-07-28 05:16:46,IMPS
TXN-06318,A-0368,A-0107,253223.18,2025-03-23 10:30:31,RTGS
TXN-06319,A-0396,A-0010,495781.72,2024-05-31 07:08:53,UPI
TXN-06320,A-0420,A-0468,147682.08,2025-09-23 20:30:34,IMPS
TXN-06321,A-0367,A-0402,138576.53,2024-09-22 04:22:20,IMPS
TXN-06322,A-0135,A-0379,50038.9,2025-01-06 16:31:01,RTGS
TXN-06323,A-0285,A-0016,229380.48,2025-08-25 11:37:55,Cash Deposit
TXN-06324,A-0299,A-0092,213294.79,2024-12-13 20:34:15,IMPS
TXN-06325,A-0441,A-0288,467557.42,2025-08-31 17:17:53,UPI
TXN-06326,A-0247,A-0351,235238.43,2024-11-15 04:12:46,Cash Deposit
TXN-06327,A-0417,A-0305,28654.73,2026-01-14 22:44:02,NEFT
TXN-06328,A-0024,A-0135,384904.59,2025-07-02 08:05:31,UPI
TXN-06329,A-0330,A-0456,422771.63,2026-08-16 10:56:03,Cash Deposit
TXN-06330,A-0127,A-0482,489859.58,2026-01-08 22:36:25,Cash Deposit
TXN-06331,A-0001,A-0450,222496.79,2024-03-26 22:43:50,IMPS
TXN-06332,A-0032,A-0240,284493.55,2025-05-15 08:43:15,Cash Deposit
TXN-06333,A-0112,A-0168,389881.98,2024-08-23 00:53:46,UPI
TXN-06334,A-0462,A-0432,494230.53,2025-02-13 07:39:38,RTGS
TXN-06335,A-0214,A-0355,334053.43,2026-11-17 08:44:51,RTGS
TXN-06336,A-0351,A-0166,345757.8,2024-05-14 09:17:34,RTGS
TXN-06337,A-0125,A-0443,480599.47,2026-03-15 13:42:09,Cash Deposit
TXN-06338,A-0119,A-0299,287540.11,2024-05-17 19:55:20,UPI
TXN-06339,A-0299,A-0061,444197.8,2026-10-22 00:01:16,NEFT
TXN-06340,A-0322,A-0083,295814.11,2024-07-12 18:53:56,IMPS
TXN-06341,A-0064,A-0140,245006.3,2024-05-11 22:20:39,NEFT
TXN-06342,A-0143,A-0461,16557.79,2026-12-12 14:17:24,UPI
TXN-06343,A-0233,A-0387,145494.65,2026-09-23 11:23:18,UPI
TXN-06344,A-0249,A-0327,251860.49,2026-01-13 14:24:01,Cash Deposit
TXN-06345,A-0281,A-0014,248393.02,2025-08-26 17:50:29,RTGS
TXN-06346,A-0028,A-0400,405351.75,2024-04-28 03:09:15,NEFT
TXN-06347,A-0287,A-0405,288395.89,2026-12-27 13:12:44,RTGS
TXN-06348,A-0236,A-0478,443059.56,2024-05-26 21:03:49,UPI
TXN-06349,A-0128,A-0319,59244.1,2025-01-18 02:20:21,Cash Deposit
TXN-06350,A-0029,A-0380,421844.94,2025-10-28 21:09:02,Cash Deposit
TXN-06351,A-0193,A-0302,487016.61,2026-03-09 03:52:51,IMPS
TXN-06352,A-0487,A-0344,411046.27,2026-08-29 21:04:55,RTGS
TXN-06353,A-0102,A-0450,69765.93,2026-11-10 21:08:52,RTGS
TXN-06354,A-0137,A-0269,333600.7,2024-07-08 08:13:44,IMPS
TXN-06355,A-0489,A-0066,315882.16,2025-12-28 10:08:48,UPI
TXN-06356,A-0179,A-0383,116421.41,2025-08-17 12:01:05,IMPS
TXN-06357,A-0069,A-0452,360362.43,2024-08-10 10:22:59,NEFT
TXN-06358,A-0420,A-0044,174863.51,2026-05-07 14:55:06,RTGS
TXN-06359,A-0456,A-0304,99508.11,2025-06-05 00:53:24,IMPS
TXN-06360,A-0024,A-0072,253298.66,2024-07-03 15:46:19,RTGS
TXN-06361,A-0327,A-0112,190153.09,2025-03-10 06:47:36,UPI
TXN-06362,A-0010,A-0012,168776.45,2025-04-06 19:39:11,RTGS
TXN-06363,A-0137,A-0244,60364.05,2024-09-22 20:35:41,IMPS
TXN-06364,A-0190,A-0052,52957.87,2025-10-19 06:18:30,RTGS
TXN-06365,A-0389,A-0100,107309.06,2026-04-15 05:09:26,UPI
TXN-06366,A-0275,A-0042,355312.15,2026-08-04 05:08:47,UPI
TXN-06367,A-0481,A-0483,44821.27,2026-09-12 15:39:26,IMPS
TXN-06368,A-0066,A-0026,38427.27,2025-09-24 09:23:59,Cash Deposit
TXN-06369,A-0278,A-0352,411574.12,2024-10-06 23:36:51,Cash Deposit
TXN-06370,A-0080,A-0248,345912.12,2025-08-24 20:48:34,IMPS
TXN-06371,A-0440,A-0407,356781.01,2024-04-23 04:22:58,RTGS
TXN-06372,A-0420,A-0267,212345.14,2024-12-22 14:01:06,RTGS
TXN-06373,A-0117,A-0387,126320.68,2026-02-19 16:22:41,RTGS
TXN-06374,A-0336,A-0213,496658.21,2026-01-23 14:55:07,UPI
TXN-06375,A-0016,A-0407,291517.33,2024-12-03 06:30:47,Cash Deposit
TXN-06376,A-0013,A-0115,447161.2,2025-09-03 21:29:55,NEFT
TXN-06377,A-0178,A-0383,135386.8,2026-02-06 07:43:18,Cash Deposit
TXN-06378,A-0200,A-0031,444159.71,2026-09-10 21:48:42,RTGS
TXN-06379,A-0252,A-0202,304741.12,2026-08-31 21:40:20,Cash Deposit
TXN-06380,A-0373,A-0283,179422.24,2024-09-10 21:50:19,UPI
TXN-06381,A-0301,A-0434,188423.64,2026-12-20 11:13:18,NEFT
TXN-06382,A-0480,A-0146,234129.25,2026-10-04 16:11:46,UPI
TXN-06383,A-0178,A-0437,437495.51,2025-09-05 15:37:37,NEFT
TXN-06384,A-0155,A-0349,306375.79,2025-09-01 04:28:38,UPI
TXN-06385,A-0091,A-0284,290009.5,2024-02-27 06:29:24,IMPS
TXN-06386,A-0103,A-0425,383889.39,2025-06-13 05:17:59,Cash Deposit
TXN-06387,A-0133,A-0257,168121.14,2024-04-26 02:29:08,RTGS
TXN-06388,A-0235,A-0085,192745.13,2024-04-26 12:38:18,NEFT
TXN-06389,A-0088,A-0234,69539.39,2024-06-10 22:00:51,Cash Deposit
TXN-06390,A-0323,A-0282,186337.25,2024-02-07 16:53:44,UPI
TXN-06391,A-0335,A-0028,2621.19,2026-03-03 16:39:15,NEFT
TXN-06392,A-0458,A-0106,476082.55,2026-12-02 19:12:25,RTGS
TXN-06393,A-0005,A-0220,387355.01,2026-07-30 08:34:29,NEFT
TXN-06394,A-0272,A-0066,254475.6,2026-11-04 17:35:09,RTGS
TXN-06395,A-0327,A-0372,75865.63,2024-06-12 16:06:16,IMPS
TXN-06396,A-0497,A-0094,446315.33,2024-08-05 12:57:07,UPI
TXN-06397,A-0098,A-0222,249650.75,2024-12-13 18:25:03,UPI
TXN-06398,A-0013,A-0092,390965.72,2025-03-06 21:03:04,Cash Deposit
TXN-06399,A-0428,A-0009,33919.78,2025-07-04 08:02:54,IMPS
TXN-06400,A-0182,A-0402,204089.23,2026-01-29 02:18:02,RTGS
TXN-06401,A-0263,A-0490,89602.84,2026-10-30 08:49:16,RTGS
TXN-06402,A-0500,A-0313,20748.37,2026-06-24 04:10:56,Cash Deposit
TXN-06403,A-0165,A-0136,38256.01,2024-06-08 04:12:41,RTGS
TXN-06404,A-0008,A-0316,218528.42,2024-07-03 14:54:32,UPI
TXN-06405,A-0371,A-0398,78083.22,2024-08-09 04:16:58,UPI
TXN-06406,A-0154,A-0494,133451.08,2026-09-17 03:35:15,RTGS
TXN-06407,A-0347,A-0152,392045.24,2024-03-07 03:54:27,UPI
TXN-06408,A-0174,A-0418,453916.93,2025-08-03 01:03:39,NEFT
TXN-06409,A-0101,A-0479,475006.54,2025-11-27 22:18:19,RTGS
TXN-06410,A-0029,A-0032,164502.75,2026-07-29 01:25:37,NEFT
TXN-06411,A-0009,A-0318,365264.76,2026-05-27 04:53:31,Cash Deposit
TXN-06412,A-0043,A-0283,258776.32,2026-05-08 21:18:00,RTGS
TXN-06413,A-0450,A-0102,222521.82,2024-05-01 04:02:58,Cash Deposit
TXN-06414,A-0091,A-0208,336656.14,2024-04-19 22:15:35,RTGS
TXN-06415,A-0075,A-0456,185650.86,2026-09-09 11:11:22,Cash Deposit
TXN-06416,A-0308,A-0191,413743.73,2026-04-02 22:30:06,RTGS
TXN-06417,A-0085,A-0203,302078.35,2024-04-29 14:39:43,RTGS
TXN-06418,A-0421,A-0396,59740.04,2024-02-08 11:10:26,RTGS
TXN-06419,A-0323,A-0192,118974.34,2025-03-23 01:31:14,IMPS
TXN-06420,A-0027,A-0014,192410.84,2025-03-16 16:09:52,UPI
TXN-06421,A-0018,A-0093,164179.96,2026-11-29 11:24:42,NEFT
TXN-06422,A-0285,A-0447,388961.14,2025-07-27 15:58:57,UPI
TXN-06423,A-0004,A-0500,325180.69,2026-05-09 18:47:29,RTGS
TXN-06424,A-0485,A-0253,470459.01,2025-01-31 02:42:30,NEFT
TXN-06425,A-0221,A-0230,348034.21,2024-11-01 09:04:04,UPI
TXN-06426,A-0477,A-0345,311771.56,2024-09-03 01:06:18,IMPS
TXN-06427,A-0428,A-0482,331419.86,2026-08-09 12:55:26,NEFT
TXN-06428,A-0016,A-0056,421213.71,2024-12-05 00:21:57,NEFT
TXN-06429,A-0012,A-0429,100521.13,2024-06-08 13:40:42,IMPS
TXN-06430,A-0257,A-0059,381581.37,2024-06-18 00:45:53,UPI
TXN-06431,A-0069,A-0396,475594.37,2026-08-05 06:05:17,IMPS
TXN-06432,A-0332,A-0225,217039.62,2026-07-24 06:16:44,RTGS
TXN-06433,A-0163,A-0273,452104.0,2025-09-25 08:49:31,UPI
TXN-06434,A-0359,A-0084,451288.18,2026-10-13 06:55:21,RTGS
TXN-06435,A-0184,A-0410,97813.01,2024-10-27 10:33:42,RTGS
TXN-06436,A-0446,A-0079,459566.83,2024-10-19 19:06:22,UPI
TXN-06437,A-0440,A-0405,224227.75,2026-11-09 12:04:59,NEFT
TXN-06438,A-0339,A-0445,85832.73,2025-03-08 14:00:47,RTGS
TXN-06439,A-0043,A-0210,499916.29,2024-08-03 09:06:07,IMPS
TXN-06440,A-0410,A-0002,266891.45,2024-10-19 11:18:13,IMPS
TXN-06441,A-0483,A-0444,168650.73,2025-10-12 06:25:56,Cash Deposit
TXN-06442,A-0264,A-0485,26271.0,2026-07-02 22:50:42,RTGS
TXN-06443,A-0021,A-0201,426808.98,2025-02-27 12:44:27,Cash Deposit
TXN-06444,A-0402,A-0073,299119.9,2026-10-28 22:50:42,NEFT
TXN-06445,A-0023,A-0407,47195.87,2025-12-08 11:06:34,Cash Deposit
TXN-06446,A-0477,A-0440,89383.74,2024-12-18 19:54:11,UPI
TXN-06447,A-0091,A-0225,463828.04,2024-06-20 14:32:43,NEFT
TXN-06448,A-0057,A-0322,167440.2,2026-04-03 22:35:36,RTGS
TXN-06449,A-0475,A-0031,261447.16,2024-05-03 14:56:50,UPI
TXN-06450,A-0390,A-0351,17558.62,2024-06-05 15:33:30,NEFT
TXN-06451,A-0323,A-0028,72826.09,2024-05-09 06:08:51,UPI
TXN-06452,A-0388,A-0071,491299.78,2025-12-28 19:38:22,IMPS
TXN-06453,A-0403,A-0409,118590.54,2026-10-02 05:33:44,Cash Deposit
TXN-06454,A-0416,A-0160,253420.98,2026-11-20 10:22:56,NEFT
TXN-06455,A-0391,A-0332,460799.68,2026-04-17 20:46:00,UPI
TXN-06456,A-0360,A-0066,489415.11,2024-12-07 12:14:03,RTGS
TXN-06457,A-0054,A-0112,353291.02,2026-02-04 17:00:26,RTGS
TXN-06458,A-0400,A-0047,348477.99,2025-03-16 17:06:35,NEFT
TXN-06459,A-0414,A-0423,393903.72,2024-08-05 11:04:58,IMPS
TXN-06460,A-0385,A-0241,302435.98,2024-02-16 20:40:03,NEFT
TXN-06461,A-0442,A-0063,202051.07,2024-05-04 09:40:47,UPI
TXN-06462,A-0176,A-0319,60148.44,2024-12-01 14:43:18,UPI
TXN-06463,A-0345,A-0153,372114.36,2025-08-17 17:41:21,Cash Deposit
TXN-06464,A-0343,A-0359,286356.25,2024-08-11 10:24:54,IMPS
TXN-06465,A-0103,A-0152,31623.36,2024-01-27 12:38:40,NEFT
TXN-06466,A-0418,A-0396,50917.61,2026-04-30 18:13:08,RTGS
TXN-06467,A-0157,A-0439,401975.82,2026-01-29 16:32:47,IMPS
TXN-06468,A-0360,A-0357,110417.37,2026-01-12 06:07:01,IMPS
TXN-06469,A-0386,A-0263,291512.97,2026-08-14 04:34:17,IMPS
TXN-06470,A-0187,A-0002,493689.67,2025-12-18 13:16:50,IMPS
TXN-06471,A-0036,A-0051,243590.43,2024-01-07 18:54:52,UPI
TXN-06472,A-0167,A-0157,282258.27,2024-01-22 22:16:35,NEFT
TXN-06473,A-0317,A-0478,204914.17,2025-02-03 10:32:10,NEFT
TXN-06474,A-0306,A-0231,359917.45,2024-11-22 13:20:52,IMPS
TXN-06475,A-0284,A-0115,397362.44,2025-12-23 09:59:41,RTGS
TXN-06476,A-0304,A-0163,216035.43,2026-07-19 06:48:22,IMPS
TXN-06477,A-0266,A-0381,330466.21,2026-02-06 12:13:29,UPI
TXN-06478,A-0080,A-0128,363014.79,2024-03-03 22:09:49,Cash Deposit
TXN-06479,A-0483,A-0082,387767.15,2026-02-14 16:38:16,NEFT
TXN-06480,A-0278,A-0204,286599.84,2026-02-14 02:53:16,NEFT
TXN-06481,A-0451,A-0263,12871.3,2025-11-01 22:42:49,UPI
TXN-06482,A-0215,A-0066,319576.74,2024-04-18 20:43:38,NEFT
TXN-06483,A-0409,A-0145,457063.12,2024-08-23 00:22:59,NEFT
TXN-06484,A-0368,A-0478,391758.84,2024-02-05 03:51:23,NEFT
TXN-06485,A-0027,A-0380,122507.39,2024-08-13 02:31:28,Cash Deposit
TXN-06486,A-0486,A-0124,269437.14,2025-05-20 21:45:44,Cash Deposit
TXN-06487,A-0264,A-0153,208626.0,2026-04-15 15:30:46,Cash Deposit
TXN-06488,A-0248,A-0103,62905.08,2025-07-18 18:38:46,IMPS
TXN-06489,A-0351,A-0123,84582.16,2024-06-25 06:39:29,UPI
TXN-06490,A-0308,A-0008,349594.58,2025-06-04 07:00:47,Cash Deposit
TXN-06491,A-0017,A-0467,285784.86,2025-10-10 15:16:24,IMPS
TXN-06492,A-0389,A-0122,349586.51,2026-04-25 11:02:11,IMPS
TXN-06493,A-0132,A-0371,130530.15,2026-02-18 22:26:44,NEFT
TXN-06494,A-0332,A-0034,205422.68,2024-06-04 00:30:32,UPI
TXN-06495,A-0316,A-0313,104779.21,2024-04-01 13:06:20,UPI
TXN-06496,A-0118,A-0088,45274.56,2026-04-19 22:49:03,IMPS
TXN-06497,A-0049,A-0324,16993.88,2026-08-02 03:44:01,UPI
TXN-06498,A-0347,A-0426,464974.14,2025-09-17 10:05:08,IMPS
TXN-06499,A-0390,A-0389,265869.22,2026-03-31 08:19:56,RTGS
TXN-06500,A-0297,A-0078,154671.15,2024-10-15 18:50:10,UPI
TXN-PLANT-CHAIN-01,A-0312,A-0487,150226.57,2025-11-12 09:20:51,UPI
TXN-PLANT-CHAIN-02,A-0198,A-0316,18684.01,2026-05-12 20:48:13,UPI
TXN-PLANT-CHAIN-03,A-0328,A-0332,130470.67,2026-11-05 12:19:44,UPI
TXN-PLANT-CHAIN-04,A-0017,A-0490,71952.87,2026-10-20 07:59:08,UPI
TXN-PLANT-CHAIN-05,A-0036,A-0032,30825.63,2025-12-07 09:48:05,UPI
TXN-PLANT-CHAIN-06,A-0269,A-0125,124418.44,2025-04-18 18:37:00,UPI
TXN-PLANT-CHAIN-07,A-0088,A-0082,17256.76,2026-03-31 13:00:19,UPI
TXN-PLANT-CHAIN-08,A-0275,A-0001,138137.16,2026-02-28 23:58:30,UPI
TXN-PLANT-CHAIN-09,A-0446,A-0431,73621.09,2025-06-12 03:44:08,UPI
TXN-PLANT-CHAIN-10,A-0295,A-0313,139686.04,2026-11-02 00:54:09,UPI
TXN-PLANT-CHAIN-11,A-0351,A-0008,144387.4,2025-11-30 00:51:23,UPI
TXN-PLANT-CHAIN-12,A-0074,A-0494,145480.31,2026-12-28 17:36:21,UPI
TXN-PLANT-CHAIN-13,A-0414,A-0147,188895.97,2026-05-31 22:50:39,UPI
TXN-PLANT-CHAIN-14,A-0292,A-0064,169392.37,2026-04-02 22:21:22,UPI
TXN-PLANT-CHAIN-15,A-0021,A-0276,20454.55,2026-12-28 20:40:33,UPI
TXN-PLANT-CHAIN-16,A-0359,A-0347,187172.57,2026-10-09 08:31:51,UPI
TXN-PLANT-CHAIN-17,A-0415,A-0451,54649.29,2025-09-04 21:34:01,UPI
TXN-PLANT-CHAIN-18,A-0461,A-0184,29978.37,2026-10-19 18:36:10,UPI
TXN-PLANT-CHAIN-19,A-0467,A-0111,141140.26,2026-12-21 00:02:38,UPI
TXN-PLANT-CHAIN-20,A-0358,A-0430,97283.67,2025-05-20 03:15:57,UPI
TXN-PLANT-CHAIN-21,A-0452,A-0313,63832.33,2026-08-23 10:21:33,UPI
TXN-PLANT-CHAIN-22,A-0470,A-0166,112421.61,2026-04-19 02:32:53,UPI
TXN-PLANT-CHAIN-23,A-0391,A-0106,21637.79,2025-09-18 04:09:10,UPI
TXN-PLANT-CHAIN-24,A-0387,A-0441,92810.03,2026-09-03 00:59:16,UPI
TXN-PLANT-CHAIN-25,A-0231,A-0461,28707.01,2026-02-02 20:39:15,UPI
