event_id,case_id,person_id,event_type,timestamp,location
EVT-00001,CASE-025,P-0001,SMS Sent,2025-03-23 15:21:55,"Jodhpur, Rajasthan"
EVT-00002,CASE-030,P-0001,Bank Login,2024-06-29 11:14:15,"Lucknow, Uttar Pradesh"
EVT-00003,CASE-025,P-0001,Call Made,2023-12-17 18:59:11,"Kanpur, Uttar Pradesh"
EVT-00004,CASE-018,P-0002,ATM Withdrawal,2023-01-01 22:13:29,"Kolkata, West Bengal"
EVT-00005,CASE-018,P-0002,SMS Sent,2023-08-13 05:57:53,"Nagpur, Maharashtra"
EVT-00006,CASE-045,P-0003,SMS Sent,2024-04-15 11:20:59,"Coimbatore, Tamil Nadu"
EVT-00007,CASE-045,P-0003,Call Received,2023-02-06 12:21:10,"Pune, Maharashtra"
EVT-00008,CASE-045,P-0003,Location Ping,2023-07-08 02:01:23,"Coimbatore, Tamil Nadu"
EVT-00009,CASE-008,P-0004,Call Made,2024-01-29 16:42:02,"Kanpur, Uttar Pradesh"
EVT-00010,CASE-008,P-0004,SMS Sent,2024-07-09 09:05:55,"Jodhpur, Rajasthan"
EVT-00011,CASE-011,P-0005,Location Ping,2024-08-25 08:16:03,"Jaipur, Rajasthan"
EVT-00012,CASE-019,P-0006,SMS Sent,2025-08-19 23:36:11,"Chandigarh, Punjab"
EVT-00013,CASE-019,P-0006,ATM Withdrawal,2025-08-13 01:31:25,"Chandigarh, Punjab"
EVT-00014,CASE-040,P-0007,Call Made,2025-02-15 17:09:32,"Surat, Gujarat"
EVT-00015,CASE-015,P-0008,Location Ping,2025-12-24 09:26:08,"Patna, Bihar"
EVT-00016,CASE-015,P-0008,Bank Login,2023-06-02 05:57:32,"Lucknow, Uttar Pradesh"
EVT-00017,CASE-015,P-0008,ATM Withdrawal,2025-01-31 16:01:27,"Pune, Maharashtra"
EVT-00018,CASE-032,P-0009,SMS Sent,2023-05-15 21:12:20,"Patna, Bihar"
EVT-00019,CASE-056,P-0009,Bank Login,2023-05-23 23:49:46,"Nagpur, Maharashtra"
EVT-00020,CASE-032,P-0009,ATM Withdrawal,2025-09-07 16:31:32,"Bengaluru Urban, Karnataka"
EVT-00021,CASE-056,P-0009,SMS Sent,2024-06-08 02:32:19,"Hyderabad, Telangana"
EVT-00022,CASE-018,P-0010,Location Ping,2024-04-26 06:41:14,"New Delhi, Delhi"
EVT-00023,CASE-001,P-0010,Call Received,2025-08-11 09:02:15,"Lucknow, Uttar Pradesh"
EVT-00024,CASE-018,P-0010,Call Made,2025-11-28 06:47:54,"Mysuru, Karnataka"
EVT-00025,CASE-018,P-0010,Bank Login,2024-11-21 09:33:01,"Nagpur, Maharashtra"
EVT-00026,CASE-021,P-0011,Location Ping,2025-12-18 22:55:45,"Chandigarh, Punjab"
EVT-00027,CASE-021,P-0011,Bank Login,2025-10-12 11:47:19,"Mumbai, Maharashtra"
EVT-00028,CASE-060,P-0012,ATM Withdrawal,2025-03-13 17:19:35,"Patna, Bihar"
EVT-00029,CASE-060,P-0012,SMS Sent,2024-03-31 18:21:08,"Chennai, Tamil Nadu"
EVT-00030,CASE-060,P-0012,Location Ping,2025-07-22 19:23:27,"Surat, Gujarat"
EVT-00031,CASE-037,P-0013,ATM Withdrawal,2023-08-29 11:13:12,"Nagpur, Maharashtra"
EVT-00032,CASE-037,P-0013,SMS Sent,2025-01-25 08:37:08,"Hyderabad, Telangana"
EVT-00033,CASE-037,P-0013,SMS Sent,2025-10-12 18:05:51,"Chennai, Tamil Nadu"
EVT-00034,CASE-037,P-0013,Call Made,2024-04-14 13:41:22,"Chennai, Tamil Nadu"
EVT-00035,CASE-003,P-0014,ATM Withdrawal,2025-06-25 13:03:34,"Patna, Bihar"
EVT-00036,CASE-003,P-0014,ATM Withdrawal,2024-11-21 18:21:55,"Bengaluru Urban, Karnataka"
EVT-00037,CASE-050,P-0015,Call Received,2023-07-25 01:16:46,"Bhopal, Madhya Pradesh"
EVT-00038,CASE-026,P-0016,SMS Sent,2024-07-23 14:39:31,"Lucknow, Uttar Pradesh"
EVT-00039,CASE-007,P-0017,ATM Withdrawal,2025-04-24 06:34:32,"Bengaluru Urban, Karnataka"
EVT-00040,CASE-001,P-0018,Call Made,2024-03-09 06:13:40,"Lucknow, Uttar Pradesh"
EVT-00041,CASE-001,P-0018,Call Made,2023-04-12 05:54:46,"Nagpur, Maharashtra"
EVT-00042,CASE-001,P-0018,ATM Withdrawal,2024-07-09 13:52:55,"Patna, Bihar"
EVT-00043,CASE-001,P-0018,Bank Login,2024-01-13 20:20:40,"Mysuru, Karnataka"
EVT-00044,CASE-014,P-0019,Call Received,2023-05-15 04:23:15,"Chandigarh, Punjab"
EVT-00045,CASE-042,P-0020,SMS Sent,2025-10-22 01:26:13,"New Delhi, Delhi"
EVT-00046,CASE-042,P-0020,Bank Login,2024-02-13 13:35:59,"Patna, Bihar"
EVT-00047,CASE-043,P-0021,Bank Login,2024-10-03 23:17:30,"Bengaluru Urban, Karnataka"
EVT-00048,CASE-055,P-0022,Call Received,2023-08-17 22:59:39,"Ahmedabad, Gujarat"
EVT-00049,CASE-050,P-0023,Call Made,2024-07-31 15:53:31,"Mumbai, Maharashtra"
EVT-00050,CASE-050,P-0023,Call Made,2025-03-25 21:07:50,"Warangal, Telangana"
EVT-00051,CASE-051,P-0024,Call Received,2024-05-11 08:54:42,"Hyderabad, Telangana"
EVT-00052,CASE-001,P-0025,Call Received,2025-10-28 13:04:10,"Patna, Bihar"
EVT-00053,CASE-056,P-0025,SMS Sent,2023-11-29 15:03:54,"Bengaluru Urban, Karnataka"
EVT-00054,CASE-001,P-0025,SMS Sent,2025-05-09 02:32:51,"New Delhi, Delhi"
EVT-00055,CASE-001,P-0025,Call Received,2025-11-02 06:37:57,"Mysuru, Karnataka"
EVT-00056,CASE-034,P-0026,SMS Sent,2025-03-08 12:21:52,"Nagpur, Maharashtra"
EVT-00057,CASE-034,P-0026,Call Received,2025-08-31 22:03:08,"Lucknow, Uttar Pradesh"
EVT-00058,CASE-018,P-0027,Location Ping,2024-09-23 07:22:19,"Mumbai, Maharashtra"
EVT-00059,CASE-018,P-0027,Call Made,2024-05-12 20:38:34,"Jodhpur, Rajasthan"
EVT-00060,CASE-018,P-0027,Call Received,2025-11-09 09:08:59,"Jaipur, Rajasthan"
EVT-00061,CASE-037,P-0028,Bank Login,2023-12-16 02:12:29,"Mysuru, Karnataka"
EVT-00062,CASE-037,P-0028,Bank Login,2025-03-02 13:17:58,"Lucknow, Uttar Pradesh"
EVT-00063,CASE-037,P-0028,Call Received,2025-07-19 11:33:00,"Kolkata, West Bengal"
EVT-00064,CASE-037,P-0028,SMS Sent,2023-04-27 14:16:06,"Lucknow, Uttar Pradesh"
EVT-00065,CASE-040,P-0029,Call Made,2025-05-22 13:11:49,"Nagpur, Maharashtra"
EVT-00066,CASE-059,P-0030,Location Ping,2024-03-06 21:49:39,"Jodhpur, Rajasthan"
EVT-00067,CASE-059,P-0030,SMS Sent,2025-10-06 23:58:38,"Surat, Gujarat"
EVT-00068,CASE-025,P-0031,Location Ping,2024-12-30 23:35:05,"Kolkata, West Bengal"
EVT-00069,CASE-025,P-0031,SMS Sent,2025-12-05 11:20:21,"Chandigarh, Punjab"
EVT-00070,CASE-008,P-0031,SMS Sent,2024-06-07 15:04:35,"Nagpur, Maharashtra"
EVT-00071,CASE-012,P-0032,Bank Login,2025-03-14 03:04:00,"Bhopal, Madhya Pradesh"
EVT-00072,CASE-012,P-0032,Location Ping,2025-09-04 07:20:41,"Warangal, Telangana"
EVT-00073,CASE-012,P-0032,Location Ping,2025-07-12 10:05:56,"Kolkata, West Bengal"
EVT-00074,CASE-012,P-0032,Location Ping,2024-05-18 13:43:22,"Hyderabad, Telangana"
EVT-00075,CASE-046,P-0033,Location Ping,2023-10-26 00:33:26,"Surat, Gujarat"
EVT-00076,CASE-046,P-0033,Location Ping,2024-02-14 23:17:00,"Bhopal, Madhya Pradesh"
EVT-00077,CASE-035,P-0034,Bank Login,2023-08-05 08:38:52,"Ahmedabad, Gujarat"
EVT-00078,CASE-035,P-0034,ATM Withdrawal,2025-12-01 15:10:31,"Jaipur, Rajasthan"
EVT-00079,CASE-035,P-0034,Call Received,2024-12-19 18:20:58,"Chandigarh, Punjab"
EVT-00080,CASE-035,P-0034,Call Made,2024-03-28 18:27:28,"Hyderabad, Telangana"
EVT-00081,CASE-049,P-0035,Call Received,2025-10-02 19:42:16,"Patna, Bihar"
EVT-00082,CASE-049,P-0035,Call Received,2024-08-31 09:02:00,"Patna, Bihar"
EVT-00083,CASE-048,P-0036,SMS Sent,2025-04-14 20:02:43,"Surat, Gujarat"
EVT-00084,CASE-014,P-0036,Location Ping,2025-07-30 08:42:43,"Nagpur, Maharashtra"
EVT-00085,CASE-049,P-0036,Call Made,2024-08-07 23:14:58,"New Delhi, Delhi"
EVT-00086,CASE-028,P-0037,Call Made,2023-10-21 11:44:58,"Warangal, Telangana"
EVT-00087,CASE-028,P-0037,SMS Sent,2025-05-05 09:30:11,"Chandigarh, Punjab"
EVT-00088,CASE-028,P-0037,Bank Login,2025-05-31 12:12:18,"Lucknow, Uttar Pradesh"
EVT-00089,CASE-028,P-0037,Location Ping,2023-03-21 05:09:29,"Lucknow, Uttar Pradesh"
EVT-00090,CASE-023,P-0038,SMS Sent,2024-11-10 02:57:43,"Jodhpur, Rajasthan"
EVT-00091,CASE-023,P-0038,Call Made,2023-08-06 01:24:49,"Chennai, Tamil Nadu"
EVT-00092,CASE-023,P-0038,Location Ping,2023-03-26 15:59:14,"Mumbai, Maharashtra"
EVT-00093,CASE-023,P-0038,Location Ping,2023-06-16 22:27:35,"New Delhi, Delhi"
EVT-00094,CASE-054,P-0039,Call Made,2025-12-02 18:56:11,"Lucknow, Uttar Pradesh"
EVT-00095,CASE-054,P-0039,Call Made,2025-10-22 17:39:16,"Chandigarh, Punjab"
EVT-00096,CASE-054,P-0039,Call Made,2023-06-23 02:29:15,"Surat, Gujarat"
EVT-00097,CASE-053,P-0040,SMS Sent,2024-01-09 21:12:39,"Hyderabad, Telangana"
EVT-00098,CASE-044,P-0040,Bank Login,2025-07-26 18:07:27,"Chandigarh, Punjab"
EVT-00099,CASE-053,P-0040,Bank Login,2024-07-03 05:21:10,"Hyderabad, Telangana"
EVT-00100,CASE-052,P-0041,Bank Login,2025-06-26 09:34:20,"Surat, Gujarat"
EVT-00101,CASE-052,P-0041,Call Received,2024-08-18 09:24:56,"Coimbatore, Tamil Nadu"
EVT-00102,CASE-057,P-0042,Call Made,2025-06-06 09:22:51,"Bhopal, Madhya Pradesh"
EVT-00103,CASE-006,P-0043,Call Made,2023-05-29 15:20:43,"Hyderabad, Telangana"
EVT-00104,CASE-006,P-0043,Call Received,2024-01-11 23:19:39,"Kanpur, Uttar Pradesh"
EVT-00105,CASE-030,P-0043,Call Received,2023-12-09 06:55:51,"Warangal, Telangana"
EVT-00106,CASE-005,P-0044,Call Received,2025-11-08 14:43:04,"Ahmedabad, Gujarat"
EVT-00107,CASE-045,P-0045,SMS Sent,2023-11-28 11:40:27,"Hyderabad, Telangana"
EVT-00108,CASE-045,P-0045,Call Made,2024-09-26 15:16:27,"Kanpur, Uttar Pradesh"
EVT-00109,CASE-045,P-0045,Call Received,2024-08-20 06:17:10,"Bhopal, Madhya Pradesh"
EVT-00110,CASE-045,P-0045,Call Made,2025-04-20 19:48:27,"Warangal, Telangana"
EVT-00111,CASE-014,P-0046,SMS Sent,2025-03-24 21:43:36,"Surat, Gujarat"
EVT-00112,CASE-014,P-0046,Call Made,2025-02-14 05:16:01,"Kolkata, West Bengal"
EVT-00113,CASE-019,P-0047,Bank Login,2023-11-16 04:27:40,"Jaipur, Rajasthan"
EVT-00114,CASE-019,P-0047,ATM Withdrawal,2023-05-01 04:04:34,"Bhopal, Madhya Pradesh"
EVT-00115,CASE-019,P-0047,Call Received,2024-09-19 14:26:49,"Coimbatore, Tamil Nadu"
EVT-00116,CASE-019,P-0047,Location Ping,2024-07-02 18:41:31,"Jodhpur, Rajasthan"
EVT-00117,CASE-060,P-0048,ATM Withdrawal,2024-03-27 13:17:29,"Hyderabad, Telangana"
EVT-00118,CASE-060,P-0048,Bank Login,2024-12-30 16:10:14,"Pune, Maharashtra"
EVT-00119,CASE-060,P-0048,ATM Withdrawal,2025-12-19 15:42:05,"Nagpur, Maharashtra"
EVT-00120,CASE-029,P-0049,SMS Sent,2025-06-07 00:53:58,"Jaipur, Rajasthan"
EVT-00121,CASE-029,P-0049,SMS Sent,2023-02-01 20:04:34,"Patna, Bihar"
EVT-00122,CASE-029,P-0049,ATM Withdrawal,2024-11-22 19:00:52,"Lucknow, Uttar Pradesh"
EVT-00123,CASE-029,P-0049,SMS Sent,2024-02-01 00:19:12,"Jaipur, Rajasthan"
EVT-00124,CASE-013,P-0050,Location Ping,2024-02-08 16:14:56,"Patna, Bihar"
EVT-00125,CASE-013,P-0050,Call Received,2023-12-07 10:00:39,"Chandigarh, Punjab"
EVT-00126,CASE-015,P-0051,SMS Sent,2024-07-20 08:13:24,"Mumbai, Maharashtra"
EVT-00127,CASE-015,P-0051,Call Made,2023-09-04 14:45:57,"Nagpur, Maharashtra"
EVT-00128,CASE-022,P-0052,Call Made,2025-03-26 22:53:00,"Warangal, Telangana"
EVT-00129,CASE-032,P-0053,Location Ping,2023-08-09 00:29:58,"Lucknow, Uttar Pradesh"
EVT-00130,CASE-038,P-0053,Call Received,2023-12-22 21:02:40,"Lucknow, Uttar Pradesh"
EVT-00131,CASE-038,P-0053,Call Received,2025-03-19 13:56:37,"Nagpur, Maharashtra"
EVT-00132,CASE-032,P-0053,Call Made,2025-08-22 14:29:40,"Mumbai, Maharashtra"
EVT-00133,CASE-030,P-0054,Bank Login,2024-12-31 12:07:46,"Lucknow, Uttar Pradesh"
EVT-00134,CASE-030,P-0054,Call Received,2023-01-27 16:35:03,"Coimbatore, Tamil Nadu"
EVT-00135,CASE-051,P-0055,Call Made,2024-02-22 22:41:31,"Chennai, Tamil Nadu"
EVT-00136,CASE-031,P-0056,Bank Login,2024-07-27 02:43:45,"Chennai, Tamil Nadu"
EVT-00137,CASE-010,P-0057,Call Received,2023-01-14 14:05:34,"Surat, Gujarat"
EVT-00138,CASE-010,P-0057,Location Ping,2025-03-08 07:11:39,"Pune, Maharashtra"
EVT-00139,CASE-011,P-0058,Call Received,2023-09-17 10:15:30,"Mumbai, Maharashtra"
EVT-00140,CASE-012,P-0059,Call Received,2024-01-11 19:38:19,"Bhopal, Madhya Pradesh"
EVT-00141,CASE-012,P-0059,Bank Login,2024-03-09 20:12:11,"Kanpur, Uttar Pradesh"
EVT-00142,CASE-012,P-0059,SMS Sent,2023-09-30 01:52:44,"Bengaluru Urban, Karnataka"
EVT-00143,CASE-012,P-0059,Call Received,2025-09-21 10:00:15,"Bhopal, Madhya Pradesh"
EVT-00144,CASE-043,P-0060,SMS Sent,2023-07-31 02:52:40,"Pune, Maharashtra"
EVT-00145,CASE-008,P-0061,Bank Login,2025-01-31 02:54:10,"Jodhpur, Rajasthan"
EVT-00146,CASE-008,P-0061,Bank Login,2024-12-25 20:51:44,"Kolkata, West Bengal"
EVT-00147,CASE-008,P-0061,Bank Login,2025-06-16 01:42:43,"Jodhpur, Rajasthan"
EVT-00148,CASE-009,P-0062,Call Received,2025-02-20 14:53:11,"Patna, Bihar"
EVT-00149,CASE-009,P-0062,Call Made,2023-11-18 09:31:50,"Nagpur, Maharashtra"
EVT-00150,CASE-009,P-0062,Location Ping,2023-06-29 11:30:05,"Bhopal, Madhya Pradesh"
EVT-00151,CASE-014,P-0063,SMS Sent,2024-04-10 06:50:20,"Jaipur, Rajasthan"
EVT-00152,CASE-014,P-0063,Location Ping,2025-01-26 20:56:15,"Coimbatore, Tamil Nadu"
EVT-00153,CASE-014,P-0063,Call Received,2024-11-07 14:00:58,"Mysuru, Karnataka"
EVT-00154,CASE-014,P-0063,Bank Login,2023-08-06 05:48:13,"Ahmedabad, Gujarat"
EVT-00155,CASE-021,P-0064,Call Received,2023-01-26 10:37:03,"Hyderabad, Telangana"
EVT-00156,CASE-021,P-0064,Location Ping,2025-01-26 04:19:06,"Jodhpur, Rajasthan"
EVT-00157,CASE-021,P-0064,ATM Withdrawal,2024-12-23 16:05:18,"Jaipur, Rajasthan"
EVT-00158,CASE-021,P-0064,SMS Sent,2023-07-22 14:11:25,"Lucknow, Uttar Pradesh"
EVT-00159,CASE-029,P-0065,Call Received,2025-09-21 05:46:55,"Bengaluru Urban, Karnataka"
EVT-00160,CASE-020,P-0066,Call Made,2024-06-28 13:38:30,"Kanpur, Uttar Pradesh"
EVT-00161,CASE-020,P-0066,ATM Withdrawal,2024-11-04 05:39:52,"Nagpur, Maharashtra"
EVT-00162,CASE-020,P-0066,Location Ping,2025-03-07 05:40:40,"New Delhi, Delhi"
EVT-00163,CASE-060,P-0067,SMS Sent,2023-04-16 06:06:50,"Jaipur, Rajasthan"
EVT-00164,CASE-060,P-0067,Call Received,2024-04-27 02:22:47,"Kolkata, West Bengal"
EVT-00165,CASE-060,P-0067,Call Made,2023-06-07 08:50:22,"Mysuru, Karnataka"
EVT-00166,CASE-060,P-0067,Call Made,2023-02-08 08:16:04,"Kolkata, West Bengal"
EVT-00167,CASE-030,P-0068,Call Made,2024-11-27 12:01:20,"Jodhpur, Rajasthan"
EVT-00168,CASE-030,P-0068,Bank Login,2024-12-16 00:53:28,"Jaipur, Rajasthan"
EVT-00169,CASE-048,P-0069,Location Ping,2023-03-21 02:17:56,"Kolkata, West Bengal"
EVT-00170,CASE-048,P-0069,SMS Sent,2025-01-27 07:56:40,"Lucknow, Uttar Pradesh"
EVT-00171,CASE-048,P-0069,ATM Withdrawal,2025-05-01 06:32:18,"Chandigarh, Punjab"
EVT-00172,CASE-042,P-0070,SMS Sent,2024-05-27 20:57:39,"Kanpur, Uttar Pradesh"
EVT-00173,CASE-019,P-0071,Call Received,2023-11-01 23:52:16,"Nagpur, Maharashtra"
EVT-00174,CASE-019,P-0071,Location Ping,2024-09-04 16:16:32,"Hyderabad, Telangana"
EVT-00175,CASE-019,P-0071,Call Made,2024-04-15 13:18:51,"Pune, Maharashtra"
EVT-00176,CASE-037,P-0072,SMS Sent,2025-06-03 08:51:05,"Coimbatore, Tamil Nadu"
EVT-00177,CASE-043,P-0072,Call Received,2024-10-25 04:24:50,"New Delhi, Delhi"
EVT-00178,CASE-029,P-0073,Call Made,2023-04-13 21:10:07,"Chennai, Tamil Nadu"
EVT-00179,CASE-029,P-0073,Location Ping,2025-01-19 19:02:22,"Nagpur, Maharashtra"
EVT-00180,CASE-029,P-0073,SMS Sent,2023-09-15 06:09:43,"Patna, Bihar"
EVT-00181,CASE-009,P-0074,ATM Withdrawal,2024-12-14 23:21:50,"Surat, Gujarat"
EVT-00182,CASE-054,P-0075,Location Ping,2025-06-15 09:44:21,"New Delhi, Delhi"
EVT-00183,CASE-054,P-0075,ATM Withdrawal,2025-10-29 22:48:57,"Surat, Gujarat"
EVT-00184,CASE-054,P-0075,ATM Withdrawal,2025-11-25 09:12:37,"Chandigarh, Punjab"
EVT-00185,CASE-021,P-0076,Call Received,2023-02-04 12:36:55,"Lucknow, Uttar Pradesh"
EVT-00186,CASE-021,P-0076,Location Ping,2024-05-24 18:27:13,"Kolkata, West Bengal"
EVT-00187,CASE-021,P-0076,SMS Sent,2024-09-20 16:38:54,"Mumbai, Maharashtra"
EVT-00188,CASE-038,P-0077,Call Made,2023-08-18 20:47:41,"New Delhi, Delhi"
EVT-00189,CASE-038,P-0077,Call Received,2024-01-22 09:37:31,"Kanpur, Uttar Pradesh"
EVT-00190,CASE-038,P-0077,Call Made,2025-12-19 08:16:30,"New Delhi, Delhi"
EVT-00191,CASE-018,P-0078,ATM Withdrawal,2024-09-13 03:30:53,"Lucknow, Uttar Pradesh"
EVT-00192,CASE-018,P-0078,Location Ping,2023-05-07 00:42:57,"Hyderabad, Telangana"
EVT-00193,CASE-050,P-0078,Bank Login,2025-01-17 11:27:16,"Nagpur, Maharashtra"
EVT-00194,CASE-044,P-0079,SMS Sent,2024-09-22 13:58:11,"Lucknow, Uttar Pradesh"
EVT-00195,CASE-044,P-0079,SMS Sent,2025-01-05 01:12:37,"Pune, Maharashtra"
EVT-00196,CASE-043,P-0079,Location Ping,2023-07-03 15:47:59,"Ahmedabad, Gujarat"
EVT-00197,CASE-032,P-0080,SMS Sent,2024-09-07 16:48:01,"Chandigarh, Punjab"
EVT-00198,CASE-032,P-0080,SMS Sent,2024-10-30 03:30:00,"Hyderabad, Telangana"
EVT-00199,CASE-004,P-0081,Bank Login,2023-09-14 03:42:35,"Surat, Gujarat"
EVT-00200,CASE-004,P-0081,Bank Login,2024-05-23 04:46:16,"Chandigarh, Punjab"
EVT-00201,CASE-004,P-0081,Call Made,2023-06-06 08:52:14,"Nagpur, Maharashtra"
EVT-00202,CASE-010,P-0082,Call Received,2025-04-19 10:28:14,"Lucknow, Uttar Pradesh"
EVT-00203,CASE-025,P-0083,ATM Withdrawal,2025-10-03 14:03:49,"Mysuru, Karnataka"
EVT-00204,CASE-025,P-0083,Call Made,2025-01-01 23:54:46,"Chennai, Tamil Nadu"
EVT-00205,CASE-025,P-0083,Call Received,2024-03-28 17:02:16,"Jaipur, Rajasthan"
EVT-00206,CASE-025,P-0083,ATM Withdrawal,2025-06-07 13:36:12,"Nagpur, Maharashtra"
EVT-00207,CASE-023,P-0084,Location Ping,2024-05-27 20:34:34,"Bengaluru Urban, Karnataka"
EVT-00208,CASE-036,P-0085,Call Made,2025-08-12 09:07:32,"Pune, Maharashtra"
EVT-00209,CASE-029,P-0086,SMS Sent,2025-01-31 17:56:57,"Bengaluru Urban, Karnataka"
EVT-00210,CASE-048,P-0086,Bank Login,2024-03-28 17:14:22,"Bhopal, Madhya Pradesh"
EVT-00211,CASE-052,P-0087,Call Received,2023-04-11 21:13:57,"Kanpur, Uttar Pradesh"
EVT-00212,CASE-047,P-0088,ATM Withdrawal,2025-12-23 07:45:22,"Kolkata, West Bengal"
EVT-00213,CASE-047,P-0088,SMS Sent,2025-07-31 03:20:49,"Hyderabad, Telangana"
EVT-00214,CASE-058,P-0088,Call Made,2024-09-03 02:46:18,"Surat, Gujarat"
EVT-00215,CASE-010,P-0089,SMS Sent,2024-07-11 07:14:27,"Kolkata, West Bengal"
EVT-00216,CASE-010,P-0089,Location Ping,2025-10-12 03:51:04,"Jodhpur, Rajasthan"
EVT-00217,CASE-056,P-0090,Location Ping,2025-10-31 23:48:01,"Surat, Gujarat"
EVT-00218,CASE-056,P-0090,Call Received,2024-12-17 14:01:01,"Mysuru, Karnataka"
EVT-00219,CASE-056,P-0090,Call Made,2023-05-04 10:13:38,"Mumbai, Maharashtra"
EVT-00220,CASE-056,P-0090,Call Received,2023-06-17 06:23:45,"Kanpur, Uttar Pradesh"
EVT-00221,CASE-060,P-0091,ATM Withdrawal,2023-04-25 02:07:19,"Ahmedabad, Gujarat"
EVT-00222,CASE-060,P-0091,ATM Withdrawal,2024-05-12 00:36:54,"Chandigarh, Punjab"
EVT-00223,CASE-001,P-0092,SMS Sent,2024-09-28 17:27:18,"Bengaluru Urban, Karnataka"
EVT-00224,CASE-001,P-0092,ATM Withdrawal,2023-11-22 20:51:44,"Patna, Bihar"
EVT-00225,CASE-036,P-0093,Call Received,2024-08-30 01:52:00,"Coimbatore, Tamil Nadu"
EVT-00226,CASE-059,P-0094,Call Made,2023-02-18 17:54:46,"Warangal, Telangana"
EVT-00227,CASE-059,P-0094,Call Received,2025-02-12 00:30:13,"Kanpur, Uttar Pradesh"
EVT-00228,CASE-059,P-0094,ATM Withdrawal,2024-05-17 15:55:16,"Kanpur, Uttar Pradesh"
EVT-00229,CASE-025,P-0095,ATM Withdrawal,2024-10-18 02:17:22,"Surat, Gujarat"
EVT-00230,CASE-025,P-0095,Call Made,2023-09-13 01:02:28,"Warangal, Telangana"
EVT-00231,CASE-053,P-0096,SMS Sent,2024-06-03 17:09:42,"Mysuru, Karnataka"
EVT-00232,CASE-053,P-0096,Call Received,2024-01-08 20:43:12,"Kolkata, West Bengal"
EVT-00233,CASE-053,P-0096,Location Ping,2023-11-11 04:37:38,"Chennai, Tamil Nadu"
EVT-00234,CASE-053,P-0096,Call Made,2023-01-15 07:56:17,"Jaipur, Rajasthan"
EVT-00235,CASE-032,P-0097,Location Ping,2023-01-05 06:03:15,"Bengaluru Urban, Karnataka"
EVT-00236,CASE-032,P-0097,Bank Login,2023-11-10 08:24:51,"Coimbatore, Tamil Nadu"
EVT-00237,CASE-020,P-0097,Location Ping,2025-11-22 21:29:57,"Kolkata, West Bengal"
EVT-00238,CASE-001,P-0098,Bank Login,2025-07-06 06:58:50,"Bhopal, Madhya Pradesh"
EVT-00239,CASE-001,P-0098,SMS Sent,2023-03-03 05:52:45,"Kanpur, Uttar Pradesh"
EVT-00240,CASE-001,P-0098,Bank Login,2024-12-10 01:10:52,"Mumbai, Maharashtra"
EVT-00241,CASE-041,P-0099,Call Made,2024-09-24 18:35:52,"Chandigarh, Punjab"
EVT-00242,CASE-041,P-0099,SMS Sent,2024-10-10 04:01:31,"Kanpur, Uttar Pradesh"
EVT-00243,CASE-041,P-0099,Location Ping,2025-07-06 22:06:45,"Hyderabad, Telangana"
EVT-00244,CASE-042,P-0100,Location Ping,2025-10-09 22:21:39,"Mumbai, Maharashtra"
EVT-00245,CASE-042,P-0100,ATM Withdrawal,2025-06-19 07:42:06,"Warangal, Telangana"
EVT-00246,CASE-042,P-0100,Location Ping,2023-01-07 15:45:25,"Kolkata, West Bengal"
EVT-00247,CASE-042,P-0100,Call Made,2023-12-11 13:20:17,"Kanpur, Uttar Pradesh"
EVT-00248,CASE-012,P-0101,Call Made,2024-10-29 23:57:47,"Mumbai, Maharashtra"
EVT-00249,CASE-012,P-0101,Location Ping,2025-04-11 11:51:03,"New Delhi, Delhi"
EVT-00250,CASE-016,P-0102,Bank Login,2025-09-21 05:39:43,"Ahmedabad, Gujarat"
EVT-00251,CASE-016,P-0102,SMS Sent,2025-06-20 06:32:17,"Coimbatore, Tamil Nadu"
EVT-00252,CASE-016,P-0102,Call Made,2023-12-31 19:13:26,"Jodhpur, Rajasthan"
EVT-00253,CASE-016,P-0102,Call Received,2025-04-26 17:25:51,"Coimbatore, Tamil Nadu"
EVT-00254,CASE-005,P-0103,Call Made,2024-05-25 17:36:50,"Hyderabad, Telangana"
EVT-00255,CASE-028,P-0104,Call Made,2023-07-21 18:10:59,"Warangal, Telangana"
EVT-00256,CASE-028,P-0104,ATM Withdrawal,2024-03-30 02:21:13,"Warangal, Telangana"
EVT-00257,CASE-028,P-0104,Call Received,2024-10-24 11:11:08,"Coimbatore, Tamil Nadu"
EVT-00258,CASE-028,P-0104,Location Ping,2023-06-01 14:57:08,"Ahmedabad, Gujarat"
EVT-00259,CASE-031,P-0105,Call Made,2023-08-30 16:01:06,"Bengaluru Urban, Karnataka"
EVT-00260,CASE-031,P-0105,Call Received,2023-04-13 11:59:50,"Warangal, Telangana"
EVT-00261,CASE-031,P-0105,Call Made,2024-12-02 01:22:12,"Surat, Gujarat"
EVT-00262,CASE-033,P-0106,Bank Login,2023-07-09 16:07:30,"Patna, Bihar"
EVT-00263,CASE-038,P-0107,Location Ping,2023-05-23 23:07:51,"Jaipur, Rajasthan"
EVT-00264,CASE-038,P-0107,SMS Sent,2023-10-22 01:37:17,"New Delhi, Delhi"
EVT-00265,CASE-038,P-0107,ATM Withdrawal,2023-01-29 07:34:19,"Bhopal, Madhya Pradesh"
EVT-00266,CASE-057,P-0108,Call Received,2023-08-15 12:18:01,"Surat, Gujarat"
EVT-00267,CASE-004,P-0109,SMS Sent,2025-09-08 02:38:45,"Jaipur, Rajasthan"
EVT-00268,CASE-004,P-0109,Location Ping,2024-08-27 17:20:36,"Lucknow, Uttar Pradesh"
EVT-00269,CASE-059,P-0110,Call Received,2023-09-18 05:42:38,"Coimbatore, Tamil Nadu"
EVT-00270,CASE-019,P-0111,ATM Withdrawal,2023-12-19 05:53:50,"Patna, Bihar"
EVT-00271,CASE-019,P-0111,SMS Sent,2024-05-15 13:00:31,"Jaipur, Rajasthan"
EVT-00272,CASE-019,P-0111,Call Made,2023-02-26 12:19:31,"Kanpur, Uttar Pradesh"
EVT-00273,CASE-019,P-0111,Call Made,2025-06-05 22:09:35,"Jaipur, Rajasthan"
EVT-00274,CASE-050,P-0112,Location Ping,2025-10-04 17:54:58,"Surat, Gujarat"
EVT-00275,CASE-021,P-0113,Location Ping,2024-12-20 23:50:04,"Nagpur, Maharashtra"
EVT-00276,CASE-021,P-0113,Call Made,2025-07-12 18:06:09,"Kolkata, West Bengal"
EVT-00277,CASE-021,P-0113,Bank Login,2023-07-30 21:53:01,"Patna, Bihar"
EVT-00278,CASE-021,P-0113,Bank Login,2025-05-06 21:18:32,"Surat, Gujarat"
EVT-00279,CASE-044,P-0114,ATM Withdrawal,2024-05-07 13:06:40,"Hyderabad, Telangana"
EVT-00280,CASE-007,P-0115,Location Ping,2023-03-02 11:44:35,"Bengaluru Urban, Karnataka"
EVT-00281,CASE-007,P-0115,Location Ping,2025-10-29 18:25:21,"Mysuru, Karnataka"
EVT-00282,CASE-007,P-0115,SMS Sent,2023-08-26 17:37:26,"Warangal, Telangana"
EVT-00283,CASE-010,P-0116,Call Made,2025-04-04 19:42:37,"Jaipur, Rajasthan"
EVT-00284,CASE-010,P-0116,SMS Sent,2024-04-24 01:25:51,"Ahmedabad, Gujarat"
EVT-00285,CASE-010,P-0116,Call Made,2023-02-10 14:51:35,"Ahmedabad, Gujarat"
EVT-00286,CASE-024,P-0117,ATM Withdrawal,2023-05-25 14:08:02,"Mysuru, Karnataka"
EVT-00287,CASE-024,P-0117,Location Ping,2023-06-26 02:53:45,"Bengaluru Urban, Karnataka"
EVT-00288,CASE-024,P-0117,Location Ping,2024-05-09 11:31:16,"Bengaluru Urban, Karnataka"
EVT-00289,CASE-059,P-0118,Bank Login,2023-05-03 11:19:33,"Hyderabad, Telangana"
EVT-00290,CASE-059,P-0118,Location Ping,2024-04-28 21:08:01,"New Delhi, Delhi"
EVT-00291,CASE-010,P-0119,Bank Login,2025-10-19 00:16:44,"Ahmedabad, Gujarat"
EVT-00292,CASE-058,P-0120,Call Made,2024-04-29 12:11:01,"Lucknow, Uttar Pradesh"
EVT-00293,CASE-046,P-0121,Location Ping,2024-02-22 22:50:36,"Mumbai, Maharashtra"
EVT-00294,CASE-005,P-0122,Call Made,2025-07-02 21:34:21,"Pune, Maharashtra"
EVT-00295,CASE-005,P-0122,SMS Sent,2023-03-08 01:26:28,"Patna, Bihar"
EVT-00296,CASE-002,P-0123,Bank Login,2023-06-16 01:10:58,"Warangal, Telangana"
EVT-00297,CASE-002,P-0123,Bank Login,2025-05-21 18:41:49,"Hyderabad, Telangana"
EVT-00298,CASE-002,P-0123,Location Ping,2023-09-19 13:39:15,"Chennai, Tamil Nadu"
EVT-00299,CASE-024,P-0124,SMS Sent,2023-12-06 07:12:31,"Mysuru, Karnataka"
EVT-00300,CASE-039,P-0125,SMS Sent,2023-01-09 05:05:40,"Kolkata, West Bengal"
EVT-00301,CASE-039,P-0125,Bank Login,2023-10-19 08:22:08,"Patna, Bihar"
EVT-00302,CASE-012,P-0126,SMS Sent,2023-11-24 18:55:49,"Bhopal, Madhya Pradesh"
EVT-00303,CASE-020,P-0126,SMS Sent,2023-10-26 23:52:06,"Kolkata, West Bengal"
EVT-00304,CASE-045,P-0127,Call Received,2024-09-20 09:37:14,"Chandigarh, Punjab"
EVT-00305,CASE-045,P-0127,Bank Login,2024-03-22 20:50:41,"Warangal, Telangana"
EVT-00306,CASE-010,P-0127,Bank Login,2023-07-13 15:14:39,"Lucknow, Uttar Pradesh"
EVT-00307,CASE-006,P-0128,Call Made,2023-06-28 00:59:50,"Jodhpur, Rajasthan"
EVT-00308,CASE-006,P-0128,ATM Withdrawal,2024-01-28 22:08:43,"Mysuru, Karnataka"
EVT-00309,CASE-006,P-0128,ATM Withdrawal,2025-06-20 07:34:38,"Bengaluru Urban, Karnataka"
EVT-00310,CASE-008,P-0129,ATM Withdrawal,2023-03-04 10:59:44,"Hyderabad, Telangana"
EVT-00311,CASE-008,P-0129,ATM Withdrawal,2023-03-14 08:02:22,"Nagpur, Maharashtra"
EVT-00312,CASE-013,P-0130,Call Received,2024-03-05 14:29:47,"Bengaluru Urban, Karnataka"
EVT-00313,CASE-013,P-0130,ATM Withdrawal,2023-11-23 13:00:32,"Bengaluru Urban, Karnataka"
EVT-00314,CASE-013,P-0130,SMS Sent,2023-06-16 03:31:16,"Surat, Gujarat"
EVT-00315,CASE-013,P-0130,SMS Sent,2023-08-13 07:00:52,"Mysuru, Karnataka"
EVT-00316,CASE-038,P-0131,Location Ping,2024-09-30 15:55:10,"Jodhpur, Rajasthan"
EVT-00317,CASE-005,P-0132,ATM Withdrawal,2023-11-10 02:17:20,"Mysuru, Karnataka"
EVT-00318,CASE-005,P-0132,SMS Sent,2024-07-02 15:26:14,"Coimbatore, Tamil Nadu"
EVT-00319,CASE-005,P-0132,SMS Sent,2025-01-29 12:01:00,"Warangal, Telangana"
EVT-00320,CASE-007,P-0133,Location Ping,2023-01-05 17:59:16,"Lucknow, Uttar Pradesh"
EVT-00321,CASE-007,P-0133,Call Received,2023-04-06 09:19:45,"Mumbai, Maharashtra"
EVT-00322,CASE-007,P-0133,Bank Login,2024-03-25 01:25:08,"Coimbatore, Tamil Nadu"
EVT-00323,CASE-007,P-0133,Call Made,2024-03-22 03:57:45,"Mysuru, Karnataka"
EVT-00324,CASE-038,P-0134,Call Received,2024-10-24 00:06:31,"Pune, Maharashtra"
EVT-00325,CASE-038,P-0134,Bank Login,2023-04-12 10:22:30,"Chandigarh, Punjab"
EVT-00326,CASE-038,P-0134,Location Ping,2024-04-15 23:57:16,"Hyderabad, Telangana"
EVT-00327,CASE-048,P-0135,ATM Withdrawal,2024-03-04 03:41:35,"Patna, Bihar"
EVT-00328,CASE-048,P-0135,Location Ping,2023-09-07 06:19:07,"Patna, Bihar"
EVT-00329,CASE-048,P-0135,SMS Sent,2023-07-27 08:44:46,"Pune, Maharashtra"
EVT-00330,CASE-048,P-0135,ATM Withdrawal,2025-01-24 19:45:38,"Jodhpur, Rajasthan"
EVT-00331,CASE-055,P-0136,Bank Login,2025-09-24 03:20:15,"Mysuru, Karnataka"
EVT-00332,CASE-023,P-0136,Location Ping,2024-07-30 01:41:47,"Kolkata, West Bengal"
EVT-00333,CASE-007,P-0137,Location Ping,2025-10-19 14:58:20,"Kolkata, West Bengal"
EVT-00334,CASE-007,P-0137,ATM Withdrawal,2024-09-19 03:34:35,"Pune, Maharashtra"
EVT-00335,CASE-007,P-0137,Bank Login,2023-06-16 09:41:29,"Hyderabad, Telangana"
EVT-00336,CASE-014,P-0138,Call Received,2025-11-04 09:30:27,"New Delhi, Delhi"
EVT-00337,CASE-034,P-0138,ATM Withdrawal,2025-02-11 02:52:15,"Kolkata, West Bengal"
EVT-00338,CASE-034,P-0138,Call Received,2023-01-31 09:37:26,"Surat, Gujarat"
EVT-00339,CASE-049,P-0139,Call Made,2025-01-17 05:41:51,"Coimbatore, Tamil Nadu"
EVT-00340,CASE-049,P-0139,Call Made,2024-04-20 21:06:37,"Lucknow, Uttar Pradesh"
EVT-00341,CASE-049,P-0139,ATM Withdrawal,2024-02-27 10:42:58,"Chandigarh, Punjab"
EVT-00342,CASE-049,P-0139,ATM Withdrawal,2024-09-16 09:55:08,"Bhopal, Madhya Pradesh"
EVT-00343,CASE-007,P-0140,SMS Sent,2025-01-03 00:00:35,"Bhopal, Madhya Pradesh"
EVT-00344,CASE-007,P-0140,Call Received,2024-05-19 10:15:17,"Mumbai, Maharashtra"
EVT-00345,CASE-060,P-0140,Location Ping,2025-01-02 06:27:46,"Hyderabad, Telangana"
EVT-00346,CASE-012,P-0141,Call Received,2024-10-31 06:15:09,"New Delhi, Delhi"
EVT-00347,CASE-012,P-0141,ATM Withdrawal,2023-04-29 11:29:14,"Bengaluru Urban, Karnataka"
EVT-00348,CASE-012,P-0141,Call Received,2024-09-30 01:19:18,"Mumbai, Maharashtra"
EVT-00349,CASE-054,P-0142,SMS Sent,2025-04-11 01:31:35,"Nagpur, Maharashtra"
EVT-00350,CASE-012,P-0142,ATM Withdrawal,2025-05-02 04:05:58,"Kanpur, Uttar Pradesh"
EVT-00351,CASE-049,P-0143,ATM Withdrawal,2023-11-30 06:23:51,"Coimbatore, Tamil Nadu"
EVT-00352,CASE-049,P-0143,Call Made,2023-02-26 21:08:18,"Warangal, Telangana"
EVT-00353,CASE-008,P-0144,Call Made,2024-03-11 14:28:32,"Chandigarh, Punjab"
EVT-00354,CASE-024,P-0145,Call Made,2024-06-13 10:28:38,"Hyderabad, Telangana"
EVT-00355,CASE-024,P-0145,Call Made,2024-01-24 20:28:55,"Bhopal, Madhya Pradesh"
EVT-00356,CASE-024,P-0145,Call Made,2025-01-09 11:01:51,"Warangal, Telangana"
EVT-00357,CASE-024,P-0145,ATM Withdrawal,2025-12-16 23:52:17,"Pune, Maharashtra"
EVT-00358,CASE-003,P-0146,SMS Sent,2024-05-28 19:02:03,"Bengaluru Urban, Karnataka"
EVT-00359,CASE-003,P-0146,Bank Login,2025-06-24 11:18:43,"Hyderabad, Telangana"
EVT-00360,CASE-003,P-0146,Call Made,2024-10-25 11:39:18,"Jaipur, Rajasthan"
EVT-00361,CASE-003,P-0146,SMS Sent,2025-05-14 03:52:38,"Chennai, Tamil Nadu"
EVT-00362,CASE-025,P-0147,ATM Withdrawal,2025-06-07 02:40:42,"Pune, Maharashtra"
EVT-00363,CASE-020,P-0148,Call Received,2023-09-01 19:40:31,"Hyderabad, Telangana"
EVT-00364,CASE-020,P-0148,ATM Withdrawal,2023-10-06 16:12:08,"Coimbatore, Tamil Nadu"
EVT-00365,CASE-020,P-0148,Call Received,2023-07-26 00:44:11,"Ahmedabad, Gujarat"
EVT-00366,CASE-015,P-0149,ATM Withdrawal,2024-11-29 05:20:41,"Hyderabad, Telangana"
EVT-00367,CASE-015,P-0149,Call Made,2023-07-03 02:44:39,"Coimbatore, Tamil Nadu"
EVT-00368,CASE-036,P-0149,ATM Withdrawal,2024-04-10 09:39:37,"Lucknow, Uttar Pradesh"
EVT-00369,CASE-015,P-0149,ATM Withdrawal,2023-04-09 06:48:04,"Chennai, Tamil Nadu"
EVT-00370,CASE-055,P-0150,Call Made,2023-09-24 05:19:43,"Jaipur, Rajasthan"
EVT-00371,CASE-055,P-0150,Bank Login,2023-09-30 00:02:32,"Lucknow, Uttar Pradesh"
EVT-00372,CASE-055,P-0150,Call Made,2023-09-02 17:18:19,"Coimbatore, Tamil Nadu"
EVT-00373,CASE-055,P-0150,Call Received,2024-10-06 18:17:29,"Bengaluru Urban, Karnataka"
EVT-00374,CASE-031,P-0151,ATM Withdrawal,2023-09-16 03:58:54,"Warangal, Telangana"
EVT-00375,CASE-044,P-0151,SMS Sent,2023-09-02 12:11:28,"Bhopal, Madhya Pradesh"
EVT-00376,CASE-031,P-0151,SMS Sent,2024-10-22 00:54:36,"Chennai, Tamil Nadu"
EVT-00377,CASE-044,P-0151,Location Ping,2024-05-05 11:16:30,"Warangal, Telangana"
EVT-00378,CASE-044,P-0152,Call Received,2024-09-22 09:55:23,"Ahmedabad, Gujarat"
EVT-00379,CASE-044,P-0152,Bank Login,2024-12-23 03:32:58,"Nagpur, Maharashtra"
EVT-00380,CASE-043,P-0153,Call Made,2023-12-23 21:14:48,"New Delhi, Delhi"
EVT-00381,CASE-026,P-0154,SMS Sent,2025-10-06 04:54:15,"Chandigarh, Punjab"
EVT-00382,CASE-007,P-0155,Bank Login,2023-10-07 07:09:13,"New Delhi, Delhi"
EVT-00383,CASE-007,P-0155,Call Received,2024-01-09 13:51:09,"Mumbai, Maharashtra"
EVT-00384,CASE-011,P-0156,Bank Login,2025-05-07 22:23:25,"Nagpur, Maharashtra"
EVT-00385,CASE-055,P-0157,Location Ping,2024-02-10 16:00:43,"Surat, Gujarat"
EVT-00386,CASE-055,P-0157,Call Received,2023-03-10 09:07:51,"Lucknow, Uttar Pradesh"
EVT-00387,CASE-055,P-0157,Call Received,2023-08-06 00:51:24,"Hyderabad, Telangana"
EVT-00388,CASE-054,P-0158,Bank Login,2024-11-18 03:54:56,"Nagpur, Maharashtra"
EVT-00389,CASE-049,P-0159,ATM Withdrawal,2024-05-14 23:09:17,"Kanpur, Uttar Pradesh"
EVT-00390,CASE-049,P-0159,ATM Withdrawal,2024-03-05 05:37:50,"Surat, Gujarat"
EVT-00391,CASE-049,P-0159,Call Made,2023-01-18 21:51:18,"Pune, Maharashtra"
EVT-00392,CASE-049,P-0159,ATM Withdrawal,2023-02-17 03:26:00,"Nagpur, Maharashtra"
EVT-00393,CASE-018,P-0160,ATM Withdrawal,2025-09-16 14:32:33,"Chandigarh, Punjab"
EVT-00394,CASE-018,P-0160,Call Made,2025-12-04 16:52:25,"Coimbatore, Tamil Nadu"
EVT-00395,CASE-018,P-0160,Call Made,2024-11-12 22:19:31,"New Delhi, Delhi"
EVT-00396,CASE-026,P-0161,ATM Withdrawal,2025-07-28 15:13:01,"Pune, Maharashtra"
EVT-00397,CASE-026,P-0161,Location Ping,2024-04-30 23:40:14,"Jodhpur, Rajasthan"
EVT-00398,CASE-026,P-0161,Bank Login,2025-09-29 21:58:29,"Ahmedabad, Gujarat"
EVT-00399,CASE-032,P-0162,Call Received,2023-05-13 02:32:14,"New Delhi, Delhi"
EVT-00400,CASE-032,P-0162,Bank Login,2025-11-03 22:11:51,"Chandigarh, Punjab"
EVT-00401,CASE-032,P-0162,Location Ping,2025-02-01 22:59:44,"Kolkata, West Bengal"
EVT-00402,CASE-030,P-0163,Call Received,2024-03-24 21:51:02,"Kolkata, West Bengal"
EVT-00403,CASE-032,P-0164,SMS Sent,2024-12-29 08:54:15,"Mumbai, Maharashtra"
EVT-00404,CASE-007,P-0165,Call Made,2023-03-10 13:53:51,"Bhopal, Madhya Pradesh"
EVT-00405,CASE-002,P-0165,Call Made,2025-10-25 10:31:57,"Warangal, Telangana"
EVT-00406,CASE-002,P-0165,SMS Sent,2024-06-20 11:39:42,"Surat, Gujarat"
EVT-00407,CASE-002,P-0165,Location Ping,2025-03-12 09:47:58,"Warangal, Telangana"
EVT-00408,CASE-039,P-0166,SMS Sent,2025-05-24 14:13:03,"Bengaluru Urban, Karnataka"
EVT-00409,CASE-025,P-0166,SMS Sent,2023-08-20 21:18:10,"Warangal, Telangana"
EVT-00410,CASE-049,P-0167,Location Ping,2025-10-24 07:56:32,"Mumbai, Maharashtra"
EVT-00411,CASE-049,P-0167,Location Ping,2023-09-22 10:50:43,"Chandigarh, Punjab"
EVT-00412,CASE-019,P-0168,Bank Login,2023-03-03 04:02:36,"Patna, Bihar"
EVT-00413,CASE-019,P-0168,SMS Sent,2023-11-19 23:41:22,"Hyderabad, Telangana"
EVT-00414,CASE-019,P-0168,Bank Login,2025-08-12 03:21:50,"New Delhi, Delhi"
EVT-00415,CASE-019,P-0168,Bank Login,2024-07-05 14:13:57,"Pune, Maharashtra"
EVT-00416,CASE-017,P-0169,Call Made,2023-04-05 07:29:55,"Warangal, Telangana"
EVT-00417,CASE-017,P-0169,Call Made,2024-08-31 10:45:38,"Warangal, Telangana"
EVT-00418,CASE-035,P-0170,Location Ping,2025-08-29 19:15:12,"Warangal, Telangana"
EVT-00419,CASE-059,P-0171,SMS Sent,2024-01-22 19:57:52,"Kolkata, West Bengal"
EVT-00420,CASE-059,P-0171,SMS Sent,2023-10-19 13:22:00,"Kolkata, West Bengal"
EVT-00421,CASE-055,P-0172,Location Ping,2024-01-12 06:53:03,"Mysuru, Karnataka"
EVT-00422,CASE-003,P-0173,ATM Withdrawal,2024-09-13 12:09:43,"Bhopal, Madhya Pradesh"
EVT-00423,CASE-050,P-0174,Bank Login,2025-06-06 16:05:51,"Ahmedabad, Gujarat"
EVT-00424,CASE-050,P-0174,Location Ping,2023-09-04 08:46:14,"Pune, Maharashtra"
EVT-00425,CASE-050,P-0174,SMS Sent,2023-07-22 17:46:46,"Jaipur, Rajasthan"
EVT-00426,CASE-032,P-0175,Call Made,2024-04-25 22:09:59,"Warangal, Telangana"
EVT-00427,CASE-032,P-0175,SMS Sent,2023-03-05 08:20:45,"Jodhpur, Rajasthan"
EVT-00428,CASE-028,P-0175,ATM Withdrawal,2024-08-28 15:48:42,"Chennai, Tamil Nadu"
EVT-00429,CASE-028,P-0175,Location Ping,2024-03-27 10:47:47,"Mumbai, Maharashtra"
EVT-00430,CASE-008,P-0176,Call Received,2025-11-15 17:49:11,"Jaipur, Rajasthan"
EVT-00431,CASE-008,P-0176,Bank Login,2025-11-27 06:55:23,"Chennai, Tamil Nadu"
EVT-00432,CASE-036,P-0177,ATM Withdrawal,2023-02-06 03:20:54,"Nagpur, Maharashtra"
EVT-00433,CASE-036,P-0177,SMS Sent,2024-04-23 00:59:10,"Lucknow, Uttar Pradesh"
EVT-00434,CASE-036,P-0177,Location Ping,2025-03-07 21:17:09,"Chandigarh, Punjab"
EVT-00435,CASE-031,P-0178,ATM Withdrawal,2023-06-19 06:30:59,"Jaipur, Rajasthan"
EVT-00436,CASE-004,P-0179,Location Ping,2024-05-30 01:07:32,"Mysuru, Karnataka"
EVT-00437,CASE-004,P-0179,Bank Login,2025-12-19 01:08:55,"Mumbai, Maharashtra"
EVT-00438,CASE-025,P-0180,Location Ping,2025-12-02 22:47:00,"Mumbai, Maharashtra"
EVT-00439,CASE-025,P-0180,Call Received,2023-11-14 21:31:38,"Coimbatore, Tamil Nadu"
EVT-00440,CASE-025,P-0180,Location Ping,2023-10-29 21:06:25,"Kolkata, West Bengal"
EVT-00441,CASE-019,P-0181,ATM Withdrawal,2023-07-09 19:12:58,"Jodhpur, Rajasthan"
EVT-00442,CASE-019,P-0181,Call Received,2023-06-08 17:23:05,"Nagpur, Maharashtra"
EVT-00443,CASE-019,P-0181,ATM Withdrawal,2025-07-20 20:13:20,"Kanpur, Uttar Pradesh"
EVT-00444,CASE-003,P-0182,Bank Login,2023-03-17 01:53:07,"Bhopal, Madhya Pradesh"
EVT-00445,CASE-003,P-0182,Call Received,2025-07-10 16:29:14,"Nagpur, Maharashtra"
EVT-00446,CASE-003,P-0182,SMS Sent,2023-12-03 18:13:42,"Mysuru, Karnataka"
EVT-00447,CASE-003,P-0182,ATM Withdrawal,2024-05-16 19:03:52,"Hyderabad, Telangana"
EVT-00448,CASE-052,P-0183,Call Made,2023-04-30 08:49:32,"Nagpur, Maharashtra"
EVT-00449,CASE-058,P-0184,SMS Sent,2023-05-29 01:19:55,"Kanpur, Uttar Pradesh"
EVT-00450,CASE-058,P-0184,Bank Login,2025-03-25 17:48:38,"Pune, Maharashtra"
EVT-00451,CASE-058,P-0184,Call Received,2023-11-21 05:01:56,"Pune, Maharashtra"
EVT-00452,CASE-058,P-0184,Bank Login,2023-06-15 19:46:17,"Surat, Gujarat"
EVT-00453,CASE-028,P-0185,Bank Login,2023-07-18 16:43:08,"Bhopal, Madhya Pradesh"
EVT-00454,CASE-028,P-0185,Call Received,2025-12-05 09:17:20,"Jodhpur, Rajasthan"
EVT-00455,CASE-028,P-0185,SMS Sent,2025-09-16 06:52:16,"Patna, Bihar"
EVT-00456,CASE-028,P-0185,ATM Withdrawal,2024-03-16 15:12:28,"Bhopal, Madhya Pradesh"
EVT-00457,CASE-023,P-0186,Call Made,2025-08-22 18:43:27,"Coimbatore, Tamil Nadu"
EVT-00458,CASE-016,P-0187,Bank Login,2024-06-21 04:04:53,"Mysuru, Karnataka"
EVT-00459,CASE-016,P-0187,Call Made,2024-04-28 11:24:55,"Bhopal, Madhya Pradesh"
EVT-00460,CASE-016,P-0187,Call Made,2025-03-28 01:15:46,"Chandigarh, Punjab"
EVT-00461,CASE-016,P-0187,Call Made,2025-04-17 15:55:35,"Ahmedabad, Gujarat"
EVT-00462,CASE-059,P-0188,SMS Sent,2025-04-03 03:40:33,"Patna, Bihar"
EVT-00463,CASE-059,P-0188,Call Made,2025-06-30 04:25:59,"Mysuru, Karnataka"
EVT-00464,CASE-008,P-0189,Call Received,2023-09-02 22:39:56,"Coimbatore, Tamil Nadu"
EVT-00465,CASE-008,P-0189,Call Made,2024-01-09 01:09:25,"Kanpur, Uttar Pradesh"
EVT-00466,CASE-022,P-0189,Location Ping,2024-06-08 14:10:13,"Lucknow, Uttar Pradesh"
EVT-00467,CASE-008,P-0189,Call Made,2024-02-01 08:34:54,"Mumbai, Maharashtra"
EVT-00468,CASE-043,P-0190,Bank Login,2025-04-12 19:26:39,"Lucknow, Uttar Pradesh"
EVT-00469,CASE-043,P-0190,Location Ping,2025-09-06 09:55:19,"Pune, Maharashtra"
EVT-00470,CASE-043,P-0190,Call Received,2025-02-03 21:05:24,"Jodhpur, Rajasthan"
EVT-00471,CASE-058,P-0191,ATM Withdrawal,2023-03-14 00:21:59,"Kolkata, West Bengal"
EVT-00472,CASE-058,P-0191,Call Made,2023-07-20 01:30:24,"Lucknow, Uttar Pradesh"
EVT-00473,CASE-058,P-0191,Call Made,2023-10-27 17:16:16,"Mumbai, Maharashtra"
EVT-00474,CASE-058,P-0191,Location Ping,2024-08-29 18:14:27,"Jodhpur, Rajasthan"
EVT-00475,CASE-031,P-0192,SMS Sent,2023-08-28 05:13:51,"Kanpur, Uttar Pradesh"
EVT-00476,CASE-037,P-0193,ATM Withdrawal,2023-11-27 15:45:06,"Bengaluru Urban, Karnataka"
EVT-00477,CASE-022,P-0194,Location Ping,2024-06-13 00:00:19,"Jaipur, Rajasthan"
EVT-00478,CASE-022,P-0194,SMS Sent,2025-03-01 19:43:19,"New Delhi, Delhi"
EVT-00479,CASE-022,P-0195,Bank Login,2023-06-18 23:22:36,"Patna, Bihar"
EVT-00480,CASE-022,P-0195,SMS Sent,2025-05-22 01:25:21,"Mysuru, Karnataka"
EVT-00481,CASE-041,P-0196,Location Ping,2024-03-27 02:55:38,"Mumbai, Maharashtra"
EVT-00482,CASE-013,P-0196,Call Received,2024-04-17 06:10:20,"New Delhi, Delhi"
EVT-00483,CASE-019,P-0197,Call Received,2024-06-16 05:23:59,"Ahmedabad, Gujarat"
EVT-00484,CASE-037,P-0198,ATM Withdrawal,2025-05-04 20:13:53,"Kolkata, West Bengal"
EVT-00485,CASE-037,P-0198,SMS Sent,2023-03-13 15:29:59,"Coimbatore, Tamil Nadu"
EVT-00486,CASE-048,P-0199,Bank Login,2023-07-12 20:10:03,"Mumbai, Maharashtra"
EVT-00487,CASE-048,P-0199,ATM Withdrawal,2024-07-29 15:35:00,"Kanpur, Uttar Pradesh"
EVT-00488,CASE-038,P-0200,Bank Login,2024-07-26 01:05:14,"Chandigarh, Punjab"
EVT-00489,CASE-034,P-0201,Location Ping,2025-06-10 19:31:59,"Chennai, Tamil Nadu"
EVT-00490,CASE-051,P-0202,Location Ping,2025-06-24 12:03:13,"Chennai, Tamil Nadu"
EVT-00491,CASE-052,P-0203,Bank Login,2025-06-08 16:22:20,"Jodhpur, Rajasthan"
EVT-00492,CASE-052,P-0203,Bank Login,2025-09-23 22:08:55,"Bhopal, Madhya Pradesh"
EVT-00493,CASE-052,P-0203,Call Made,2025-03-22 05:29:24,"Ahmedabad, Gujarat"
EVT-00494,CASE-033,P-0203,Bank Login,2024-07-22 20:11:53,"Chandigarh, Punjab"
EVT-00495,CASE-027,P-0204,Call Received,2024-05-28 04:28:57,"Chandigarh, Punjab"
EVT-00496,CASE-027,P-0204,Location Ping,2023-02-03 01:07:42,"Kolkata, West Bengal"
EVT-00497,CASE-027,P-0204,Bank Login,2025-08-19 05:55:31,"Coimbatore, Tamil Nadu"
EVT-00498,CASE-027,P-0204,Call Received,2023-06-18 07:45:44,"Chennai, Tamil Nadu"
EVT-00499,CASE-030,P-0205,Call Received,2024-10-29 18:53:11,"Jodhpur, Rajasthan"
EVT-00500,CASE-030,P-0205,SMS Sent,2025-08-24 13:57:48,"Pune, Maharashtra"
EVT-00501,CASE-057,P-0206,SMS Sent,2025-09-21 13:51:27,"Bengaluru Urban, Karnataka"
EVT-00502,CASE-057,P-0206,SMS Sent,2023-02-17 09:52:49,"Kanpur, Uttar Pradesh"
EVT-00503,CASE-057,P-0206,ATM Withdrawal,2023-12-02 09:35:27,"Ahmedabad, Gujarat"
EVT-00504,CASE-057,P-0206,Bank Login,2025-07-31 12:34:26,"Hyderabad, Telangana"
EVT-00505,CASE-012,P-0207,ATM Withdrawal,2024-01-14 23:33:17,"Kolkata, West Bengal"
EVT-00506,CASE-056,P-0207,ATM Withdrawal,2025-05-21 17:18:39,"Pune, Maharashtra"
EVT-00507,CASE-012,P-0207,Call Made,2024-06-19 10:42:33,"Lucknow, Uttar Pradesh"
EVT-00508,CASE-048,P-0208,ATM Withdrawal,2025-05-29 15:59:42,"Bhopal, Madhya Pradesh"
EVT-00509,CASE-060,P-0209,Call Made,2025-05-03 05:36:21,"Mysuru, Karnataka"
EVT-00510,CASE-060,P-0209,Bank Login,2024-07-11 06:07:57,"New Delhi, Delhi"
EVT-00511,CASE-028,P-0209,SMS Sent,2025-10-23 16:49:54,"Warangal, Telangana"
EVT-00512,CASE-028,P-0209,Bank Login,2024-08-17 02:10:07,"Chandigarh, Punjab"
EVT-00513,CASE-024,P-0210,SMS Sent,2025-09-06 05:15:25,"Nagpur, Maharashtra"
EVT-00514,CASE-024,P-0210,Call Made,2025-05-22 17:12:02,"Patna, Bihar"
EVT-00515,CASE-024,P-0210,Call Made,2025-11-09 22:24:32,"Mysuru, Karnataka"
EVT-00516,CASE-024,P-0210,Bank Login,2024-05-02 07:23:07,"Chandigarh, Punjab"
EVT-00517,CASE-048,P-0211,Location Ping,2023-10-26 07:48:13,"Warangal, Telangana"
EVT-00518,CASE-048,P-0211,Bank Login,2023-08-20 09:20:04,"Hyderabad, Telangana"
EVT-00519,CASE-048,P-0211,Bank Login,2024-02-27 09:13:15,"Mumbai, Maharashtra"
EVT-00520,CASE-028,P-0212,SMS Sent,2023-12-14 13:26:01,"Pune, Maharashtra"
EVT-00521,CASE-005,P-0213,Bank Login,2024-08-29 21:20:39,"Jodhpur, Rajasthan"
EVT-00522,CASE-019,P-0214,Call Made,2024-08-24 11:23:37,"Kolkata, West Bengal"
EVT-00523,CASE-039,P-0215,Call Made,2025-11-04 04:35:27,"Coimbatore, Tamil Nadu"
EVT-00524,CASE-039,P-0215,Call Made,2023-03-16 10:26:36,"Nagpur, Maharashtra"
EVT-00525,CASE-010,P-0216,Bank Login,2025-10-04 01:49:26,"Warangal, Telangana"
EVT-00526,CASE-010,P-0216,Location Ping,2025-09-05 10:57:29,"Bhopal, Madhya Pradesh"
EVT-00527,CASE-010,P-0216,ATM Withdrawal,2024-05-14 06:23:29,"Mumbai, Maharashtra"
EVT-00528,CASE-010,P-0216,SMS Sent,2023-10-03 06:05:32,"Kolkata, West Bengal"
EVT-00529,CASE-053,P-0217,ATM Withdrawal,2024-09-30 16:13:20,"Mysuru, Karnataka"
EVT-00530,CASE-053,P-0217,ATM Withdrawal,2024-07-26 05:29:44,"Hyderabad, Telangana"
EVT-00531,CASE-028,P-0218,Call Made,2025-02-08 08:57:32,"Kanpur, Uttar Pradesh"
EVT-00532,CASE-028,P-0218,Bank Login,2024-03-13 07:06:58,"Jodhpur, Rajasthan"
EVT-00533,CASE-028,P-0218,Call Made,2024-11-28 12:52:06,"Mysuru, Karnataka"
EVT-00534,CASE-011,P-0219,ATM Withdrawal,2023-07-21 23:49:27,"Bhopal, Madhya Pradesh"
EVT-00535,CASE-013,P-0219,Location Ping,2023-01-31 05:36:50,"New Delhi, Delhi"
EVT-00536,CASE-013,P-0219,ATM Withdrawal,2025-02-03 10:35:52,"Patna, Bihar"
EVT-00537,CASE-011,P-0219,Call Made,2023-09-08 01:27:50,"Chandigarh, Punjab"
EVT-00538,CASE-043,P-0220,Call Made,2024-09-09 03:37:51,"Kolkata, West Bengal"
EVT-00539,CASE-047,P-0221,Call Received,2023-11-05 06:21:05,"Coimbatore, Tamil Nadu"
EVT-00540,CASE-047,P-0221,Call Received,2023-05-19 13:07:35,"Mysuru, Karnataka"
EVT-00541,CASE-047,P-0221,Location Ping,2023-09-24 00:36:23,"Coimbatore, Tamil Nadu"
EVT-00542,CASE-056,P-0222,Call Made,2024-12-26 18:12:34,"New Delhi, Delhi"
EVT-00543,CASE-056,P-0222,SMS Sent,2023-01-17 12:44:22,"Coimbatore, Tamil Nadu"
EVT-00544,CASE-056,P-0222,ATM Withdrawal,2023-06-07 22:01:52,"Nagpur, Maharashtra"
EVT-00545,CASE-020,P-0223,SMS Sent,2023-06-24 22:46:44,"Hyderabad, Telangana"
EVT-00546,CASE-020,P-0223,Call Received,2025-03-08 09:00:11,"Surat, Gujarat"
EVT-00547,CASE-058,P-0224,SMS Sent,2025-04-28 08:33:37,"Chandigarh, Punjab"
EVT-00548,CASE-058,P-0224,SMS Sent,2023-07-08 09:03:27,"Coimbatore, Tamil Nadu"
EVT-00549,CASE-054,P-0225,Call Made,2025-11-03 12:13:37,"New Delhi, Delhi"
EVT-00550,CASE-054,P-0225,Location Ping,2024-02-16 00:57:12,"Chandigarh, Punjab"
EVT-00551,CASE-008,P-0226,Bank Login,2024-05-16 19:09:28,"Mumbai, Maharashtra"
EVT-00552,CASE-008,P-0227,Location Ping,2025-03-03 16:11:35,"Mumbai, Maharashtra"
EVT-00553,CASE-008,P-0227,SMS Sent,2024-03-03 19:20:59,"Ahmedabad, Gujarat"
EVT-00554,CASE-050,P-0228,SMS Sent,2023-11-15 06:51:52,"Warangal, Telangana"
EVT-00555,CASE-039,P-0229,SMS Sent,2025-04-09 19:44:30,"Bengaluru Urban, Karnataka"
EVT-00556,CASE-054,P-0230,ATM Withdrawal,2025-02-15 04:36:42,"Kolkata, West Bengal"
EVT-00557,CASE-022,P-0230,Call Received,2023-04-27 18:51:36,"Pune, Maharashtra"
EVT-00558,CASE-016,P-0231,SMS Sent,2025-07-03 23:15:12,"New Delhi, Delhi"
EVT-00559,CASE-016,P-0231,Call Made,2025-09-02 23:26:25,"Coimbatore, Tamil Nadu"
EVT-00560,CASE-018,P-0232,Call Received,2025-06-08 09:05:05,"New Delhi, Delhi"
EVT-00561,CASE-018,P-0232,ATM Withdrawal,2025-02-02 05:12:34,"Bhopal, Madhya Pradesh"
EVT-00562,CASE-018,P-0232,Call Received,2024-10-23 19:11:43,"Hyderabad, Telangana"
EVT-00563,CASE-038,P-0233,Bank Login,2023-10-03 07:06:50,"New Delhi, Delhi"
EVT-00564,CASE-038,P-0233,SMS Sent,2023-02-15 07:03:00,"Surat, Gujarat"
EVT-00565,CASE-045,P-0234,ATM Withdrawal,2023-02-05 14:28:13,"Patna, Bihar"
EVT-00566,CASE-045,P-0234,SMS Sent,2025-11-23 12:01:28,"Bengaluru Urban, Karnataka"
EVT-00567,CASE-028,P-0235,ATM Withdrawal,2023-04-05 21:33:39,"Jodhpur, Rajasthan"
EVT-00568,CASE-028,P-0235,Call Received,2024-09-21 06:39:06,"Kolkata, West Bengal"
EVT-00569,CASE-028,P-0235,Call Made,2024-07-21 03:24:14,"Pune, Maharashtra"
EVT-00570,CASE-028,P-0235,Bank Login,2023-08-12 02:53:42,"Nagpur, Maharashtra"
EVT-00571,CASE-018,P-0236,Call Received,2025-09-04 09:20:29,"Jaipur, Rajasthan"
EVT-00572,CASE-018,P-0236,ATM Withdrawal,2023-09-05 08:02:44,"Nagpur, Maharashtra"
EVT-00573,CASE-046,P-0237,ATM Withdrawal,2024-07-22 14:58:44,"Pune, Maharashtra"
EVT-00574,CASE-031,P-0237,Bank Login,2024-11-25 19:53:37,"Bengaluru Urban, Karnataka"
EVT-00575,CASE-046,P-0237,Location Ping,2024-09-21 01:03:33,"Chandigarh, Punjab"
EVT-00576,CASE-024,P-0237,ATM Withdrawal,2023-04-24 04:29:55,"Kolkata, West Bengal"
EVT-00577,CASE-003,P-0238,Bank Login,2023-08-04 12:45:16,"Surat, Gujarat"
EVT-00578,CASE-054,P-0238,SMS Sent,2025-07-12 00:18:23,"Mumbai, Maharashtra"
EVT-00579,CASE-059,P-0239,SMS Sent,2025-08-26 11:24:57,"Bhopal, Madhya Pradesh"
EVT-00580,CASE-059,P-0239,Bank Login,2023-01-26 02:43:21,"Chennai, Tamil Nadu"
EVT-00581,CASE-059,P-0239,Call Made,2024-05-29 00:09:41,"Mumbai, Maharashtra"
EVT-00582,CASE-036,P-0240,ATM Withdrawal,2025-07-18 07:21:56,"Warangal, Telangana"
EVT-00583,CASE-036,P-0240,ATM Withdrawal,2023-07-21 22:18:37,"Ahmedabad, Gujarat"
EVT-00584,CASE-045,P-0241,ATM Withdrawal,2023-05-11 12:16:25,"Ahmedabad, Gujarat"
EVT-00585,CASE-045,P-0241,SMS Sent,2025-08-30 13:25:35,"New Delhi, Delhi"
EVT-00586,CASE-045,P-0241,Call Made,2025-12-16 01:55:50,"Kanpur, Uttar Pradesh"
EVT-00587,CASE-035,P-0242,Call Received,2024-01-01 11:54:30,"New Delhi, Delhi"
EVT-00588,CASE-059,P-0243,SMS Sent,2025-01-11 22:16:19,"Coimbatore, Tamil Nadu"
EVT-00589,CASE-059,P-0243,Call Made,2025-08-14 06:35:34,"Kanpur, Uttar Pradesh"
EVT-00590,CASE-059,P-0243,SMS Sent,2023-05-02 03:44:49,"Bhopal, Madhya Pradesh"
EVT-00591,CASE-059,P-0243,ATM Withdrawal,2025-09-02 06:47:17,"Kanpur, Uttar Pradesh"
EVT-00592,CASE-020,P-0244,Bank Login,2025-02-04 00:39:22,"Jodhpur, Rajasthan"
EVT-00593,CASE-020,P-0244,Call Received,2025-08-26 19:01:51,"Chandigarh, Punjab"
EVT-00594,CASE-017,P-0244,Bank Login,2025-02-11 09:55:54,"Mysuru, Karnataka"
EVT-00595,CASE-059,P-0244,Location Ping,2025-03-12 18:13:52,"Chandigarh, Punjab"
EVT-00596,CASE-057,P-0245,ATM Withdrawal,2023-03-01 07:27:02,"New Delhi, Delhi"
EVT-00597,CASE-057,P-0245,ATM Withdrawal,2025-03-25 14:33:20,"Pune, Maharashtra"
EVT-00598,CASE-021,P-0246,ATM Withdrawal,2025-08-29 05:09:04,"Hyderabad, Telangana"
EVT-00599,CASE-021,P-0246,Call Made,2025-12-16 10:10:48,"Warangal, Telangana"
EVT-00600,CASE-021,P-0246,ATM Withdrawal,2024-07-13 19:05:33,"Jodhpur, Rajasthan"
EVT-00601,CASE-021,P-0246,ATM Withdrawal,2025-08-20 10:05:38,"Surat, Gujarat"
EVT-00602,CASE-027,P-0247,Call Made,2025-11-11 11:40:40,"Bengaluru Urban, Karnataka"
EVT-00603,CASE-027,P-0247,Location Ping,2025-04-21 14:39:11,"Chennai, Tamil Nadu"
EVT-00604,CASE-051,P-0247,Location Ping,2024-02-21 19:47:08,"Warangal, Telangana"
EVT-00605,CASE-027,P-0247,Bank Login,2024-09-02 18:33:55,"Kanpur, Uttar Pradesh"
EVT-00606,CASE-032,P-0248,Call Received,2024-07-02 09:32:12,"Bhopal, Madhya Pradesh"
EVT-00607,CASE-031,P-0248,Call Received,2025-09-18 13:35:39,"Hyderabad, Telangana"
EVT-00608,CASE-032,P-0248,ATM Withdrawal,2025-04-07 12:36:40,"Chandigarh, Punjab"
EVT-00609,CASE-031,P-0248,SMS Sent,2023-12-12 04:06:36,"Coimbatore, Tamil Nadu"
EVT-00610,CASE-028,P-0249,SMS Sent,2023-09-13 10:04:44,"Warangal, Telangana"
EVT-00611,CASE-011,P-0250,Call Received,2025-04-08 01:10:51,"Surat, Gujarat"
EVT-00612,CASE-039,P-0251,Location Ping,2024-08-27 09:49:28,"Chennai, Tamil Nadu"
EVT-00613,CASE-039,P-0251,SMS Sent,2025-07-04 04:08:36,"Hyderabad, Telangana"
EVT-00614,CASE-039,P-0251,Location Ping,2025-04-02 22:10:22,"Bhopal, Madhya Pradesh"
EVT-00615,CASE-039,P-0251,Call Made,2023-12-14 06:41:03,"Kolkata, West Bengal"
EVT-00616,CASE-021,P-0252,Location Ping,2024-07-22 06:10:11,"Pune, Maharashtra"
EVT-00617,CASE-004,P-0253,SMS Sent,2025-05-17 21:16:58,"Surat, Gujarat"
EVT-00618,CASE-004,P-0253,Bank Login,2024-05-12 18:55:18,"Patna, Bihar"
EVT-00619,CASE-004,P-0253,Location Ping,2023-12-15 07:01:55,"Pune, Maharashtra"
EVT-00620,CASE-004,P-0253,Location Ping,2025-09-02 18:17:59,"Bhopal, Madhya Pradesh"
EVT-00621,CASE-029,P-0254,Call Made,2025-01-17 13:04:58,"Bhopal, Madhya Pradesh"
EVT-00622,CASE-026,P-0255,Call Made,2023-11-06 08:46:07,"Kolkata, West Bengal"
EVT-00623,CASE-026,P-0255,Bank Login,2024-01-02 15:23:21,"Warangal, Telangana"
EVT-00624,CASE-026,P-0255,Call Made,2024-07-19 19:14:35,"Coimbatore, Tamil Nadu"
EVT-00625,CASE-026,P-0255,Location Ping,2023-05-18 00:36:17,"Surat, Gujarat"
EVT-00626,CASE-037,P-0256,Call Made,2024-05-22 14:47:15,"Surat, Gujarat"
EVT-00627,CASE-037,P-0256,Call Made,2023-12-03 11:16:45,"Chennai, Tamil Nadu"
EVT-00628,CASE-037,P-0256,Bank Login,2023-11-30 03:55:53,"Lucknow, Uttar Pradesh"
EVT-00629,CASE-034,P-0257,Call Received,2024-10-24 03:45:17,"Kanpur, Uttar Pradesh"
EVT-00630,CASE-034,P-0257,Call Made,2023-01-25 22:38:21,"Bhopal, Madhya Pradesh"
EVT-00631,CASE-034,P-0257,Call Received,2025-12-18 22:44:16,"Bengaluru Urban, Karnataka"
EVT-00632,CASE-034,P-0257,Call Made,2023-02-24 16:03:35,"Jaipur, Rajasthan"
EVT-00633,CASE-049,P-0258,SMS Sent,2025-08-14 11:39:33,"Kolkata, West Bengal"
EVT-00634,CASE-042,P-0258,ATM Withdrawal,2025-07-08 05:28:20,"Kolkata, West Bengal"
EVT-00635,CASE-021,P-0259,Bank Login,2023-07-24 11:41:09,"Patna, Bihar"
EVT-00636,CASE-021,P-0259,Location Ping,2024-07-14 18:33:20,"Mysuru, Karnataka"
EVT-00637,CASE-021,P-0259,Bank Login,2025-03-29 07:53:49,"New Delhi, Delhi"
EVT-00638,CASE-021,P-0259,SMS Sent,2023-09-10 21:13:59,"Mysuru, Karnataka"
EVT-00639,CASE-017,P-0260,SMS Sent,2023-04-01 16:09:35,"Surat, Gujarat"
EVT-00640,CASE-017,P-0260,SMS Sent,2025-04-17 04:12:13,"Kanpur, Uttar Pradesh"
EVT-00641,CASE-017,P-0260,Location Ping,2023-09-18 08:12:10,"Mysuru, Karnataka"
EVT-00642,CASE-019,P-0261,Bank Login,2024-06-07 22:54:30,"Warangal, Telangana"
EVT-00643,CASE-019,P-0261,ATM Withdrawal,2025-07-02 22:12:17,"Lucknow, Uttar Pradesh"
EVT-00644,CASE-019,P-0261,Location Ping,2025-08-11 06:26:56,"Ahmedabad, Gujarat"
EVT-00645,CASE-019,P-0261,Bank Login,2023-07-20 05:37:21,"Ahmedabad, Gujarat"
EVT-00646,CASE-012,P-0262,ATM Withdrawal,2024-10-27 00:59:45,"Surat, Gujarat"
EVT-00647,CASE-054,P-0263,Call Made,2023-03-03 05:01:12,"Mumbai, Maharashtra"
EVT-00648,CASE-002,P-0264,Location Ping,2025-09-19 21:47:59,"Hyderabad, Telangana"
EVT-00649,CASE-002,P-0264,Call Made,2024-01-03 06:25:23,"Mysuru, Karnataka"
EVT-00650,CASE-041,P-0265,Location Ping,2023-04-18 13:33:01,"Coimbatore, Tamil Nadu"
EVT-00651,CASE-030,P-0266,Location Ping,2025-01-16 11:25:36,"Mumbai, Maharashtra"
EVT-00652,CASE-004,P-0267,Bank Login,2023-10-10 23:00:29,"Bengaluru Urban, Karnataka"
EVT-00653,CASE-004,P-0267,Location Ping,2024-03-17 17:49:11,"Kolkata, West Bengal"
EVT-00654,CASE-006,P-0268,Bank Login,2025-08-21 01:52:06,"Patna, Bihar"
EVT-00655,CASE-006,P-0268,SMS Sent,2025-12-08 10:30:38,"Hyderabad, Telangana"
EVT-00656,CASE-006,P-0268,SMS Sent,2025-09-17 01:04:47,"Kanpur, Uttar Pradesh"
EVT-00657,CASE-006,P-0268,ATM Withdrawal,2024-10-04 00:10:29,"Mysuru, Karnataka"
EVT-00658,CASE-037,P-0269,Location Ping,2025-03-11 12:17:56,"Chennai, Tamil Nadu"
EVT-00659,CASE-050,P-0270,Call Received,2023-04-19 02:37:23,"Kolkata, West Bengal"
EVT-00660,CASE-028,P-0270,Call Received,2025-04-24 02:06:17,"Bengaluru Urban, Karnataka"
EVT-00661,CASE-028,P-0270,Call Received,2023-04-08 17:39:47,"Mysuru, Karnataka"
EVT-00662,CASE-008,P-0271,ATM Withdrawal,2023-01-12 00:07:16,"Ahmedabad, Gujarat"
EVT-00663,CASE-008,P-0271,Call Made,2024-08-08 21:24:25,"Pune, Maharashtra"
EVT-00664,CASE-056,P-0272,SMS Sent,2024-02-12 14:37:19,"Patna, Bihar"
EVT-00665,CASE-048,P-0273,ATM Withdrawal,2025-05-08 15:51:51,"Kanpur, Uttar Pradesh"
EVT-00666,CASE-048,P-0273,Call Made,2025-04-07 05:31:40,"Chennai, Tamil Nadu"
EVT-00667,CASE-055,P-0274,Bank Login,2023-05-16 07:01:15,"Kanpur, Uttar Pradesh"
EVT-00668,CASE-055,P-0274,Call Received,2024-06-27 20:12:56,"Patna, Bihar"
EVT-00669,CASE-055,P-0274,Location Ping,2024-02-09 10:12:12,"Jaipur, Rajasthan"
EVT-00670,CASE-055,P-0274,SMS Sent,2023-07-30 18:01:08,"Jodhpur, Rajasthan"
EVT-00671,CASE-053,P-0275,Location Ping,2023-08-10 06:45:47,"Bhopal, Madhya Pradesh"
EVT-00672,CASE-053,P-0275,Bank Login,2025-11-06 11:21:57,"Kanpur, Uttar Pradesh"
EVT-00673,CASE-027,P-0276,ATM Withdrawal,2023-06-08 20:09:15,"Jodhpur, Rajasthan"
EVT-00674,CASE-027,P-0276,Bank Login,2023-10-10 04:29:46,"Kanpur, Uttar Pradesh"
EVT-00675,CASE-027,P-0276,ATM Withdrawal,2024-12-29 05:06:17,"Chennai, Tamil Nadu"
EVT-00676,CASE-027,P-0276,SMS Sent,2025-12-03 23:13:05,"Coimbatore, Tamil Nadu"
EVT-00677,CASE-019,P-0277,ATM Withdrawal,2023-12-04 12:24:35,"Chandigarh, Punjab"
EVT-00678,CASE-002,P-0277,Call Made,2024-05-21 03:32:50,"Chennai, Tamil Nadu"
EVT-00679,CASE-016,P-0278,Bank Login,2025-05-30 14:37:02,"Bhopal, Madhya Pradesh"
EVT-00680,CASE-016,P-0278,ATM Withdrawal,2024-10-01 22:14:47,"Chennai, Tamil Nadu"
EVT-00681,CASE-030,P-0279,Location Ping,2025-10-17 23:56:52,"Chandigarh, Punjab"
EVT-00682,CASE-056,P-0280,Call Received,2025-05-09 06:25:10,"New Delhi, Delhi"
EVT-00683,CASE-044,P-0281,Call Received,2024-05-20 00:42:00,"Jaipur, Rajasthan"
EVT-00684,CASE-044,P-0281,Bank Login,2025-04-19 02:45:25,"Coimbatore, Tamil Nadu"
EVT-00685,CASE-028,P-0282,Location Ping,2024-10-11 03:31:26,"Bengaluru Urban, Karnataka"
EVT-00686,CASE-028,P-0282,ATM Withdrawal,2025-09-28 08:40:18,"Kanpur, Uttar Pradesh"
EVT-00687,CASE-028,P-0282,Call Received,2023-09-08 23:27:22,"Jodhpur, Rajasthan"
EVT-00688,CASE-007,P-0283,Call Made,2025-06-06 02:03:10,"Surat, Gujarat"
EVT-00689,CASE-007,P-0283,Location Ping,2025-06-16 06:49:17,"Patna, Bihar"
EVT-00690,CASE-007,P-0283,Call Received,2024-11-25 02:54:27,"Bhopal, Madhya Pradesh"
EVT-00691,CASE-060,P-0284,Call Received,2025-06-06 02:02:02,"Chennai, Tamil Nadu"
EVT-00692,CASE-060,P-0284,Call Made,2023-09-09 19:08:14,"Mumbai, Maharashtra"
EVT-00693,CASE-060,P-0284,Call Received,2025-11-01 17:08:33,"Bhopal, Madhya Pradesh"
EVT-00694,CASE-060,P-0284,Bank Login,2025-02-12 03:38:05,"Bengaluru Urban, Karnataka"
EVT-00695,CASE-043,P-0285,ATM Withdrawal,2024-05-22 18:50:57,"Mysuru, Karnataka"
EVT-00696,CASE-039,P-0285,Call Received,2023-08-20 20:03:17,"Pune, Maharashtra"
EVT-00697,CASE-003,P-0286,Location Ping,2024-09-08 22:08:32,"Mumbai, Maharashtra"
EVT-00698,CASE-026,P-0287,Call Made,2023-03-11 01:47:53,"Warangal, Telangana"
EVT-00699,CASE-026,P-0287,Bank Login,2025-12-01 16:28:33,"Kanpur, Uttar Pradesh"
EVT-00700,CASE-058,P-0288,ATM Withdrawal,2023-11-24 03:12:18,"Jaipur, Rajasthan"
EVT-00701,CASE-058,P-0288,Call Received,2024-01-03 20:23:21,"New Delhi, Delhi"
EVT-00702,CASE-058,P-0288,Call Made,2023-03-04 19:37:48,"Coimbatore, Tamil Nadu"
EVT-00703,CASE-058,P-0288,Location Ping,2024-04-14 07:14:09,"Hyderabad, Telangana"
EVT-00704,CASE-017,P-0289,Bank Login,2025-06-10 10:45:54,"Surat, Gujarat"
EVT-00705,CASE-017,P-0289,SMS Sent,2023-04-14 03:53:09,"Jaipur, Rajasthan"
EVT-00706,CASE-017,P-0289,Call Received,2025-06-05 06:22:57,"Nagpur, Maharashtra"
EVT-00707,CASE-017,P-0289,Call Received,2025-09-25 17:29:03,"Chandigarh, Punjab"
EVT-00708,CASE-022,P-0290,ATM Withdrawal,2023-02-07 07:54:05,"Nagpur, Maharashtra"
EVT-00709,CASE-022,P-0290,Call Received,2025-01-12 11:57:58,"Warangal, Telangana"
EVT-00710,CASE-021,P-0291,Bank Login,2023-11-01 23:48:37,"Pune, Maharashtra"
EVT-00711,CASE-021,P-0291,SMS Sent,2023-05-09 09:20:02,"Coimbatore, Tamil Nadu"
EVT-00712,CASE-017,P-0292,Bank Login,2023-06-28 21:51:14,"Mysuru, Karnataka"
EVT-00713,CASE-017,P-0292,Call Made,2025-09-10 18:47:17,"Mysuru, Karnataka"
EVT-00714,CASE-017,P-0292,Call Made,2023-11-18 22:40:36,"Chennai, Tamil Nadu"
EVT-00715,CASE-017,P-0292,ATM Withdrawal,2025-12-24 00:52:44,"Kanpur, Uttar Pradesh"
EVT-00716,CASE-009,P-0293,ATM Withdrawal,2023-08-05 21:58:19,"Mumbai, Maharashtra"
EVT-00717,CASE-009,P-0293,Bank Login,2025-11-12 03:34:39,"Nagpur, Maharashtra"
EVT-00718,CASE-009,P-0293,Call Made,2024-08-17 07:41:34,"Jodhpur, Rajasthan"
EVT-00719,CASE-009,P-0293,Call Received,2023-10-08 17:14:40,"Mumbai, Maharashtra"
EVT-00720,CASE-024,P-0294,ATM Withdrawal,2023-02-19 13:57:55,"Kanpur, Uttar Pradesh"
EVT-00721,CASE-049,P-0295,ATM Withdrawal,2025-04-02 00:20:10,"Kanpur, Uttar Pradesh"
EVT-00722,CASE-049,P-0295,Call Received,2025-08-25 18:09:16,"Coimbatore, Tamil Nadu"
EVT-00723,CASE-028,P-0296,Bank Login,2023-10-26 22:51:13,"Lucknow, Uttar Pradesh"
EVT-00724,CASE-032,P-0297,Call Received,2025-04-12 21:03:48,"Pune, Maharashtra"
EVT-00725,CASE-032,P-0297,SMS Sent,2025-10-07 17:06:53,"Ahmedabad, Gujarat"
EVT-00726,CASE-032,P-0297,Call Received,2024-03-14 03:23:57,"Chennai, Tamil Nadu"
EVT-00727,CASE-032,P-0297,Call Made,2024-03-17 21:04:51,"Pune, Maharashtra"
EVT-00728,CASE-055,P-0298,Location Ping,2023-01-14 13:55:52,"Chandigarh, Punjab"
EVT-00729,CASE-055,P-0298,Call Received,2023-08-22 05:10:49,"Bhopal, Madhya Pradesh"
EVT-00730,CASE-055,P-0298,SMS Sent,2023-07-20 02:17:18,"Pune, Maharashtra"
EVT-00731,CASE-055,P-0298,ATM Withdrawal,2024-07-23 16:34:50,"Jaipur, Rajasthan"
EVT-00732,CASE-029,P-0299,ATM Withdrawal,2025-10-14 18:00:02,"Pune, Maharashtra"
EVT-00733,CASE-029,P-0299,ATM Withdrawal,2025-11-02 01:43:08,"Chandigarh, Punjab"
EVT-00734,CASE-029,P-0299,Call Received,2025-12-14 23:05:43,"Chandigarh, Punjab"
EVT-00735,CASE-029,P-0299,Call Made,2023-05-31 22:41:16,"Hyderabad, Telangana"
EVT-00736,CASE-015,P-0300,Call Received,2024-03-03 21:57:55,"Coimbatore, Tamil Nadu"
EVT-00737,CASE-015,P-0300,Location Ping,2025-05-03 22:06:50,"Surat, Gujarat"
EVT-00738,CASE-015,P-0300,SMS Sent,2024-04-21 19:44:41,"Mysuru, Karnataka"
EVT-00739,CASE-015,P-0300,Call Made,2024-02-07 21:32:22,"Nagpur, Maharashtra"
EVT-00740,CASE-011,P-0301,Call Received,2025-01-18 12:45:41,"Mumbai, Maharashtra"
EVT-00741,CASE-011,P-0301,Call Made,2024-07-16 01:43:24,"Bhopal, Madhya Pradesh"
EVT-00742,CASE-058,P-0302,Call Received,2025-05-16 02:09:55,"Patna, Bihar"
EVT-00743,CASE-058,P-0302,Call Made,2023-09-16 10:02:45,"Bhopal, Madhya Pradesh"
EVT-00744,CASE-023,P-0303,ATM Withdrawal,2023-05-13 14:57:29,"Lucknow, Uttar Pradesh"
EVT-00745,CASE-030,P-0304,SMS Sent,2023-12-21 11:57:33,"Mysuru, Karnataka"
EVT-00746,CASE-030,P-0304,Location Ping,2025-04-04 22:52:28,"Bengaluru Urban, Karnataka"
EVT-00747,CASE-030,P-0304,Location Ping,2024-02-10 13:05:28,"Chennai, Tamil Nadu"
EVT-00748,CASE-030,P-0304,Call Received,2025-12-25 06:40:05,"Ahmedabad, Gujarat"
EVT-00749,CASE-056,P-0305,Call Made,2023-07-13 16:57:17,"Pune, Maharashtra"
EVT-00750,CASE-054,P-0306,SMS Sent,2025-05-26 19:24:41,"Kanpur, Uttar Pradesh"
EVT-00751,CASE-054,P-0306,SMS Sent,2024-04-23 20:44:26,"Bhopal, Madhya Pradesh"
EVT-00752,CASE-012,P-0306,Location Ping,2024-11-18 21:14:16,"Chandigarh, Punjab"
EVT-00753,CASE-058,P-0307,Location Ping,2024-10-22 11:29:25,"Chennai, Tamil Nadu"
EVT-00754,CASE-058,P-0307,Location Ping,2025-01-14 23:43:16,"Bengaluru Urban, Karnataka"
EVT-00755,CASE-058,P-0307,Location Ping,2024-12-18 07:08:02,"Lucknow, Uttar Pradesh"
EVT-00756,CASE-001,P-0308,Call Made,2025-05-12 01:42:54,"Mumbai, Maharashtra"
EVT-00757,CASE-027,P-0309,Call Made,2023-11-18 21:42:04,"Pune, Maharashtra"
EVT-00758,CASE-032,P-0310,Call Made,2024-11-29 00:04:44,"Jodhpur, Rajasthan"
EVT-00759,CASE-032,P-0310,Call Made,2025-01-29 14:39:09,"Chennai, Tamil Nadu"
EVT-00760,CASE-032,P-0310,Bank Login,2023-03-08 05:07:01,"New Delhi, Delhi"
EVT-00761,CASE-032,P-0310,Bank Login,2023-06-01 08:23:28,"Jaipur, Rajasthan"
EVT-00762,CASE-002,P-0311,Call Received,2025-07-09 19:13:26,"Pune, Maharashtra"
EVT-00763,CASE-002,P-0311,Location Ping,2025-12-30 02:20:52,"Mumbai, Maharashtra"
EVT-00764,CASE-019,P-0311,Call Made,2023-10-31 16:14:13,"Kolkata, West Bengal"
EVT-00765,CASE-002,P-0311,SMS Sent,2024-12-04 15:41:22,"Bengaluru Urban, Karnataka"
EVT-00766,CASE-038,P-0312,SMS Sent,2023-12-23 00:47:07,"Surat, Gujarat"
EVT-00767,CASE-038,P-0312,Call Made,2024-03-22 23:10:36,"Jaipur, Rajasthan"
EVT-00768,CASE-021,P-0313,Location Ping,2023-11-06 21:41:42,"Jodhpur, Rajasthan"
EVT-00769,CASE-021,P-0313,Call Made,2025-12-29 17:26:10,"Coimbatore, Tamil Nadu"
EVT-00770,CASE-021,P-0313,Call Made,2025-05-27 21:37:07,"Lucknow, Uttar Pradesh"
EVT-00771,CASE-054,P-0314,Bank Login,2025-03-31 09:49:38,"Jaipur, Rajasthan"
EVT-00772,CASE-054,P-0314,SMS Sent,2025-12-28 16:56:31,"Lucknow, Uttar Pradesh"
EVT-00773,CASE-041,P-0315,Call Made,2023-11-14 18:37:13,"Bengaluru Urban, Karnataka"
EVT-00774,CASE-041,P-0315,Location Ping,2023-11-06 01:56:42,"Coimbatore, Tamil Nadu"
EVT-00775,CASE-041,P-0315,Call Received,2024-11-13 16:51:41,"Warangal, Telangana"
EVT-00776,CASE-001,P-0316,SMS Sent,2023-08-20 07:53:59,"Nagpur, Maharashtra"
EVT-00777,CASE-001,P-0316,Bank Login,2023-04-10 12:52:20,"Kolkata, West Bengal"
EVT-00778,CASE-001,P-0316,Call Received,2025-12-22 14:24:07,"Patna, Bihar"
EVT-00779,CASE-001,P-0316,Call Made,2023-03-31 10:46:15,"Warangal, Telangana"
EVT-00780,CASE-040,P-0317,SMS Sent,2023-06-05 14:30:10,"Ahmedabad, Gujarat"
EVT-00781,CASE-040,P-0317,ATM Withdrawal,2025-07-04 11:13:32,"Pune, Maharashtra"
EVT-00782,CASE-040,P-0317,Call Made,2023-03-20 13:40:04,"Kanpur, Uttar Pradesh"
EVT-00783,CASE-040,P-0317,ATM Withdrawal,2024-12-27 00:23:32,"Bengaluru Urban, Karnataka"
EVT-00784,CASE-047,P-0318,Call Made,2025-10-14 16:01:02,"Warangal, Telangana"
EVT-00785,CASE-047,P-0318,Bank Login,2025-05-07 13:20:34,"Nagpur, Maharashtra"
EVT-00786,CASE-047,P-0318,Bank Login,2023-01-05 16:51:02,"Surat, Gujarat"
EVT-00787,CASE-052,P-0319,Location Ping,2023-09-25 09:07:12,"Mumbai, Maharashtra"
EVT-00788,CASE-037,P-0319,Bank Login,2025-08-03 19:32:38,"Kolkata, West Bengal"
EVT-00789,CASE-021,P-0320,ATM Withdrawal,2025-07-17 20:34:13,"Patna, Bihar"
EVT-00790,CASE-039,P-0321,ATM Withdrawal,2023-12-14 11:25:18,"Nagpur, Maharashtra"
EVT-00791,CASE-039,P-0321,SMS Sent,2025-07-06 00:37:07,"Kanpur, Uttar Pradesh"
EVT-00792,CASE-039,P-0321,SMS Sent,2024-08-16 18:14:27,"Bhopal, Madhya Pradesh"
EVT-00793,CASE-039,P-0321,Call Made,2024-09-30 06:59:07,"Jodhpur, Rajasthan"
EVT-00794,CASE-012,P-0322,Call Received,2025-01-23 08:26:55,"Ahmedabad, Gujarat"
EVT-00795,CASE-006,P-0323,SMS Sent,2025-06-06 01:05:25,"Warangal, Telangana"
EVT-00796,CASE-026,P-0324,Call Received,2024-05-15 16:56:36,"Lucknow, Uttar Pradesh"
EVT-00797,CASE-026,P-0324,Call Received,2025-12-06 03:27:49,"Kolkata, West Bengal"
EVT-00798,CASE-042,P-0325,Bank Login,2024-11-23 22:37:10,"Pune, Maharashtra"
EVT-00799,CASE-042,P-0325,ATM Withdrawal,2024-02-15 06:52:23,"Chennai, Tamil Nadu"
EVT-00800,CASE-010,P-0325,ATM Withdrawal,2023-08-05 19:25:10,"Pune, Maharashtra"
EVT-00801,CASE-052,P-0326,Call Made,2025-03-11 21:53:21,"Kanpur, Uttar Pradesh"
EVT-00802,CASE-052,P-0326,Call Made,2023-05-19 07:00:40,"Lucknow, Uttar Pradesh"
EVT-00803,CASE-039,P-0327,ATM Withdrawal,2025-10-30 14:20:36,"Pune, Maharashtra"
EVT-00804,CASE-013,P-0328,Bank Login,2023-05-11 00:07:37,"Hyderabad, Telangana"
EVT-00805,CASE-013,P-0328,ATM Withdrawal,2025-12-26 05:38:02,"Bhopal, Madhya Pradesh"
EVT-00806,CASE-013,P-0328,Call Received,2023-06-23 22:02:54,"Nagpur, Maharashtra"
EVT-00807,CASE-031,P-0329,ATM Withdrawal,2025-04-14 23:31:12,"Kolkata, West Bengal"
EVT-00808,CASE-018,P-0329,ATM Withdrawal,2025-02-28 11:43:18,"Pune, Maharashtra"
EVT-00809,CASE-031,P-0329,Bank Login,2024-09-11 19:51:35,"Warangal, Telangana"
EVT-00810,CASE-018,P-0329,Bank Login,2023-08-03 17:59:05,"Chennai, Tamil Nadu"
EVT-00811,CASE-024,P-0330,Location Ping,2025-03-21 19:34:05,"Kolkata, West Bengal"
EVT-00812,CASE-003,P-0331,Bank Login,2024-08-03 16:14:50,"Kanpur, Uttar Pradesh"
EVT-00813,CASE-003,P-0331,Bank Login,2023-09-26 02:03:49,"Mumbai, Maharashtra"
EVT-00814,CASE-015,P-0332,Bank Login,2023-03-14 17:39:46,"Lucknow, Uttar Pradesh"
EVT-00815,CASE-034,P-0333,SMS Sent,2025-11-01 12:03:14,"Nagpur, Maharashtra"
EVT-00816,CASE-034,P-0333,Call Received,2024-08-13 16:44:38,"Chandigarh, Punjab"
EVT-00817,CASE-034,P-0333,Location Ping,2025-07-14 08:34:28,"Jodhpur, Rajasthan"
EVT-00818,CASE-034,P-0333,ATM Withdrawal,2025-11-03 16:14:21,"Nagpur, Maharashtra"
EVT-00819,CASE-006,P-0334,ATM Withdrawal,2025-07-06 04:49:25,"Warangal, Telangana"
EVT-00820,CASE-006,P-0334,Bank Login,2025-11-07 10:47:01,"Lucknow, Uttar Pradesh"
EVT-00821,CASE-010,P-0335,ATM Withdrawal,2024-09-01 02:42:59,"Chandigarh, Punjab"
EVT-00822,CASE-010,P-0335,ATM Withdrawal,2025-09-14 01:00:11,"Mumbai, Maharashtra"
EVT-00823,CASE-020,P-0336,Bank Login,2024-07-04 21:59:02,"Hyderabad, Telangana"
EVT-00824,CASE-020,P-0336,Location Ping,2023-05-18 09:10:10,"Chandigarh, Punjab"
EVT-00825,CASE-020,P-0336,Call Made,2024-07-04 20:49:14,"Lucknow, Uttar Pradesh"
EVT-00826,CASE-019,P-0337,Bank Login,2025-09-24 19:40:45,"Hyderabad, Telangana"
EVT-00827,CASE-059,P-0338,Location Ping,2025-11-13 07:42:59,"New Delhi, Delhi"
EVT-00828,CASE-059,P-0338,Location Ping,2024-08-09 06:00:04,"Jaipur, Rajasthan"
EVT-00829,CASE-028,P-0339,Bank Login,2025-10-20 03:32:57,"Jodhpur, Rajasthan"
EVT-00830,CASE-047,P-0340,ATM Withdrawal,2023-03-12 03:58:09,"Bhopal, Madhya Pradesh"
EVT-00831,CASE-047,P-0340,ATM Withdrawal,2025-09-20 16:01:47,"Ahmedabad, Gujarat"
EVT-00832,CASE-017,P-0341,Bank Login,2024-01-22 06:31:38,"Warangal, Telangana"
EVT-00833,CASE-017,P-0341,Call Made,2024-02-17 15:57:07,"Kanpur, Uttar Pradesh"
EVT-00834,CASE-017,P-0341,Call Received,2023-04-11 14:25:30,"Kanpur, Uttar Pradesh"
EVT-00835,CASE-017,P-0341,Call Received,2025-05-21 05:22:30,"Surat, Gujarat"
EVT-00836,CASE-008,P-0342,Call Received,2023-09-06 06:02:44,"Jaipur, Rajasthan"
EVT-00837,CASE-026,P-0343,Location Ping,2025-04-22 22:19:37,"New Delhi, Delhi"
EVT-00838,CASE-054,P-0343,Call Made,2025-02-19 15:46:56,"Chandigarh, Punjab"
EVT-00839,CASE-038,P-0344,Bank Login,2024-09-13 13:56:52,"New Delhi, Delhi"
EVT-00840,CASE-021,P-0344,Bank Login,2023-03-05 19:52:09,"Lucknow, Uttar Pradesh"
EVT-00841,CASE-052,P-0345,SMS Sent,2025-01-14 21:56:08,"Mysuru, Karnataka"
EVT-00842,CASE-052,P-0345,Bank Login,2025-06-13 09:31:30,"Nagpur, Maharashtra"
EVT-00843,CASE-056,P-0346,Bank Login,2023-04-09 12:05:43,"Nagpur, Maharashtra"
EVT-00844,CASE-052,P-0346,Call Made,2023-11-30 03:20:32,"Bengaluru Urban, Karnataka"
EVT-00845,CASE-012,P-0346,ATM Withdrawal,2024-01-21 16:44:29,"Jaipur, Rajasthan"
EVT-00846,CASE-012,P-0346,Bank Login,2025-09-21 08:32:45,"Chennai, Tamil Nadu"
EVT-00847,CASE-044,P-0347,Call Made,2023-12-28 09:46:47,"Coimbatore, Tamil Nadu"
EVT-00848,CASE-044,P-0347,ATM Withdrawal,2024-09-25 05:38:27,"Pune, Maharashtra"
EVT-00849,CASE-001,P-0348,Call Received,2023-03-10 00:38:29,"Warangal, Telangana"
EVT-00850,CASE-001,P-0348,Bank Login,2025-03-04 21:05:06,"Bengaluru Urban, Karnataka"
EVT-00851,CASE-001,P-0348,Location Ping,2025-12-23 22:15:35,"Pune, Maharashtra"
EVT-00852,CASE-042,P-0349,Location Ping,2024-04-14 06:39:47,"Patna, Bihar"
EVT-00853,CASE-042,P-0349,Location Ping,2023-07-13 12:16:52,"Bhopal, Madhya Pradesh"
EVT-00854,CASE-056,P-0350,Location Ping,2025-10-07 04:24:36,"Mumbai, Maharashtra"
EVT-00855,CASE-032,P-0351,Location Ping,2023-02-13 21:25:16,"Chandigarh, Punjab"
EVT-00856,CASE-032,P-0351,SMS Sent,2023-04-09 03:30:21,"Patna, Bihar"
EVT-00857,CASE-045,P-0352,Bank Login,2023-07-16 22:35:58,"Warangal, Telangana"
EVT-00858,CASE-045,P-0352,Bank Login,2025-04-20 11:30:03,"Pune, Maharashtra"
EVT-00859,CASE-045,P-0352,SMS Sent,2025-05-06 04:28:17,"Mysuru, Karnataka"
EVT-00860,CASE-045,P-0352,Location Ping,2023-05-04 16:25:42,"Kanpur, Uttar Pradesh"
EVT-00861,CASE-026,P-0353,Bank Login,2023-06-12 11:15:31,"Hyderabad, Telangana"
EVT-00862,CASE-026,P-0353,Bank Login,2023-10-14 22:24:43,"Jodhpur, Rajasthan"
EVT-00863,CASE-026,P-0353,Location Ping,2025-04-28 01:11:13,"Lucknow, Uttar Pradesh"
EVT-00864,CASE-009,P-0354,ATM Withdrawal,2025-08-18 21:01:57,"New Delhi, Delhi"
EVT-00865,CASE-009,P-0354,Location Ping,2025-02-26 04:00:34,"Jodhpur, Rajasthan"
EVT-00866,CASE-002,P-0355,Location Ping,2024-06-12 14:44:38,"Chandigarh, Punjab"
EVT-00867,CASE-002,P-0355,Location Ping,2025-10-22 03:06:05,"Mumbai, Maharashtra"
EVT-00868,CASE-002,P-0355,Call Made,2025-08-11 08:17:11,"Mysuru, Karnataka"
EVT-00869,CASE-002,P-0356,ATM Withdrawal,2025-01-12 04:03:40,"Jaipur, Rajasthan"
EVT-00870,CASE-002,P-0356,ATM Withdrawal,2024-08-15 14:58:28,"Mumbai, Maharashtra"
EVT-00871,CASE-042,P-0357,Call Made,2025-01-07 01:55:39,"Nagpur, Maharashtra"
EVT-00872,CASE-042,P-0357,ATM Withdrawal,2023-04-07 02:34:24,"Hyderabad, Telangana"
EVT-00873,CASE-042,P-0357,Call Received,2024-10-16 09:17:40,"Surat, Gujarat"
EVT-00874,CASE-051,P-0358,ATM Withdrawal,2025-10-03 00:58:03,"Mysuru, Karnataka"
EVT-00875,CASE-055,P-0358,Bank Login,2025-06-18 20:42:29,"Warangal, Telangana"
EVT-00876,CASE-031,P-0359,Bank Login,2023-03-28 16:47:54,"Jodhpur, Rajasthan"
EVT-00877,CASE-031,P-0359,Call Made,2023-03-18 08:30:33,"Pune, Maharashtra"
EVT-00878,CASE-031,P-0359,Call Received,2024-04-09 00:50:30,"Kolkata, West Bengal"
EVT-00879,CASE-048,P-0360,Call Made,2024-03-31 15:39:49,"Jodhpur, Rajasthan"
EVT-00880,CASE-045,P-0360,ATM Withdrawal,2024-03-01 14:24:18,"New Delhi, Delhi"
EVT-00881,CASE-045,P-0360,SMS Sent,2025-02-11 20:16:22,"Lucknow, Uttar Pradesh"
EVT-00882,CASE-029,P-0361,SMS Sent,2024-02-12 04:56:40,"Chennai, Tamil Nadu"
EVT-00883,CASE-037,P-0362,Location Ping,2024-10-20 00:36:18,"Jaipur, Rajasthan"
EVT-00884,CASE-022,P-0363,Location Ping,2025-04-15 00:07:18,"Pune, Maharashtra"
EVT-00885,CASE-022,P-0363,Location Ping,2024-05-10 10:39:22,"Hyderabad, Telangana"
EVT-00886,CASE-022,P-0363,Bank Login,2025-08-03 10:39:08,"Pune, Maharashtra"
EVT-00887,CASE-022,P-0363,Call Received,2024-01-12 17:40:31,"Jaipur, Rajasthan"
EVT-00888,CASE-046,P-0364,SMS Sent,2023-07-23 04:48:21,"Chennai, Tamil Nadu"
EVT-00889,CASE-046,P-0364,Location Ping,2025-12-24 08:12:08,"Ahmedabad, Gujarat"
EVT-00890,CASE-046,P-0364,Call Made,2024-09-07 22:13:58,"Surat, Gujarat"
EVT-00891,CASE-032,P-0365,Call Made,2023-01-15 05:21:50,"Lucknow, Uttar Pradesh"
EVT-00892,CASE-032,P-0365,Call Received,2023-07-03 22:48:16,"Chennai, Tamil Nadu"
EVT-00893,CASE-032,P-0365,Location Ping,2023-10-09 05:48:27,"Kanpur, Uttar Pradesh"
EVT-00894,CASE-036,P-0366,ATM Withdrawal,2025-10-17 01:28:05,"Patna, Bihar"
EVT-00895,CASE-036,P-0366,SMS Sent,2023-07-28 16:25:47,"Surat, Gujarat"
EVT-00896,CASE-036,P-0366,SMS Sent,2023-02-13 02:33:14,"Bengaluru Urban, Karnataka"
EVT-00897,CASE-036,P-0366,Call Received,2024-03-12 09:51:07,"Bengaluru Urban, Karnataka"
EVT-00898,CASE-026,P-0367,Bank Login,2024-01-26 05:27:13,"New Delhi, Delhi"
EVT-00899,CASE-040,P-0368,Call Made,2025-04-13 23:14:07,"Pune, Maharashtra"
EVT-00900,CASE-040,P-0368,SMS Sent,2025-07-03 16:25:30,"Kolkata, West Bengal"
EVT-00901,CASE-040,P-0368,SMS Sent,2025-02-07 05:34:18,"New Delhi, Delhi"
EVT-00902,CASE-040,P-0368,Call Received,2023-05-03 22:15:36,"Chennai, Tamil Nadu"
EVT-00903,CASE-032,P-0369,Call Made,2024-02-29 09:31:36,"Kanpur, Uttar Pradesh"
EVT-00904,CASE-056,P-0369,ATM Withdrawal,2024-09-26 15:47:55,"Warangal, Telangana"
EVT-00905,CASE-056,P-0369,ATM Withdrawal,2024-10-22 04:42:27,"Nagpur, Maharashtra"
EVT-00906,CASE-037,P-0370,Call Received,2023-03-25 01:33:05,"Coimbatore, Tamil Nadu"
EVT-00907,CASE-037,P-0370,Call Received,2025-01-13 16:02:33,"Surat, Gujarat"
EVT-00908,CASE-058,P-0371,Location Ping,2025-12-17 20:57:08,"Chandigarh, Punjab"
EVT-00909,CASE-058,P-0371,Bank Login,2023-03-16 17:03:45,"Kanpur, Uttar Pradesh"
EVT-00910,CASE-008,P-0372,Location Ping,2024-02-16 05:44:29,"Kolkata, West Bengal"
EVT-00911,CASE-008,P-0372,Location Ping,2023-07-18 17:04:49,"Bengaluru Urban, Karnataka"
EVT-00912,CASE-008,P-0372,Bank Login,2024-05-18 18:44:18,"Warangal, Telangana"
EVT-00913,CASE-028,P-0373,Call Made,2023-02-18 20:00:05,"Lucknow, Uttar Pradesh"
EVT-00914,CASE-028,P-0373,Location Ping,2025-10-11 02:56:25,"Jaipur, Rajasthan"
EVT-00915,CASE-028,P-0373,ATM Withdrawal,2024-12-26 19:22:31,"Surat, Gujarat"
EVT-00916,CASE-013,P-0374,Call Made,2023-06-23 01:25:46,"Mysuru, Karnataka"
EVT-00917,CASE-013,P-0374,Call Received,2024-11-26 02:07:22,"Ahmedabad, Gujarat"
EVT-00918,CASE-033,P-0375,SMS Sent,2024-11-12 00:18:09,"Jodhpur, Rajasthan"
EVT-00919,CASE-033,P-0375,Call Received,2025-10-29 06:16:58,"Ahmedabad, Gujarat"
EVT-00920,CASE-033,P-0375,SMS Sent,2023-09-21 15:39:32,"Pune, Maharashtra"
EVT-00921,CASE-033,P-0375,Bank Login,2025-04-17 03:29:51,"Jodhpur, Rajasthan"
EVT-00922,CASE-022,P-0376,SMS Sent,2024-07-03 08:17:20,"Pune, Maharashtra"
EVT-00923,CASE-022,P-0376,Call Made,2025-07-31 12:55:34,"Jodhpur, Rajasthan"
EVT-00924,CASE-009,P-0377,Location Ping,2024-05-26 00:11:37,"Coimbatore, Tamil Nadu"
EVT-00925,CASE-009,P-0377,SMS Sent,2025-08-03 20:43:15,"Hyderabad, Telangana"
EVT-00926,CASE-025,P-0378,Location Ping,2025-08-27 13:12:50,"Hyderabad, Telangana"
EVT-00927,CASE-027,P-0378,Call Received,2024-04-19 16:59:08,"Pune, Maharashtra"
EVT-00928,CASE-025,P-0378,ATM Withdrawal,2025-09-12 10:59:51,"Bengaluru Urban, Karnataka"
EVT-00929,CASE-031,P-0379,SMS Sent,2025-01-06 14:21:45,"Kolkata, West Bengal"
EVT-00930,CASE-019,P-0380,SMS Sent,2024-06-20 11:13:20,"Chennai, Tamil Nadu"
EVT-00931,CASE-019,P-0380,Location Ping,2024-01-31 04:28:10,"Jaipur, Rajasthan"
EVT-00932,CASE-019,P-0380,Location Ping,2024-10-26 02:15:40,"Mumbai, Maharashtra"
EVT-00933,CASE-031,P-0381,ATM Withdrawal,2023-04-13 11:04:10,"Patna, Bihar"
EVT-00934,CASE-031,P-0381,SMS Sent,2025-12-30 12:31:37,"New Delhi, Delhi"
EVT-00935,CASE-039,P-0382,ATM Withdrawal,2025-12-02 00:53:48,"Surat, Gujarat"
EVT-00936,CASE-032,P-0383,Call Received,2025-04-13 15:02:56,"Kanpur, Uttar Pradesh"
EVT-00937,CASE-020,P-0383,Bank Login,2024-08-22 14:59:42,"Bhopal, Madhya Pradesh"
EVT-00938,CASE-017,P-0384,Bank Login,2025-03-10 05:40:09,"Mysuru, Karnataka"
EVT-00939,CASE-017,P-0384,Bank Login,2023-04-05 15:17:40,"Ahmedabad, Gujarat"
EVT-00940,CASE-057,P-0384,SMS Sent,2025-06-18 02:18:08,"Mysuru, Karnataka"
EVT-00941,CASE-057,P-0384,Call Made,2024-03-02 00:26:23,"Kanpur, Uttar Pradesh"
EVT-00942,CASE-052,P-0385,SMS Sent,2023-12-28 06:08:13,"Mumbai, Maharashtra"
EVT-00943,CASE-003,P-0385,ATM Withdrawal,2025-07-18 07:09:35,"New Delhi, Delhi"
EVT-00944,CASE-008,P-0386,Call Received,2024-02-21 00:17:36,"Mysuru, Karnataka"
EVT-00945,CASE-008,P-0386,Bank Login,2025-10-04 17:11:42,"Hyderabad, Telangana"
EVT-00946,CASE-008,P-0386,Call Received,2025-03-21 01:34:00,"Hyderabad, Telangana"
EVT-00947,CASE-008,P-0386,Bank Login,2023-06-10 07:41:58,"Mysuru, Karnataka"
EVT-00948,CASE-022,P-0387,Call Made,2024-08-31 18:59:07,"Chennai, Tamil Nadu"
EVT-00949,CASE-050,P-0388,Bank Login,2025-03-10 12:48:28,"Mumbai, Maharashtra"
EVT-00950,CASE-050,P-0388,Call Received,2023-08-15 08:18:05,"Bengaluru Urban, Karnataka"
EVT-00951,CASE-056,P-0389,Call Made,2023-10-15 13:33:37,"Hyderabad, Telangana"
EVT-00952,CASE-029,P-0390,Call Made,2023-04-08 21:57:25,"Kolkata, West Bengal"
EVT-00953,CASE-029,P-0390,SMS Sent,2024-11-05 03:35:37,"Jodhpur, Rajasthan"
EVT-00954,CASE-049,P-0391,Call Made,2025-02-28 00:44:55,"Bhopal, Madhya Pradesh"
EVT-00955,CASE-036,P-0392,Call Made,2023-01-18 09:43:06,"New Delhi, Delhi"
EVT-00956,CASE-036,P-0392,Location Ping,2023-10-22 03:30:38,"Jaipur, Rajasthan"
EVT-00957,CASE-036,P-0392,Call Made,2024-03-24 13:53:53,"Mumbai, Maharashtra"
EVT-00958,CASE-036,P-0392,Bank Login,2024-03-25 12:14:03,"Surat, Gujarat"
EVT-00959,CASE-041,P-0393,Bank Login,2025-03-03 18:39:30,"Mumbai, Maharashtra"
EVT-00960,CASE-041,P-0393,Location Ping,2024-10-16 05:14:35,"New Delhi, Delhi"
EVT-00961,CASE-024,P-0394,Location Ping,2024-04-25 12:39:32,"Lucknow, Uttar Pradesh"
EVT-00962,CASE-024,P-0394,ATM Withdrawal,2023-06-01 16:57:34,"Mumbai, Maharashtra"
EVT-00963,CASE-029,P-0395,ATM Withdrawal,2023-01-27 06:08:27,"Kanpur, Uttar Pradesh"
EVT-00964,CASE-056,P-0396,Call Made,2024-07-28 20:46:21,"Warangal, Telangana"
EVT-00965,CASE-056,P-0396,ATM Withdrawal,2025-07-02 22:23:38,"Jodhpur, Rajasthan"
EVT-00966,CASE-056,P-0396,Call Made,2024-05-29 19:45:54,"Pune, Maharashtra"
EVT-00967,CASE-056,P-0396,SMS Sent,2024-11-03 09:50:55,"Jodhpur, Rajasthan"
EVT-00968,CASE-022,P-0397,Call Made,2023-04-25 16:25:24,"Pune, Maharashtra"
EVT-00969,CASE-022,P-0397,Location Ping,2024-04-09 14:54:49,"Nagpur, Maharashtra"
EVT-00970,CASE-022,P-0397,ATM Withdrawal,2023-12-16 04:58:54,"Ahmedabad, Gujarat"
EVT-00971,CASE-022,P-0397,SMS Sent,2025-04-21 10:19:08,"Surat, Gujarat"
EVT-00972,CASE-013,P-0398,Bank Login,2025-07-07 20:01:14,"Warangal, Telangana"
EVT-00973,CASE-050,P-0399,Bank Login,2025-08-13 15:24:22,"Pune, Maharashtra"
EVT-00974,CASE-050,P-0399,Bank Login,2023-10-30 08:58:43,"Lucknow, Uttar Pradesh"
EVT-00975,CASE-050,P-0399,Bank Login,2023-11-11 06:22:07,"Ahmedabad, Gujarat"
EVT-00976,CASE-050,P-0399,SMS Sent,2025-04-09 23:59:32,"Chandigarh, Punjab"
EVT-00977,CASE-031,P-0400,SMS Sent,2025-07-31 20:06:41,"Kanpur, Uttar Pradesh"
EVT-00978,CASE-031,P-0400,Bank Login,2023-12-30 15:07:44,"New Delhi, Delhi"
EVT-00979,CASE-022,P-0400,Bank Login,2025-05-12 19:35:16,"Kolkata, West Bengal"
EVT-00980,CASE-031,P-0400,SMS Sent,2025-04-01 23:43:03,"Patna, Bihar"
EVT-00981,CASE-046,P-0401,Call Made,2024-07-30 07:43:26,"Chandigarh, Punjab"
EVT-00982,CASE-018,P-0236,Call Made,2024-10-08 23:12:30,"Kanpur, Uttar Pradesh"
EVT-00983,CASE-053,P-0096,Location Ping,2025-11-27 13:25:04,"Jodhpur, Rajasthan"
EVT-00984,CASE-007,P-0137,Call Made,2024-04-08 06:12:33,"Pune, Maharashtra"
EVT-00985,CASE-008,P-0226,Call Made,2024-12-01 05:50:54,"Jaipur, Rajasthan"
EVT-00986,CASE-060,P-0140,Call Made,2024-10-22 06:19:52,"Pune, Maharashtra"
EVT-00987,CASE-043,P-0190,Call Made,2025-03-05 18:11:07,"Pune, Maharashtra"
EVT-00988,CASE-034,P-0026,Call Made,2025-12-31 16:45:40,"Nagpur, Maharashtra"
EVT-00989,CASE-003,P-0331,Location Ping,2024-09-17 16:18:21,"Kolkata, West Bengal"
EVT-00990,CASE-006,P-0128,Call Made,2024-12-23 17:39:32,"Patna, Bihar"
EVT-00991,CASE-023,P-0057,Location Ping,2025-07-02 10:01:50,"Nagpur, Maharashtra"
EVT-00992,CASE-021,P-0113,Location Ping,2024-08-18 12:42:47,"Jodhpur, Rajasthan"
EVT-00993,CASE-012,P-0306,Call Made,2024-03-16 00:13:56,"New Delhi, Delhi"
EVT-00994,CASE-020,P-0148,Location Ping,2024-03-12 09:10:42,"Bhopal, Madhya Pradesh"
EVT-00995,CASE-059,P-0376,Call Made,2024-12-04 10:49:41,"Warangal, Telangana"
EVT-00996,CASE-018,P-0002,Call Made,2024-04-19 10:48:49,"Bhopal, Madhya Pradesh"
EVT-00997,CASE-029,P-0049,Location Ping,2025-02-01 20:35:56,"Chandigarh, Punjab"
EVT-00998,CASE-029,P-0299,Location Ping,2024-02-11 11:20:48,"Warangal, Telangana"
EVT-00999,CASE-025,P-0001,Location Ping,2024-07-25 22:04:31,"Mysuru, Karnataka"
EVT-01000,CASE-039,P-0251,Location Ping,2025-06-12 23:02:40,"Ahmedabad, Gujarat"
EVT-01001,CASE-045,P-0127,Location Ping,2025-10-09 08:25:42,"Mumbai, Maharashtra"
EVT-01002,CASE-025,P-0180,Location Ping,2025-08-28 10:58:33,"Kolkata, West Bengal"
EVT-01003,CASE-056,P-0280,Call Made,2025-10-18 06:29:04,"Chandigarh, Punjab"
EVT-01004,CASE-005,P-0132,Call Made,2025-10-17 23:48:56,"Jaipur, Rajasthan"
EVT-01005,CASE-047,P-0340,Call Made,2025-07-05 17:04:30,"Chandigarh, Punjab"
EVT-01006,CASE-053,P-0250,Call Made,2024-02-19 05:17:23,"Jodhpur, Rajasthan"
EVT-01007,CASE-028,P-0296,Location Ping,2024-11-14 11:07:01,"Warangal, Telangana"
EVT-01008,CASE-019,P-0380,Location Ping,2024-05-13 08:17:33,"Coimbatore, Tamil Nadu"
EVT-01009,CASE-042,P-0357,Location Ping,2025-10-20 08:45:02,"Patna, Bihar"
EVT-01010,CASE-004,P-0179,Call Made,2025-12-15 05:30:44,"New Delhi, Delhi"
EVT-01011,CASE-002,P-0170,Location Ping,2024-01-04 22:16:00,"Mumbai, Maharashtra"
EVT-01012,CASE-034,P-0201,Location Ping,2025-02-08 00:41:01,"Kolkata, West Bengal"
EVT-01013,CASE-058,P-0302,Call Made,2025-06-19 01:02:40,"Warangal, Telangana"
EVT-01014,CASE-019,P-0214,Call Made,2024-03-10 23:23:21,"Mysuru, Karnataka"
EVT-01015,CASE-020,P-0148,Call Made,2024-10-29 12:32:47,"New Delhi, Delhi"
EVT-01016,CASE-035,P-0034,Call Made,2025-01-08 23:15:26,"Nagpur, Maharashtra"
EVT-01017,CASE-031,P-0151,Location Ping,2025-03-12 20:58:55,"Mumbai, Maharashtra"
EVT-01018,CASE-015,P-0008,Call Made,2025-03-22 02:51:50,"Jaipur, Rajasthan"
EVT-01019,CASE-036,P-0366,Call Made,2025-10-17 10:19:37,"Kanpur, Uttar Pradesh"
EVT-01020,CASE-049,P-0139,Call Made,2024-09-01 15:42:56,"Chennai, Tamil Nadu"
EVT-01021,CASE-044,P-0074,Call Made,2025-08-03 14:59:51,"Mumbai, Maharashtra"
EVT-01022,CASE-058,P-0134,Location Ping,2024-06-25 15:16:52,"Kanpur, Uttar Pradesh"
EVT-01023,CASE-007,P-0155,Call Made,2024-06-04 00:59:31,"Mumbai, Maharashtra"
EVT-01024,CASE-012,P-0306,Location Ping,2024-02-25 01:18:07,"Lucknow, Uttar Pradesh"
EVT-01025,CASE-043,P-0153,Call Made,2024-01-04 13:48:55,"Patna, Bihar"
EVT-01026,CASE-021,P-0291,Call Made,2025-11-12 09:14:51,"Kolkata, West Bengal"
EVT-01027,CASE-012,P-0322,Location Ping,2025-06-27 00:40:08,"Ahmedabad, Gujarat"
EVT-01028,CASE-059,P-0239,Call Made,2025-09-11 09:31:20,"Chandigarh, Punjab"
EVT-01029,CASE-010,P-0216,Location Ping,2025-04-05 16:08:58,"New Delhi, Delhi"
EVT-01030,CASE-048,P-0211,Location Ping,2024-09-24 16:03:59,"Mysuru, Karnataka"
EVT-01031,CASE-046,P-0237,Location Ping,2024-08-04 17:28:08,"Patna, Bihar"
EVT-01032,CASE-024,P-0237,Location Ping,2025-10-11 14:21:55,"Nagpur, Maharashtra"
EVT-01033,CASE-007,P-0391,Call Made,2025-01-03 06:30:56,"Coimbatore, Tamil Nadu"
EVT-01034,CASE-030,P-0266,Call Made,2024-06-14 14:39:36,"Nagpur, Maharashtra"
EVT-01035,CASE-014,P-0063,Location Ping,2024-09-15 02:20:14,"Mumbai, Maharashtra"
EVT-01036,CASE-019,P-0380,Location Ping,2025-08-24 17:08:29,"New Delhi, Delhi"
EVT-01037,CASE-015,P-0300,Call Made,2025-06-15 17:54:47,"Chennai, Tamil Nadu"
EVT-01038,CASE-049,P-0035,Location Ping,2025-11-24 03:34:35,"Ahmedabad, Gujarat"
EVT-01039,CASE-030,P-0001,Location Ping,2024-12-06 02:07:22,"Warangal, Telangana"
EVT-01040,CASE-044,P-0079,Location Ping,2025-11-07 19:16:25,"Mysuru, Karnataka"
EVT-01041,CASE-035,P-0121,Call Made,2024-11-11 01:31:13,"Warangal, Telangana"
EVT-01042,CASE-056,P-0280,Call Made,2025-08-01 21:59:38,"Lucknow, Uttar Pradesh"
EVT-01043,CASE-038,P-0134,Call Made,2025-04-01 22:26:45,"New Delhi, Delhi"
EVT-01044,CASE-015,P-0149,Location Ping,2025-11-23 01:21:52,"Ahmedabad, Gujarat"
EVT-01045,CASE-002,P-0342,Location Ping,2024-05-17 09:13:17,"Surat, Gujarat"
EVT-01046,CASE-022,P-0052,Location Ping,2025-12-16 11:14:40,"Ahmedabad, Gujarat"
EVT-01047,CASE-058,P-0302,Call Made,2025-02-23 13:54:39,"Mumbai, Maharashtra"
EVT-01048,CASE-006,P-0334,Location Ping,2024-02-11 05:21:06,"Kanpur, Uttar Pradesh"
EVT-01049,CASE-019,P-0337,Location Ping,2025-07-01 08:20:06,"Mumbai, Maharashtra"
EVT-01050,CASE-047,P-0318,Location Ping,2024-12-14 17:41:56,"Bhopal, Madhya Pradesh"
EVT-01051,CASE-060,P-0228,Location Ping,2024-03-03 04:27:24,"Jaipur, Rajasthan"
EVT-01052,CASE-037,P-0022,Call Made,2024-06-08 23:55:53,"Chandigarh, Punjab"
EVT-01053,CASE-049,P-0391,Call Made,2025-04-06 10:12:16,"Mumbai, Maharashtra"
EVT-01054,CASE-059,P-0338,Location Ping,2024-03-24 05:14:12,"Mumbai, Maharashtra"
EVT-01055,CASE-005,P-0156,Location Ping,2025-07-21 11:44:29,"Pune, Maharashtra"
EVT-01056,CASE-051,P-0202,Call Made,2024-03-18 11:05:58,"Nagpur, Maharashtra"
EVT-01057,CASE-010,P-0082,Location Ping,2025-08-27 23:55:10,"Kolkata, West Bengal"
EVT-01058,CASE-010,P-0119,Call Made,2025-04-11 19:57:20,"Pune, Maharashtra"
EVT-01059,CASE-013,P-0050,Location Ping,2025-09-17 14:30:51,"Ahmedabad, Gujarat"
EVT-01060,CASE-017,P-0341,Location Ping,2024-02-11 22:19:25,"Chennai, Tamil Nadu"
EVT-01061,CASE-051,P-0055,Call Made,2024-11-11 10:40:46,"Bhopal, Madhya Pradesh"
EVT-01062,CASE-051,P-0358,Call Made,2024-09-01 18:23:37,"Warangal, Telangana"
EVT-01063,CASE-016,P-0231,Call Made,2024-01-01 12:07:02,"Nagpur, Maharashtra"
EVT-01064,CASE-022,P-0194,Call Made,2024-12-06 00:00:58,"Surat, Gujarat"
EVT-01065,CASE-026,P-0343,Call Made,2024-01-09 05:08:41,"Chennai, Tamil Nadu"
EVT-01066,CASE-013,P-0050,Call Made,2024-03-02 07:32:47,"Surat, Gujarat"
EVT-01067,CASE-031,P-0105,Location Ping,2024-06-15 16:24:40,"Chennai, Tamil Nadu"
EVT-01068,CASE-001,P-0018,Location Ping,2024-12-07 21:04:31,"Bhopal, Madhya Pradesh"
EVT-01069,CASE-043,P-0072,Call Made,2024-12-06 06:03:42,"Ahmedabad, Gujarat"
EVT-01070,CASE-052,P-0041,Location Ping,2024-03-18 14:08:29,"Kanpur, Uttar Pradesh"
EVT-01071,CASE-020,P-0066,Call Made,2024-12-26 03:54:44,"Bhopal, Madhya Pradesh"
EVT-01072,CASE-046,P-0401,Location Ping,2025-07-04 03:36:46,"Chandigarh, Punjab"
EVT-01073,CASE-041,P-0265,Call Made,2025-12-10 12:02:26,"Hyderabad, Telangana"
EVT-01074,CASE-043,P-0153,Call Made,2024-01-08 13:14:42,"Jodhpur, Rajasthan"
EVT-01075,CASE-059,P-0030,Call Made,2024-08-24 04:08:05,"Pune, Maharashtra"
EVT-01076,CASE-056,P-0280,Call Made,2024-01-03 08:00:08,"Warangal, Telangana"
EVT-01077,CASE-051,P-0358,Call Made,2025-12-29 07:45:55,"Mumbai, Maharashtra"
EVT-01078,CASE-010,P-0057,Location Ping,2024-02-05 10:10:42,"Kolkata, West Bengal"
EVT-01079,CASE-029,P-0299,Call Made,2024-02-25 22:20:18,"New Delhi, Delhi"
EVT-01080,CASE-058,P-0307,Call Made,2024-06-20 22:50:53,"Surat, Gujarat"
EVT-01081,CASE-051,P-0379,Location Ping,2024-09-25 19:55:26,"Hyderabad, Telangana"
EVT-01082,CASE-054,P-0314,Location Ping,2024-04-23 19:06:20,"Mumbai, Maharashtra"
EVT-01083,CASE-057,P-0042,Location Ping,2024-02-24 21:13:45,"Mumbai, Maharashtra"
EVT-01084,CASE-047,P-0351,Location Ping,2025-01-13 04:20:20,"Chandigarh, Punjab"
EVT-01085,CASE-025,P-0378,Call Made,2024-11-04 23:13:16,"Chandigarh, Punjab"
EVT-01086,CASE-001,P-0010,Call Made,2024-02-27 05:38:20,"New Delhi, Delhi"
EVT-01087,CASE-007,P-0283,Location Ping,2025-01-05 21:15:26,"Warangal, Telangana"
EVT-01088,CASE-027,P-0247,Call Made,2025-01-07 00:52:16,"Kolkata, West Bengal"
EVT-01089,CASE-008,P-0386,Call Made,2025-07-10 15:26:39,"Coimbatore, Tamil Nadu"
EVT-01090,CASE-053,P-0275,Location Ping,2024-08-26 06:21:37,"Chandigarh, Punjab"
EVT-01091,CASE-021,P-0291,Call Made,2024-01-16 22:21:23,"Pune, Maharashtra"
EVT-01092,CASE-051,P-0024,Location Ping,2024-12-22 02:37:01,"Jodhpur, Rajasthan"
EVT-01093,CASE-015,P-0008,Location Ping,2024-09-11 20:04:23,"Pune, Maharashtra"
EVT-01094,CASE-050,P-0228,Call Made,2025-05-06 13:47:46,"Jaipur, Rajasthan"
EVT-01095,CASE-036,P-0366,Call Made,2025-01-18 02:28:43,"Coimbatore, Tamil Nadu"
EVT-01096,CASE-007,P-0155,Location Ping,2024-07-17 03:28:51,"Mysuru, Karnataka"
EVT-01097,CASE-019,P-0071,Call Made,2024-08-10 00:59:08,"Bengaluru Urban, Karnataka"
EVT-01098,CASE-004,P-0267,Location Ping,2024-05-22 17:43:32,"Chandigarh, Punjab"
EVT-01099,CASE-010,P-0119,Call Made,2025-05-28 19:05:40,"Chandigarh, Punjab"
EVT-01100,CASE-001,P-0018,Call Made,2025-09-05 01:11:11,"Hyderabad, Telangana"
EVT-01101,CASE-049,P-0139,Location Ping,2025-10-26 21:12:37,"Bengaluru Urban, Karnataka"
EVT-01102,CASE-049,P-0143,Call Made,2025-07-26 14:56:25,"Mumbai, Maharashtra"
EVT-01103,CASE-058,P-0302,Location Ping,2025-10-13 14:47:36,"Mumbai, Maharashtra"
EVT-01104,CASE-016,P-0278,Call Made,2024-01-05 08:44:17,"New Delhi, Delhi"
EVT-01105,CASE-007,P-0391,Location Ping,2025-01-31 11:13:50,"Warangal, Telangana"
EVT-01106,CASE-004,P-0179,Call Made,2024-04-27 15:32:45,"Bengaluru Urban, Karnataka"
EVT-01107,CASE-060,P-0284,Location Ping,2024-10-31 22:15:37,"Kanpur, Uttar Pradesh"
EVT-01108,CASE-048,P-0199,Call Made,2025-04-23 16:02:11,"Pune, Maharashtra"
EVT-01109,CASE-037,P-0370,Location Ping,2025-12-18 07:50:23,"Kanpur, Uttar Pradesh"
EVT-01110,CASE-056,P-0350,Location Ping,2024-09-08 02:19:53,"Chandigarh, Punjab"
EVT-01111,CASE-012,P-0141,Call Made,2024-05-12 19:31:13,"Chandigarh, Punjab"
EVT-01112,CASE-005,P-0044,Location Ping,2024-05-10 02:11:08,"Jodhpur, Rajasthan"
EVT-01113,CASE-006,P-0128,Call Made,2025-10-16 21:43:15,"Hyderabad, Telangana"
EVT-01114,CASE-011,P-0005,Call Made,2025-09-11 07:29:08,"Pune, Maharashtra"
EVT-01115,CASE-059,P-0239,Location Ping,2024-10-14 10:07:12,"Jaipur, Rajasthan"
EVT-01116,CASE-014,P-0019,Call Made,2024-07-17 17:06:03,"Kanpur, Uttar Pradesh"
EVT-01117,CASE-058,P-0184,Call Made,2025-06-23 17:55:54,"Bhopal, Madhya Pradesh"
EVT-01118,CASE-026,P-0323,Call Made,2025-12-05 17:52:26,"Kanpur, Uttar Pradesh"
EVT-01119,CASE-056,P-0090,Call Made,2025-09-14 06:34:34,"Jaipur, Rajasthan"
EVT-01120,CASE-021,P-0076,Call Made,2025-07-08 08:13:30,"New Delhi, Delhi"
EVT-01121,CASE-032,P-0009,Call Made,2024-05-26 20:03:23,"Lucknow, Uttar Pradesh"
EVT-01122,CASE-001,P-0348,Call Made,2025-05-17 13:36:18,"Bhopal, Madhya Pradesh"
EVT-01123,CASE-019,P-0181,Call Made,2024-09-30 20:24:42,"Kolkata, West Bengal"
EVT-01124,CASE-002,P-0277,Location Ping,2025-07-15 09:46:15,"Pune, Maharashtra"
EVT-01125,CASE-044,P-0074,Call Made,2024-12-02 21:24:13,"Bengaluru Urban, Karnataka"
EVT-01126,CASE-037,P-0013,Location Ping,2024-06-13 05:27:09,"New Delhi, Delhi"
EVT-01127,CASE-019,P-0168,Location Ping,2025-03-03 09:10:52,"New Delhi, Delhi"
EVT-01128,CASE-002,P-0311,Location Ping,2025-03-17 22:27:49,"Kanpur, Uttar Pradesh"
EVT-01129,CASE-029,P-0299,Call Made,2025-06-30 19:05:44,"Bengaluru Urban, Karnataka"
EVT-01130,CASE-007,P-0017,Call Made,2025-07-04 13:32:37,"Mumbai, Maharashtra"
EVT-01131,CASE-019,P-0337,Call Made,2025-01-06 20:33:02,"New Delhi, Delhi"
EVT-01132,CASE-008,P-0372,Call Made,2025-03-01 05:55:57,"Jodhpur, Rajasthan"
EVT-01133,CASE-049,P-0295,Location Ping,2025-11-29 10:34:36,"Chennai, Tamil Nadu"
EVT-01134,CASE-044,P-0151,Location Ping,2025-11-16 02:56:14,"Ahmedabad, Gujarat"
EVT-01135,CASE-039,P-0125,Call Made,2025-02-03 04:02:40,"Mysuru, Karnataka"
EVT-01136,CASE-021,P-0259,Location Ping,2024-05-06 05:28:21,"Pune, Maharashtra"
EVT-01137,CASE-044,P-0040,Call Made,2025-03-04 03:06:35,"Coimbatore, Tamil Nadu"
EVT-01138,CASE-023,P-0186,Call Made,2025-04-30 15:54:57,"Hyderabad, Telangana"
EVT-01139,CASE-010,P-0335,Call Made,2024-02-15 22:48:52,"Warangal, Telangana"
EVT-01140,CASE-032,P-0248,Location Ping,2024-08-04 12:10:34,"Patna, Bihar"
EVT-01141,CASE-015,P-0008,Call Made,2025-07-21 21:28:47,"Mysuru, Karnataka"
EVT-01142,CASE-029,P-0086,Call Made,2024-11-23 08:35:13,"Jaipur, Rajasthan"
EVT-01143,CASE-009,P-0062,Call Made,2025-06-06 19:58:58,"Mysuru, Karnataka"
EVT-01144,CASE-039,P-0215,Call Made,2024-01-29 01:14:42,"Coimbatore, Tamil Nadu"
EVT-01145,CASE-031,P-0151,Location Ping,2025-12-28 20:53:46,"Mysuru, Karnataka"
EVT-01146,CASE-008,P-0061,Call Made,2024-04-11 10:16:17,"Kanpur, Uttar Pradesh"
EVT-01147,CASE-003,P-0173,Location Ping,2025-10-22 14:13:01,"Mysuru, Karnataka"
EVT-01148,CASE-023,P-0303,Call Made,2024-10-16 15:55:56,"Coimbatore, Tamil Nadu"
EVT-01149,CASE-038,P-0312,Call Made,2025-01-25 22:54:09,"Nagpur, Maharashtra"
EVT-01150,CASE-054,P-0225,Location Ping,2025-11-19 10:29:54,"Mumbai, Maharashtra"
EVT-01151,CASE-060,P-0091,Location Ping,2024-11-03 11:36:19,"Coimbatore, Tamil Nadu"
EVT-01152,CASE-019,P-0261,Call Made,2024-09-24 12:43:17,"Bhopal, Madhya Pradesh"
EVT-01153,CASE-037,P-0370,Location Ping,2024-12-20 21:34:11,"Kanpur, Uttar Pradesh"
EVT-01154,CASE-049,P-0143,Location Ping,2025-12-02 10:52:49,"Chandigarh, Punjab"
EVT-01155,CASE-049,P-0295,Call Made,2024-04-12 13:00:56,"Nagpur, Maharashtra"
EVT-01156,CASE-001,P-0316,Call Made,2025-04-09 15:32:06,"Nagpur, Maharashtra"
EVT-01157,CASE-023,P-0161,Call Made,2024-12-30 19:24:13,"Ahmedabad, Gujarat"
EVT-01158,CASE-054,P-0051,Call Made,2025-10-30 10:45:28,"Chennai, Tamil Nadu"
EVT-01159,CASE-027,P-0276,Call Made,2025-09-01 20:24:34,"Pune, Maharashtra"
EVT-01160,CASE-042,P-0100,Call Made,2025-10-16 02:45:18,"New Delhi, Delhi"
EVT-01161,CASE-008,P-0004,Call Made,2025-04-26 15:17:31,"Jodhpur, Rajasthan"
EVT-01162,CASE-039,P-0251,Call Made,2024-04-27 03:46:56,"Chandigarh, Punjab"
EVT-01163,CASE-003,P-0014,Call Made,2025-12-30 06:06:11,"Bengaluru Urban, Karnataka"
EVT-01164,CASE-054,P-0039,Location Ping,2024-01-11 20:49:54,"Kolkata, West Bengal"
EVT-01165,CASE-019,P-0168,Location Ping,2024-11-11 05:49:51,"New Delhi, Delhi"
EVT-01166,CASE-004,P-0081,Location Ping,2025-10-15 13:28:40,"Jodhpur, Rajasthan"
EVT-01167,CASE-017,P-0260,Call Made,2024-10-24 14:42:28,"Hyderabad, Telangana"
EVT-01168,CASE-055,P-0172,Call Made,2024-03-06 07:58:25,"Chandigarh, Punjab"
EVT-01169,CASE-045,P-0241,Location Ping,2024-10-07 22:01:36,"Mumbai, Maharashtra"
EVT-01170,CASE-018,P-0078,Location Ping,2025-08-27 21:56:19,"Warangal, Telangana"
EVT-01171,CASE-028,P-0249,Call Made,2024-12-08 12:22:29,"Lucknow, Uttar Pradesh"
EVT-01172,CASE-053,P-0096,Call Made,2025-06-15 22:40:29,"Ahmedabad, Gujarat"
EVT-01173,CASE-048,P-0135,Call Made,2025-03-16 19:57:09,"Lucknow, Uttar Pradesh"
EVT-01174,CASE-041,P-0315,Call Made,2024-08-22 19:17:47,"Bhopal, Madhya Pradesh"
EVT-01175,CASE-022,P-0195,Call Made,2024-12-18 08:00:10,"Coimbatore, Tamil Nadu"
EVT-01176,CASE-026,P-0324,Call Made,2024-10-26 07:15:52,"Mysuru, Karnataka"
EVT-01177,CASE-029,P-0299,Call Made,2024-03-09 17:00:26,"Ahmedabad, Gujarat"
EVT-01178,CASE-047,P-0340,Location Ping,2024-06-17 02:46:26,"Lucknow, Uttar Pradesh"
EVT-01179,CASE-028,P-0218,Location Ping,2025-12-31 18:29:52,"New Delhi, Delhi"
EVT-01180,CASE-043,P-0060,Location Ping,2025-06-07 03:03:51,"Mysuru, Karnataka"
EVT-01181,CASE-015,P-0149,Call Made,2025-02-18 14:46:14,"Patna, Bihar"
EVT-01182,CASE-034,P-0138,Location Ping,2024-04-24 13:57:06,"Hyderabad, Telangana"
EVT-01183,CASE-017,P-0260,Call Made,2025-05-26 02:17:19,"Bhopal, Madhya Pradesh"
EVT-01184,CASE-014,P-0138,Location Ping,2024-06-20 08:20:26,"Coimbatore, Tamil Nadu"
EVT-01185,CASE-028,P-0249,Call Made,2025-11-20 05:37:06,"Mysuru, Karnataka"
EVT-01186,CASE-028,P-0373,Location Ping,2024-05-24 23:34:32,"Jaipur, Rajasthan"
EVT-01187,CASE-021,P-0011,Location Ping,2025-02-16 22:16:41,"Hyderabad, Telangana"
EVT-01188,CASE-043,P-0195,Call Made,2024-07-21 12:35:02,"Coimbatore, Tamil Nadu"
EVT-01189,CASE-019,P-0047,Call Made,2024-03-01 05:36:20,"Nagpur, Maharashtra"
EVT-01190,CASE-022,P-0400,Location Ping,2024-11-11 02:11:44,"Pune, Maharashtra"
EVT-01191,CASE-029,P-0361,Location Ping,2024-10-14 05:28:37,"Kanpur, Uttar Pradesh"
EVT-01192,CASE-022,P-0387,Location Ping,2025-01-22 21:06:30,"Surat, Gujarat"
EVT-01193,CASE-050,P-0270,Location Ping,2025-03-31 19:14:20,"Warangal, Telangana"
EVT-01194,CASE-038,P-0053,Call Made,2024-10-07 00:04:09,"Hyderabad, Telangana"
EVT-01195,CASE-019,P-0380,Location Ping,2025-03-14 07:38:37,"Patna, Bihar"
EVT-01196,CASE-049,P-0139,Location Ping,2024-10-27 07:51:01,"Bhopal, Madhya Pradesh"
EVT-01197,CASE-005,P-0044,Call Made,2024-11-30 16:42:27,"Coimbatore, Tamil Nadu"
EVT-01198,CASE-028,P-0218,Call Made,2024-03-02 10:07:58,"Chennai, Tamil Nadu"
EVT-01199,CASE-054,P-0263,Location Ping,2024-10-14 08:09:52,"Pune, Maharashtra"
EVT-01200,CASE-031,P-0381,Location Ping,2025-12-19 16:42:44,"Bhopal, Madhya Pradesh"
EVT-01201,CASE-060,P-0012,Call Made,2025-09-24 20:20:17,"Surat, Gujarat"
EVT-01202,CASE-026,P-0255,Location Ping,2025-04-07 21:12:41,"Mysuru, Karnataka"
EVT-01203,CASE-028,P-0373,Location Ping,2025-03-23 04:08:05,"Jodhpur, Rajasthan"
EVT-01204,CASE-051,P-0202,Location Ping,2025-10-17 17:45:53,"Kanpur, Uttar Pradesh"
EVT-01205,CASE-026,P-0323,Call Made,2025-10-24 21:26:03,"Hyderabad, Telangana"
EVT-01206,CASE-030,P-0043,Location Ping,2025-11-06 20:07:59,"Warangal, Telangana"
EVT-01207,CASE-029,P-0049,Call Made,2024-10-12 18:56:58,"Chandigarh, Punjab"
EVT-01208,CASE-048,P-0211,Location Ping,2024-05-21 01:07:56,"Jodhpur, Rajasthan"
EVT-01209,CASE-018,P-0160,Location Ping,2024-02-10 21:15:52,"Warangal, Telangana"
EVT-01210,CASE-019,P-0380,Call Made,2025-09-07 15:51:11,"Chennai, Tamil Nadu"
EVT-01211,CASE-003,P-0173,Call Made,2024-08-21 18:59:55,"Surat, Gujarat"
EVT-01212,CASE-031,P-0359,Call Made,2025-07-11 23:50:26,"Mumbai, Maharashtra"
EVT-01213,CASE-053,P-0040,Location Ping,2024-06-19 21:17:49,"Kanpur, Uttar Pradesh"
EVT-01214,CASE-025,P-0193,Call Made,2025-12-05 20:17:14,"Pune, Maharashtra"
EVT-01215,CASE-020,P-0066,Call Made,2025-01-20 00:11:23,"Kolkata, West Bengal"
EVT-01216,CASE-008,P-0061,Call Made,2024-04-20 08:43:34,"Bengaluru Urban, Karnataka"
EVT-01217,CASE-020,P-0223,Location Ping,2025-07-20 22:07:32,"New Delhi, Delhi"
EVT-01218,CASE-044,P-0151,Call Made,2025-12-12 14:16:41,"New Delhi, Delhi"
EVT-01219,CASE-032,P-0369,Location Ping,2024-05-01 11:51:02,"Coimbatore, Tamil Nadu"
EVT-01220,CASE-030,P-0163,Location Ping,2025-07-28 02:16:37,"Chennai, Tamil Nadu"
EVT-01221,CASE-019,P-0214,Location Ping,2024-07-20 18:18:25,"Warangal, Telangana"
EVT-01222,CASE-001,P-0092,Call Made,2024-03-28 07:49:16,"Patna, Bihar"
EVT-01223,CASE-019,P-0320,Call Made,2025-11-06 12:15:51,"Pune, Maharashtra"
EVT-01224,CASE-036,P-0240,Location Ping,2025-11-10 20:59:59,"Mysuru, Karnataka"
EVT-01225,CASE-056,P-0305,Location Ping,2024-12-25 11:12:01,"Kanpur, Uttar Pradesh"
EVT-01226,CASE-019,P-0320,Location Ping,2024-11-06 22:13:33,"Surat, Gujarat"
EVT-01227,CASE-041,P-0393,Call Made,2024-05-31 10:40:32,"Kanpur, Uttar Pradesh"
EVT-01228,CASE-056,P-0207,Call Made,2024-08-04 10:32:57,"Mumbai, Maharashtra"
EVT-01229,CASE-033,P-0131,Location Ping,2025-09-25 06:07:39,"Mysuru, Karnataka"
EVT-01230,CASE-018,P-0002,Call Made,2024-01-20 02:19:39,"Jaipur, Rajasthan"
EVT-01231,CASE-010,P-0119,Call Made,2024-01-29 05:55:17,"Pune, Maharashtra"
EVT-01232,CASE-019,P-0111,Location Ping,2025-10-27 03:14:19,"Chennai, Tamil Nadu"
EVT-01233,CASE-034,P-0257,Call Made,2024-08-28 03:41:47,"Chennai, Tamil Nadu"
EVT-01234,CASE-029,P-0390,Location Ping,2025-05-29 15:09:50,"Coimbatore, Tamil Nadu"
EVT-01235,CASE-008,P-0061,Location Ping,2024-01-21 13:25:55,"Bhopal, Madhya Pradesh"
EVT-01236,CASE-024,P-0124,Call Made,2025-03-21 13:52:37,"Bengaluru Urban, Karnataka"
EVT-01237,CASE-002,P-0356,Location Ping,2025-02-14 22:53:20,"Nagpur, Maharashtra"
EVT-01238,CASE-005,P-0129,Call Made,2025-12-06 14:25:14,"Mumbai, Maharashtra"
EVT-01239,CASE-047,P-0351,Call Made,2024-06-02 21:08:33,"Jodhpur, Rajasthan"
EVT-01240,CASE-009,P-0062,Location Ping,2025-07-04 20:12:34,"Mysuru, Karnataka"
EVT-01241,CASE-050,P-0270,Call Made,2025-12-05 02:05:23,"Pune, Maharashtra"
EVT-01242,CASE-042,P-0100,Location Ping,2025-09-01 00:33:12,"Hyderabad, Telangana"
EVT-01243,CASE-045,P-0003,Call Made,2025-07-12 13:40:33,"Jaipur, Rajasthan"
EVT-01244,CASE-011,P-0301,Call Made,2025-12-07 11:08:24,"Hyderabad, Telangana"
EVT-01245,CASE-043,P-0190,Call Made,2024-04-27 02:40:25,"Kanpur, Uttar Pradesh"
EVT-01246,CASE-050,P-0015,Call Made,2025-11-25 02:18:41,"Kolkata, West Bengal"
EVT-01247,CASE-054,P-0314,Call Made,2024-08-11 04:12:30,"Jaipur, Rajasthan"
EVT-01248,CASE-020,P-0336,Call Made,2025-08-30 06:54:09,"Jaipur, Rajasthan"
EVT-01249,CASE-041,P-0315,Call Made,2024-06-25 00:49:23,"Lucknow, Uttar Pradesh"
EVT-01250,CASE-027,P-0378,Call Made,2025-01-29 00:18:29,"Jaipur, Rajasthan"
EVT-01251,CASE-041,P-0099,Location Ping,2024-11-04 10:24:22,"Nagpur, Maharashtra"
EVT-01252,CASE-029,P-0390,Location Ping,2024-02-05 09:19:52,"Kolkata, West Bengal"
EVT-01253,CASE-034,P-0257,Location Ping,2025-04-16 13:48:12,"Patna, Bihar"
EVT-01254,CASE-025,P-0180,Call Made,2025-10-06 11:56:19,"Coimbatore, Tamil Nadu"
EVT-01255,CASE-008,P-0061,Call Made,2024-03-17 15:20:51,"Pune, Maharashtra"
EVT-01256,CASE-028,P-0175,Call Made,2024-05-01 03:30:31,"Jodhpur, Rajasthan"
EVT-01257,CASE-059,P-0239,Location Ping,2025-05-15 20:03:28,"New Delhi, Delhi"
EVT-01258,CASE-021,P-0291,Call Made,2025-07-02 10:24:55,"Nagpur, Maharashtra"
EVT-01259,CASE-037,P-0028,Location Ping,2025-12-17 22:45:59,"Warangal, Telangana"
EVT-01260,CASE-022,P-0195,Location Ping,2025-01-06 15:26:45,"Coimbatore, Tamil Nadu"
EVT-01261,CASE-037,P-0362,Location Ping,2025-08-08 10:56:57,"Warangal, Telangana"
EVT-01262,CASE-025,P-0147,Call Made,2024-06-11 23:19:54,"Coimbatore, Tamil Nadu"
EVT-01263,CASE-006,P-0268,Call Made,2024-05-05 08:26:58,"Kolkata, West Bengal"
EVT-01264,CASE-016,P-0231,Call Made,2025-08-08 22:41:13,"Bhopal, Madhya Pradesh"
EVT-01265,CASE-026,P-0324,Location Ping,2024-04-29 14:11:02,"Jaipur, Rajasthan"
EVT-01266,CASE-045,P-0352,Call Made,2024-05-18 18:03:27,"Jaipur, Rajasthan"
EVT-01267,CASE-058,P-0088,Call Made,2024-10-19 20:17:29,"Chennai, Tamil Nadu"
EVT-01268,CASE-043,P-0072,Call Made,2024-10-15 14:57:04,"Mumbai, Maharashtra"
EVT-01269,CASE-036,P-0240,Call Made,2025-10-09 02:24:36,"Patna, Bihar"
EVT-01270,CASE-011,P-0301,Call Made,2025-10-26 03:54:48,"Bengaluru Urban, Karnataka"
EVT-01271,CASE-044,P-0166,Call Made,2024-07-29 22:10:16,"Jodhpur, Rajasthan"
EVT-01272,CASE-036,P-0240,Location Ping,2024-03-22 04:47:33,"Hyderabad, Telangana"
EVT-01273,CASE-056,P-0280,Location Ping,2025-06-03 15:06:30,"Surat, Gujarat"
EVT-01274,CASE-053,P-0096,Location Ping,2025-08-22 18:17:45,"Bengaluru Urban, Karnataka"
EVT-01275,CASE-057,P-0206,Call Made,2024-01-11 12:37:42,"Nagpur, Maharashtra"
EVT-01276,CASE-026,P-0154,Location Ping,2024-05-15 13:11:28,"Jodhpur, Rajasthan"
EVT-01277,CASE-043,P-0021,Location Ping,2025-05-30 17:18:05,"Jodhpur, Rajasthan"
EVT-01278,CASE-051,P-0120,Location Ping,2025-05-25 04:35:22,"Jaipur, Rajasthan"
EVT-01279,CASE-008,P-0391,Call Made,2024-08-31 18:13:59,"Warangal, Telangana"
EVT-01280,CASE-036,P-0085,Call Made,2024-10-07 19:26:50,"Surat, Gujarat"
EVT-01281,CASE-018,P-0236,Call Made,2025-09-12 19:41:58,"Chennai, Tamil Nadu"
EVT-01282,CASE-025,P-0001,Call Made,2024-10-13 01:22:31,"Nagpur, Maharashtra"
EVT-01283,CASE-059,P-0338,Location Ping,2024-02-25 22:33:59,"Nagpur, Maharashtra"
EVT-01284,CASE-022,P-0052,Location Ping,2024-11-28 15:26:31,"Warangal, Telangana"
EVT-01285,CASE-008,P-0242,Call Made,2025-03-23 13:44:33,"Jodhpur, Rajasthan"
EVT-01286,CASE-028,P-0282,Location Ping,2024-12-16 04:37:34,"New Delhi, Delhi"
EVT-01287,CASE-045,P-0352,Location Ping,2025-09-17 03:33:27,"Chennai, Tamil Nadu"
EVT-01288,CASE-039,P-0251,Location Ping,2025-09-16 00:59:08,"Pune, Maharashtra"
EVT-01289,CASE-054,P-0343,Call Made,2024-07-15 23:50:13,"Chennai, Tamil Nadu"
EVT-01290,CASE-019,P-0380,Call Made,2025-06-01 19:30:32,"Pune, Maharashtra"
EVT-01291,CASE-011,P-0301,Location Ping,2024-03-15 15:19:18,"Mysuru, Karnataka"
EVT-01292,CASE-060,P-0048,Call Made,2024-08-26 19:51:40,"Nagpur, Maharashtra"
EVT-01293,CASE-050,P-0174,Call Made,2025-08-07 00:23:24,"Lucknow, Uttar Pradesh"
EVT-01294,CASE-019,P-0197,Location Ping,2025-02-17 04:49:53,"Chandigarh, Punjab"
EVT-01295,CASE-010,P-0335,Location Ping,2024-01-29 05:20:46,"Chandigarh, Punjab"
EVT-01296,CASE-045,P-0352,Call Made,2024-02-27 15:03:51,"Chennai, Tamil Nadu"
EVT-01297,CASE-059,P-0376,Location Ping,2025-11-24 18:23:13,"Patna, Bihar"
EVT-01298,CASE-022,P-0052,Call Made,2025-09-11 17:44:43,"Bhopal, Madhya Pradesh"
EVT-01299,CASE-020,P-0336,Call Made,2024-12-06 02:05:56,"Jodhpur, Rajasthan"
EVT-01300,CASE-042,P-0325,Location Ping,2024-09-20 09:38:03,"Chandigarh, Punjab"
EVT-01301,CASE-043,P-0060,Location Ping,2024-09-30 17:31:36,"Hyderabad, Telangana"
EVT-01302,CASE-032,P-0310,Location Ping,2024-06-06 16:28:46,"Bengaluru Urban, Karnataka"
EVT-01303,CASE-016,P-0231,Location Ping,2024-09-12 09:34:06,"Ahmedabad, Gujarat"
EVT-01304,CASE-042,P-0258,Call Made,2025-02-02 01:35:02,"Chandigarh, Punjab"
EVT-01305,CASE-018,P-0236,Call Made,2024-06-30 02:41:40,"Bengaluru Urban, Karnataka"
EVT-01306,CASE-059,P-0188,Call Made,2024-05-03 03:23:28,"Bengaluru Urban, Karnataka"
EVT-01307,CASE-034,P-0026,Location Ping,2025-10-16 03:05:30,"Pune, Maharashtra"
EVT-01308,CASE-058,P-0307,Location Ping,2025-09-19 05:54:06,"Jodhpur, Rajasthan"
EVT-01309,CASE-033,P-0375,Location Ping,2025-03-13 07:49:58,"Kanpur, Uttar Pradesh"
EVT-01310,CASE-014,P-0019,Location Ping,2024-01-06 08:23:43,"Mumbai, Maharashtra"
EVT-01311,CASE-048,P-0273,Call Made,2024-11-22 21:29:24,"New Delhi, Delhi"
EVT-01312,CASE-031,P-0379,Location Ping,2024-08-25 19:25:44,"Ahmedabad, Gujarat"
EVT-01313,CASE-019,P-0168,Location Ping,2024-11-07 09:34:22,"Ahmedabad, Gujarat"
EVT-01314,CASE-058,P-0191,Location Ping,2025-12-18 04:37:35,"Ahmedabad, Gujarat"
EVT-01315,CASE-042,P-0020,Location Ping,2025-09-25 23:21:51,"Coimbatore, Tamil Nadu"
EVT-01316,CASE-043,P-0060,Location Ping,2024-11-27 08:58:02,"Mumbai, Maharashtra"
EVT-01317,CASE-041,P-0099,Location Ping,2024-01-26 15:39:14,"Pune, Maharashtra"
EVT-01318,CASE-009,P-0293,Call Made,2024-10-01 04:27:32,"Surat, Gujarat"
EVT-01319,CASE-058,P-0134,Call Made,2024-12-31 06:16:39,"Coimbatore, Tamil Nadu"
EVT-01320,CASE-007,P-0140,Location Ping,2024-07-30 13:53:48,"Chandigarh, Punjab"
EVT-01321,CASE-045,P-0003,Call Made,2024-12-26 17:06:02,"Kanpur, Uttar Pradesh"
EVT-01322,CASE-028,P-0209,Call Made,2025-11-16 15:18:55,"Chandigarh, Punjab"
EVT-01323,CASE-038,P-0107,Call Made,2025-03-18 04:42:11,"Jodhpur, Rajasthan"
EVT-01324,CASE-032,P-0365,Location Ping,2024-06-08 22:02:33,"Mumbai, Maharashtra"
EVT-01325,CASE-038,P-0312,Location Ping,2025-07-12 11:25:36,"Pune, Maharashtra"
EVT-01326,CASE-018,P-0236,Location Ping,2024-09-28 16:05:03,"Bengaluru Urban, Karnataka"
EVT-01327,CASE-058,P-0302,Call Made,2024-12-25 08:50:28,"Lucknow, Uttar Pradesh"
EVT-01328,CASE-010,P-0216,Location Ping,2024-08-20 18:59:35,"Hyderabad, Telangana"
EVT-01329,CASE-038,P-0107,Location Ping,2025-04-21 23:18:33,"Ahmedabad, Gujarat"
EVT-01330,CASE-020,P-0383,Location Ping,2024-09-27 19:53:01,"Ahmedabad, Gujarat"
EVT-01331,CASE-056,P-0272,Location Ping,2024-07-11 15:18:36,"Ahmedabad, Gujarat"
EVT-01332,CASE-052,P-0385,Location Ping,2025-11-10 08:49:31,"Ahmedabad, Gujarat"
EVT-01333,CASE-003,P-0146,Location Ping,2025-07-04 17:24:06,"Warangal, Telangana"
EVT-01334,CASE-039,P-0285,Location Ping,2025-04-20 08:15:33,"Bengaluru Urban, Karnataka"
EVT-01335,CASE-041,P-0393,Call Made,2025-08-07 20:35:32,"Bhopal, Madhya Pradesh"
EVT-01336,CASE-050,P-0399,Location Ping,2024-08-02 05:03:35,"Chandigarh, Punjab"
EVT-01337,CASE-009,P-0377,Location Ping,2024-06-24 20:40:50,"Chandigarh, Punjab"
EVT-01338,CASE-012,P-0207,Location Ping,2024-07-23 21:28:59,"Pune, Maharashtra"
EVT-01339,CASE-029,P-0254,Call Made,2024-06-23 09:31:11,"Mumbai, Maharashtra"
EVT-01340,CASE-057,P-0388,Location Ping,2024-04-09 15:45:15,"Bhopal, Madhya Pradesh"
EVT-01341,CASE-055,P-0298,Call Made,2025-03-23 02:19:30,"New Delhi, Delhi"
EVT-01342,CASE-010,P-0335,Call Made,2024-07-12 13:00:00,"Chennai, Tamil Nadu"
EVT-01343,CASE-039,P-0215,Call Made,2025-11-25 13:23:54,"Chandigarh, Punjab"
EVT-01344,CASE-048,P-0211,Call Made,2024-02-17 12:55:26,"Chennai, Tamil Nadu"
EVT-01345,CASE-031,P-0381,Location Ping,2025-08-14 14:48:49,"Mumbai, Maharashtra"
EVT-01346,CASE-001,P-0308,Location Ping,2024-08-22 01:43:52,"Kolkata, West Bengal"
EVT-01347,CASE-010,P-0335,Call Made,2024-08-10 23:17:13,"Lucknow, Uttar Pradesh"
EVT-01348,CASE-026,P-0016,Location Ping,2025-01-02 02:13:52,"Chandigarh, Punjab"
EVT-01349,CASE-024,P-0106,Call Made,2024-01-29 23:10:47,"Hyderabad, Telangana"
EVT-01350,CASE-028,P-0296,Call Made,2024-08-22 09:25:25,"Warangal, Telangana"
EVT-01351,CASE-037,P-0370,Location Ping,2024-10-23 07:42:08,"Nagpur, Maharashtra"
EVT-01352,CASE-014,P-0036,Call Made,2025-03-16 01:41:46,"Mumbai, Maharashtra"
EVT-01353,CASE-008,P-0004,Call Made,2025-11-27 21:44:40,"Jaipur, Rajasthan"
EVT-01354,CASE-023,P-0384,Call Made,2025-08-27 21:36:26,"Bengaluru Urban, Karnataka"
EVT-01355,CASE-024,P-0394,Location Ping,2024-09-15 21:30:22,"Jodhpur, Rajasthan"
EVT-01356,CASE-043,P-0021,Location Ping,2024-05-27 19:43:15,"Surat, Gujarat"
EVT-01357,CASE-016,P-0187,Location Ping,2024-01-02 19:11:19,"New Delhi, Delhi"
EVT-01358,CASE-030,P-0205,Call Made,2025-12-17 16:20:06,"Chandigarh, Punjab"
EVT-01359,CASE-026,P-0367,Call Made,2024-07-21 19:05:51,"Jaipur, Rajasthan"
EVT-01360,CASE-021,P-0252,Call Made,2024-07-20 11:05:55,"Surat, Gujarat"
EVT-01361,CASE-008,P-0386,Location Ping,2024-06-20 21:05:37,"Nagpur, Maharashtra"
EVT-01362,CASE-012,P-0126,Call Made,2025-12-26 21:15:09,"New Delhi, Delhi"
EVT-01363,CASE-057,P-0388,Call Made,2025-11-18 09:55:53,"Coimbatore, Tamil Nadu"
EVT-01364,CASE-038,P-0134,Call Made,2024-05-27 23:03:35,"Lucknow, Uttar Pradesh"
EVT-01365,CASE-008,P-0226,Call Made,2024-01-27 00:12:51,"Hyderabad, Telangana"
EVT-01366,CASE-052,P-0345,Location Ping,2024-12-21 08:46:40,"Ahmedabad, Gujarat"
EVT-01367,CASE-031,P-0151,Location Ping,2024-11-11 19:09:12,"Coimbatore, Tamil Nadu"
EVT-01368,CASE-032,P-0080,Call Made,2024-08-21 23:51:10,"Hyderabad, Telangana"
EVT-01369,CASE-031,P-0381,Location Ping,2025-01-26 19:20:39,"Jodhpur, Rajasthan"
EVT-01370,CASE-031,P-0192,Call Made,2025-03-04 21:10:28,"Surat, Gujarat"
EVT-01371,CASE-022,P-0194,Location Ping,2024-10-23 06:21:13,"Chandigarh, Punjab"
EVT-01372,CASE-028,P-0249,Call Made,2025-11-19 06:29:31,"Nagpur, Maharashtra"
EVT-01373,CASE-042,P-0332,Location Ping,2024-12-06 07:47:08,"Ahmedabad, Gujarat"
EVT-01374,CASE-052,P-0087,Location Ping,2024-07-23 15:55:14,"Coimbatore, Tamil Nadu"
EVT-01375,CASE-017,P-0341,Location Ping,2024-06-10 10:24:20,"Surat, Gujarat"
EVT-01376,CASE-053,P-0017,Call Made,2024-06-26 09:19:42,"New Delhi, Delhi"
EVT-01377,CASE-030,P-0205,Call Made,2024-05-06 21:25:43,"Chennai, Tamil Nadu"
EVT-01378,CASE-039,P-0321,Location Ping,2024-10-30 13:50:59,"Surat, Gujarat"
EVT-01379,CASE-006,P-0334,Location Ping,2025-08-06 18:57:35,"Surat, Gujarat"
EVT-01380,CASE-020,P-0126,Call Made,2024-06-03 13:04:32,"Coimbatore, Tamil Nadu"
EVT-01381,CASE-024,P-0117,Call Made,2025-04-29 08:54:16,"Hyderabad, Telangana"
EVT-01382,CASE-009,P-0354,Call Made,2024-01-13 14:46:03,"Mysuru, Karnataka"
EVT-01383,CASE-040,P-0368,Location Ping,2025-03-21 12:59:38,"Bengaluru Urban, Karnataka"
EVT-01384,CASE-057,P-0245,Call Made,2025-11-12 19:39:08,"Pune, Maharashtra"
EVT-01385,CASE-043,P-0060,Call Made,2024-06-19 11:01:23,"Coimbatore, Tamil Nadu"
EVT-01386,CASE-008,P-0227,Location Ping,2024-12-29 20:28:00,"Kanpur, Uttar Pradesh"
EVT-01387,CASE-042,P-0100,Call Made,2025-06-04 15:48:38,"Lucknow, Uttar Pradesh"
EVT-01388,CASE-058,P-0302,Location Ping,2025-12-25 12:55:33,"Pune, Maharashtra"
EVT-01389,CASE-052,P-0326,Location Ping,2024-04-20 06:58:06,"Patna, Bihar"
EVT-01390,CASE-041,P-0315,Location Ping,2024-07-12 11:59:52,"Mumbai, Maharashtra"
EVT-01391,CASE-022,P-0387,Location Ping,2025-05-13 11:10:45,"Jaipur, Rajasthan"
EVT-01392,CASE-053,P-0250,Call Made,2024-03-01 18:32:05,"Chennai, Tamil Nadu"
EVT-01393,CASE-008,P-0004,Location Ping,2025-09-25 20:32:57,"Patna, Bihar"
EVT-01394,CASE-032,P-0164,Call Made,2024-01-23 13:24:28,"Coimbatore, Tamil Nadu"
EVT-01395,CASE-008,P-0391,Call Made,2024-02-06 05:55:50,"Mysuru, Karnataka"
EVT-01396,CASE-010,P-0119,Location Ping,2024-02-22 21:30:05,"Chandigarh, Punjab"
EVT-01397,CASE-059,P-0110,Call Made,2024-12-18 19:15:13,"Chennai, Tamil Nadu"
EVT-01398,CASE-047,P-0088,Call Made,2024-08-15 07:50:25,"Mumbai, Maharashtra"
EVT-01399,CASE-004,P-0081,Call Made,2024-12-07 06:00:51,"Lucknow, Uttar Pradesh"
EVT-01400,CASE-021,P-0313,Location Ping,2025-07-20 17:36:42,"Bengaluru Urban, Karnataka"
EVT-01401,CASE-047,P-0340,Location Ping,2024-09-06 10:00:57,"Warangal, Telangana"
EVT-01402,CASE-028,P-0218,Call Made,2025-04-28 08:29:11,"Bhopal, Madhya Pradesh"
EVT-01403,CASE-017,P-0289,Location Ping,2024-02-08 20:55:59,"Jodhpur, Rajasthan"
EVT-01404,CASE-051,P-0202,Call Made,2025-02-20 23:06:17,"Kanpur, Uttar Pradesh"
EVT-01405,CASE-049,P-0391,Location Ping,2025-05-03 11:57:41,"Mysuru, Karnataka"
EVT-01406,CASE-007,P-0165,Call Made,2024-05-19 17:10:56,"Mysuru, Karnataka"
EVT-01407,CASE-011,P-0219,Call Made,2025-09-15 10:44:59,"Chandigarh, Punjab"
EVT-01408,CASE-041,P-0196,Location Ping,2024-10-26 06:05:27,"Jodhpur, Rajasthan"
EVT-01409,CASE-051,P-0024,Location Ping,2025-12-11 14:11:27,"Kolkata, West Bengal"
EVT-01410,CASE-031,P-0400,Call Made,2025-01-12 01:46:31,"Hyderabad, Telangana"
EVT-01411,CASE-059,P-0338,Location Ping,2025-03-21 09:00:52,"Nagpur, Maharashtra"
EVT-01412,CASE-038,P-0200,Call Made,2024-04-10 23:12:10,"Nagpur, Maharashtra"
EVT-01413,CASE-050,P-0078,Call Made,2024-04-02 14:31:48,"Kolkata, West Bengal"
EVT-01414,CASE-058,P-0302,Call Made,2024-07-02 01:52:54,"Jaipur, Rajasthan"
EVT-01415,CASE-026,P-0154,Call Made,2025-06-04 02:25:41,"Nagpur, Maharashtra"
EVT-01416,CASE-032,P-0365,Call Made,2025-11-01 06:37:33,"Patna, Bihar"
EVT-01417,CASE-031,P-0379,Call Made,2025-09-11 18:38:15,"Hyderabad, Telangana"
EVT-01418,CASE-026,P-0161,Location Ping,2024-03-21 10:39:58,"Chandigarh, Punjab"
EVT-01419,CASE-028,P-0185,Location Ping,2024-05-18 09:56:27,"Bhopal, Madhya Pradesh"
EVT-01420,CASE-056,P-0396,Call Made,2025-01-18 16:40:25,"Bengaluru Urban, Karnataka"
EVT-01421,CASE-022,P-0290,Call Made,2024-04-20 09:01:43,"Patna, Bihar"
EVT-01422,CASE-058,P-0224,Location Ping,2024-07-13 00:06:45,"Hyderabad, Telangana"
EVT-01423,CASE-007,P-0017,Call Made,2024-05-07 00:47:19,"Pune, Maharashtra"
EVT-01424,CASE-034,P-0333,Location Ping,2024-04-26 05:44:37,"Mysuru, Karnataka"
EVT-01425,CASE-001,P-0098,Location Ping,2024-05-16 19:37:43,"Jodhpur, Rajasthan"
EVT-01426,CASE-052,P-0385,Location Ping,2025-04-04 02:57:04,"Jodhpur, Rajasthan"
EVT-01427,CASE-023,P-0038,Call Made,2025-07-28 19:18:23,"Pune, Maharashtra"
EVT-01428,CASE-041,P-0393,Call Made,2024-08-13 04:04:03,"Ahmedabad, Gujarat"
EVT-01429,CASE-011,P-0219,Location Ping,2025-11-12 08:21:45,"Pune, Maharashtra"
EVT-01430,CASE-018,P-0078,Location Ping,2025-01-30 00:31:01,"Bhopal, Madhya Pradesh"
EVT-01431,CASE-007,P-0133,Call Made,2024-07-29 11:06:00,"Kanpur, Uttar Pradesh"
EVT-01432,CASE-007,P-0115,Call Made,2024-01-09 00:27:38,"Jaipur, Rajasthan"
EVT-01433,CASE-019,P-0168,Location Ping,2024-02-25 10:27:36,"Bhopal, Madhya Pradesh"
EVT-01434,CASE-032,P-0162,Call Made,2025-09-04 01:48:38,"Kanpur, Uttar Pradesh"
EVT-01435,CASE-059,P-0118,Location Ping,2025-04-29 14:36:02,"Chennai, Tamil Nadu"
EVT-01436,CASE-031,P-0381,Location Ping,2025-05-07 22:56:07,"Coimbatore, Tamil Nadu"
EVT-01437,CASE-051,P-0379,Location Ping,2024-11-17 15:39:36,"Hyderabad, Telangana"
EVT-01438,CASE-038,P-0107,Call Made,2024-12-17 08:25:30,"Patna, Bihar"
EVT-01439,CASE-022,P-0195,Location Ping,2025-09-09 07:58:01,"Chennai, Tamil Nadu"
EVT-01440,CASE-030,P-0163,Location Ping,2025-03-16 14:05:46,"Mysuru, Karnataka"
EVT-01441,CASE-059,P-0213,Location Ping,2024-03-03 13:37:27,"Jodhpur, Rajasthan"
EVT-01442,CASE-001,P-0098,Call Made,2024-04-20 02:35:44,"Bhopal, Madhya Pradesh"
EVT-01443,CASE-057,P-0108,Call Made,2025-05-23 01:40:38,"Jaipur, Rajasthan"
EVT-01444,CASE-019,P-0047,Call Made,2025-04-05 05:32:39,"Ahmedabad, Gujarat"
EVT-01445,CASE-012,P-0141,Call Made,2024-09-07 13:19:58,"Lucknow, Uttar Pradesh"
EVT-01446,CASE-013,P-0374,Call Made,2024-04-27 18:40:36,"Chandigarh, Punjab"
EVT-01447,CASE-015,P-0332,Location Ping,2025-08-11 07:54:25,"Chandigarh, Punjab"
EVT-01448,CASE-031,P-0379,Call Made,2024-12-04 13:36:33,"Hyderabad, Telangana"
EVT-01449,CASE-028,P-0339,Call Made,2025-05-16 13:42:03,"Lucknow, Uttar Pradesh"
EVT-01450,CASE-031,P-0151,Location Ping,2025-05-30 19:21:14,"Chennai, Tamil Nadu"
EVT-01451,CASE-055,P-0157,Location Ping,2024-10-19 19:28:35,"Nagpur, Maharashtra"
EVT-01452,CASE-012,P-0207,Location Ping,2025-04-29 06:55:36,"Kolkata, West Bengal"
EVT-01453,CASE-039,P-0321,Location Ping,2024-03-16 10:00:05,"Coimbatore, Tamil Nadu"
EVT-01454,CASE-037,P-0370,Call Made,2024-06-22 05:40:45,"New Delhi, Delhi"
EVT-01455,CASE-037,P-0269,Call Made,2024-07-30 17:50:38,"Chandigarh, Punjab"
EVT-01456,CASE-052,P-0087,Call Made,2024-02-19 21:22:39,"Nagpur, Maharashtra"
EVT-01457,CASE-004,P-0081,Call Made,2024-03-14 07:01:13,"Chennai, Tamil Nadu"
EVT-01458,CASE-022,P-0052,Location Ping,2025-08-04 21:47:19,"Ahmedabad, Gujarat"
EVT-01459,CASE-002,P-0277,Location Ping,2025-02-22 03:07:53,"Mysuru, Karnataka"
EVT-01460,CASE-059,P-0188,Location Ping,2025-02-20 03:45:53,"Patna, Bihar"
EVT-01461,CASE-041,P-0315,Location Ping,2025-11-25 02:27:40,"Pune, Maharashtra"
EVT-01462,CASE-054,P-0343,Call Made,2025-02-16 07:32:35,"Surat, Gujarat"
EVT-01463,CASE-026,P-0367,Call Made,2024-10-29 12:07:27,"Ahmedabad, Gujarat"
EVT-01464,CASE-031,P-0237,Call Made,2025-10-12 06:00:39,"Pune, Maharashtra"
EVT-01465,CASE-054,P-0343,Location Ping,2024-05-17 23:50:52,"Chandigarh, Punjab"
EVT-01466,CASE-023,P-0303,Location Ping,2025-05-10 18:25:09,"Kolkata, West Bengal"
EVT-01467,CASE-004,P-0267,Call Made,2025-10-08 03:53:41,"Surat, Gujarat"
EVT-01468,CASE-041,P-0265,Location Ping,2025-05-10 09:33:48,"Jodhpur, Rajasthan"
EVT-01469,CASE-009,P-0293,Location Ping,2025-08-04 17:08:52,"Ahmedabad, Gujarat"
EVT-01470,CASE-027,P-0247,Location Ping,2025-07-16 12:26:53,"Mysuru, Karnataka"
EVT-01471,CASE-032,P-0248,Location Ping,2025-05-26 11:24:15,"Chennai, Tamil Nadu"
EVT-01472,CASE-032,P-0175,Call Made,2025-07-09 05:56:16,"Lucknow, Uttar Pradesh"
EVT-01473,CASE-053,P-0250,Call Made,2024-02-28 08:02:05,"Coimbatore, Tamil Nadu"
EVT-01474,CASE-056,P-0396,Call Made,2024-08-25 09:30:37,"Nagpur, Maharashtra"
EVT-01475,CASE-028,P-0282,Location Ping,2024-05-06 16:18:50,"Bhopal, Madhya Pradesh"
EVT-01476,CASE-018,P-0232,Call Made,2025-09-10 03:29:22,"Bengaluru Urban, Karnataka"
EVT-01477,CASE-058,P-0224,Location Ping,2025-12-29 07:15:58,"Kolkata, West Bengal"
EVT-01478,CASE-060,P-0284,Call Made,2024-12-31 21:11:03,"Bhopal, Madhya Pradesh"
EVT-01479,CASE-006,P-0043,Call Made,2025-10-03 02:14:31,"Lucknow, Uttar Pradesh"
EVT-01480,CASE-022,P-0052,Call Made,2025-05-21 04:20:20,"Chennai, Tamil Nadu"
EVT-01481,CASE-042,P-0349,Call Made,2025-07-25 04:01:35,"New Delhi, Delhi"
EVT-01482,CASE-036,P-0085,Call Made,2024-06-19 08:47:49,"Lucknow, Uttar Pradesh"
EVT-01483,CASE-042,P-0070,Location Ping,2024-01-17 06:17:22,"Chennai, Tamil Nadu"
EVT-01484,CASE-037,P-0370,Call Made,2024-01-05 04:20:23,"Jaipur, Rajasthan"
EVT-01485,CASE-026,P-0154,Call Made,2025-02-22 20:11:15,"Surat, Gujarat"
EVT-01486,CASE-030,P-0001,Location Ping,2024-05-26 10:51:54,"Bengaluru Urban, Karnataka"
EVT-01487,CASE-039,P-0215,Location Ping,2025-05-05 17:45:37,"Mumbai, Maharashtra"
EVT-01488,CASE-034,P-0201,Call Made,2024-07-28 20:00:47,"Hyderabad, Telangana"
EVT-01489,CASE-023,P-0303,Call Made,2025-12-27 11:34:58,"Jaipur, Rajasthan"
EVT-01490,CASE-042,P-0100,Location Ping,2025-10-16 08:25:48,"Bhopal, Madhya Pradesh"
EVT-01491,CASE-006,P-0128,Call Made,2024-02-16 07:47:39,"Kanpur, Uttar Pradesh"
EVT-01492,CASE-054,P-0225,Location Ping,2024-05-07 09:26:39,"Kanpur, Uttar Pradesh"
EVT-01493,CASE-043,P-0153,Call Made,2025-10-28 06:26:59,"Hyderabad, Telangana"
EVT-01494,CASE-021,P-0064,Call Made,2025-11-16 01:56:06,"Kolkata, West Bengal"
EVT-01495,CASE-016,P-0278,Call Made,2024-06-15 14:23:10,"Patna, Bihar"
EVT-01496,CASE-031,P-0381,Call Made,2025-01-27 18:09:06,"Surat, Gujarat"
EVT-01497,CASE-017,P-0341,Location Ping,2024-05-17 12:08:12,"Jodhpur, Rajasthan"
EVT-01498,CASE-029,P-0254,Call Made,2024-07-11 11:55:34,"Lucknow, Uttar Pradesh"
EVT-01499,CASE-045,P-0360,Call Made,2024-01-01 15:17:41,"Nagpur, Maharashtra"
EVT-01500,CASE-030,P-0043,Call Made,2025-05-30 14:34:35,"Kolkata, West Bengal"
EVT-01501,CASE-041,P-0007,Call Made,2025-11-30 02:30:03,"Hyderabad, Telangana"
EVT-01502,CASE-022,P-0052,Call Made,2025-06-06 18:07:50,"New Delhi, Delhi"
EVT-01503,CASE-036,P-0366,Location Ping,2025-11-28 06:33:19,"Chennai, Tamil Nadu"
EVT-01504,CASE-024,P-0330,Call Made,2025-02-14 09:15:02,"Patna, Bihar"
EVT-01505,CASE-054,P-0051,Call Made,2024-11-11 09:31:06,"Patna, Bihar"
EVT-01506,CASE-049,P-0295,Location Ping,2024-03-14 18:24:17,"Mumbai, Maharashtra"
EVT-01507,CASE-029,P-0049,Location Ping,2025-10-03 04:50:28,"Chandigarh, Punjab"
EVT-01508,CASE-008,P-0061,Call Made,2025-05-08 01:36:19,"New Delhi, Delhi"
EVT-01509,CASE-050,P-0015,Location Ping,2024-07-11 03:10:01,"Nagpur, Maharashtra"
EVT-01510,CASE-013,P-0374,Location Ping,2025-04-16 05:41:07,"Kanpur, Uttar Pradesh"
EVT-01511,CASE-045,P-0234,Call Made,2024-12-23 19:01:56,"Kolkata, West Bengal"
EVT-01512,CASE-013,P-0130,Location Ping,2025-04-05 22:09:57,"Lucknow, Uttar Pradesh"
EVT-01513,CASE-037,P-0256,Location Ping,2024-09-28 19:25:11,"Patna, Bihar"
EVT-01514,CASE-014,P-0046,Call Made,2025-07-10 06:45:29,"Mysuru, Karnataka"
EVT-01515,CASE-059,P-0171,Location Ping,2024-10-13 07:56:14,"Jodhpur, Rajasthan"
EVT-01516,CASE-022,P-0363,Call Made,2025-04-20 01:42:47,"Jaipur, Rajasthan"
EVT-01517,CASE-028,P-0249,Call Made,2024-09-08 09:41:52,"Kanpur, Uttar Pradesh"
EVT-01518,CASE-025,P-0180,Location Ping,2025-04-24 00:54:59,"Kolkata, West Bengal"
EVT-01519,CASE-003,P-0173,Location Ping,2024-09-10 07:52:55,"Hyderabad, Telangana"
EVT-01520,CASE-032,P-0365,Location Ping,2025-05-02 23:53:13,"Pune, Maharashtra"
EVT-01521,CASE-058,P-0307,Location Ping,2025-11-19 15:19:05,"Mysuru, Karnataka"
EVT-01522,CASE-047,P-0340,Location Ping,2024-07-27 06:03:52,"Patna, Bihar"
EVT-01523,CASE-008,P-0227,Location Ping,2024-11-24 14:14:56,"Chandigarh, Punjab"
EVT-01524,CASE-043,P-0021,Call Made,2025-08-16 18:45:02,"Kanpur, Uttar Pradesh"
EVT-01525,CASE-020,P-0126,Location Ping,2025-01-11 06:27:08,"Pune, Maharashtra"
EVT-01526,CASE-039,P-0125,Location Ping,2024-08-26 10:46:26,"Patna, Bihar"
EVT-01527,CASE-021,P-0011,Location Ping,2025-06-16 12:12:38,"Bhopal, Madhya Pradesh"
EVT-01528,CASE-054,P-0314,Location Ping,2024-08-02 05:16:38,"Nagpur, Maharashtra"
EVT-01529,CASE-032,P-0248,Location Ping,2024-03-28 09:58:57,"Lucknow, Uttar Pradesh"
EVT-01530,CASE-032,P-0164,Call Made,2024-08-12 10:53:21,"Kanpur, Uttar Pradesh"
EVT-01531,CASE-019,P-0277,Call Made,2024-11-05 15:42:36,"Chandigarh, Punjab"
EVT-01532,CASE-052,P-0183,Location Ping,2024-08-15 13:18:22,"Chandigarh, Punjab"
EVT-01533,CASE-024,P-0117,Location Ping,2024-08-13 06:17:08,"Surat, Gujarat"
EVT-01534,CASE-056,P-0369,Call Made,2025-05-29 21:00:13,"Kolkata, West Bengal"
EVT-01535,CASE-004,P-0179,Call Made,2024-09-10 17:30:52,"Chennai, Tamil Nadu"
EVT-01536,CASE-040,P-0368,Call Made,2024-05-07 09:40:25,"Jodhpur, Rajasthan"
EVT-01537,CASE-048,P-0360,Location Ping,2024-01-31 08:35:17,"Jodhpur, Rajasthan"
EVT-01538,CASE-050,P-0015,Location Ping,2025-03-05 10:22:23,"Bhopal, Madhya Pradesh"
EVT-01539,CASE-036,P-0366,Call Made,2025-10-14 08:15:39,"New Delhi, Delhi"
EVT-01540,CASE-058,P-0307,Location Ping,2025-02-19 06:26:09,"Warangal, Telangana"
EVT-01541,CASE-021,P-0252,Call Made,2025-08-21 05:03:17,"Hyderabad, Telangana"
EVT-01542,CASE-047,P-0221,Call Made,2025-11-10 13:57:08,"Mumbai, Maharashtra"
EVT-01543,CASE-028,P-0212,Location Ping,2024-08-24 23:52:21,"New Delhi, Delhi"
EVT-01544,CASE-013,P-0374,Location Ping,2024-07-22 10:23:02,"Bengaluru Urban, Karnataka"
EVT-01545,CASE-025,P-0083,Location Ping,2025-11-03 05:58:19,"Hyderabad, Telangana"
EVT-01546,CASE-022,P-0376,Call Made,2025-12-19 19:43:09,"Kanpur, Uttar Pradesh"
EVT-01547,CASE-042,P-0100,Call Made,2024-02-06 16:40:44,"Pune, Maharashtra"
EVT-01548,CASE-019,P-0047,Call Made,2025-06-11 21:43:32,"Jaipur, Rajasthan"
EVT-01549,CASE-025,P-0095,Location Ping,2024-03-20 02:06:33,"Chandigarh, Punjab"
EVT-01550,CASE-058,P-0134,Location Ping,2025-05-16 00:35:26,"Coimbatore, Tamil Nadu"
EVT-01551,CASE-057,P-0206,Location Ping,2024-10-27 21:42:26,"Ahmedabad, Gujarat"
EVT-01552,CASE-019,P-0168,Location Ping,2025-08-18 22:39:12,"Chandigarh, Punjab"
EVT-01553,CASE-019,P-0197,Location Ping,2025-02-24 11:43:29,"Ahmedabad, Gujarat"
EVT-01554,CASE-055,P-0157,Location Ping,2025-03-18 07:55:05,"Mumbai, Maharashtra"
EVT-01555,CASE-060,P-0091,Call Made,2025-05-22 16:30:12,"Bengaluru Urban, Karnataka"
EVT-01556,CASE-008,P-0226,Call Made,2024-11-17 21:49:19,"Mumbai, Maharashtra"
EVT-01557,CASE-037,P-0362,Call Made,2025-05-05 03:07:42,"Coimbatore, Tamil Nadu"
EVT-01558,CASE-056,P-0396,Location Ping,2025-11-21 03:52:36,"Bengaluru Urban, Karnataka"
EVT-01559,CASE-009,P-0260,Call Made,2024-07-29 18:57:06,"Ahmedabad, Gujarat"
EVT-01560,CASE-043,P-0060,Location Ping,2024-04-12 03:50:07,"Bhopal, Madhya Pradesh"
EVT-01561,CASE-054,P-0343,Location Ping,2025-01-10 21:26:38,"Warangal, Telangana"
EVT-01562,CASE-060,P-0284,Location Ping,2025-03-09 21:32:42,"Jodhpur, Rajasthan"
EVT-01563,CASE-035,P-0034,Call Made,2024-08-21 16:52:28,"Mumbai, Maharashtra"
EVT-01564,CASE-007,P-0165,Call Made,2025-09-03 14:09:07,"Mysuru, Karnataka"
EVT-01565,CASE-042,P-0070,Location Ping,2025-12-07 22:38:03,"Jaipur, Rajasthan"
EVT-01566,CASE-054,P-0230,Location Ping,2024-04-16 08:30:16,"Surat, Gujarat"
EVT-01567,CASE-008,P-0391,Call Made,2024-05-23 02:25:22,"Chennai, Tamil Nadu"
EVT-01568,CASE-014,P-0046,Call Made,2024-09-14 16:55:29,"Hyderabad, Telangana"
EVT-01569,CASE-054,P-0158,Location Ping,2024-12-07 10:18:21,"Pune, Maharashtra"
EVT-01570,CASE-011,P-0301,Location Ping,2024-08-26 16:32:47,"Patna, Bihar"
EVT-01571,CASE-043,P-0190,Location Ping,2025-02-24 08:23:53,"Ahmedabad, Gujarat"
EVT-01572,CASE-042,P-0349,Location Ping,2025-04-08 22:15:00,"Hyderabad, Telangana"
EVT-01573,CASE-051,P-0358,Location Ping,2024-05-12 14:29:50,"Bengaluru Urban, Karnataka"
EVT-01574,CASE-050,P-0023,Call Made,2024-08-30 18:09:52,"Pune, Maharashtra"
EVT-01575,CASE-059,P-0110,Call Made,2024-04-16 13:13:06,"Ahmedabad, Gujarat"
EVT-01576,CASE-058,P-0191,Location Ping,2024-06-18 10:49:21,"Bengaluru Urban, Karnataka"
EVT-01577,CASE-057,P-0206,Call Made,2024-01-03 13:58:10,"Hyderabad, Telangana"
EVT-01578,CASE-050,P-0023,Call Made,2025-05-26 09:41:23,"Chennai, Tamil Nadu"
EVT-01579,CASE-028,P-0212,Call Made,2025-12-22 19:19:39,"Patna, Bihar"
EVT-01580,CASE-022,P-0194,Call Made,2025-05-06 21:42:15,"Kanpur, Uttar Pradesh"
EVT-01581,CASE-049,P-0143,Call Made,2024-11-26 13:44:04,"Warangal, Telangana"
EVT-01582,CASE-001,P-0098,Location Ping,2025-03-07 14:43:12,"Surat, Gujarat"
EVT-01583,CASE-031,P-0379,Location Ping,2024-05-12 19:05:48,"Chennai, Tamil Nadu"
EVT-01584,CASE-005,P-0132,Call Made,2025-06-13 03:45:11,"Jaipur, Rajasthan"
EVT-01585,CASE-042,P-0349,Location Ping,2024-03-19 18:17:30,"Jodhpur, Rajasthan"
EVT-01586,CASE-030,P-0266,Location Ping,2025-01-15 00:20:49,"Jaipur, Rajasthan"
EVT-01587,CASE-014,P-0019,Location Ping,2024-02-21 16:46:13,"Mumbai, Maharashtra"
EVT-01588,CASE-045,P-0241,Call Made,2025-02-14 23:00:30,"Mumbai, Maharashtra"
EVT-01589,CASE-054,P-0306,Location Ping,2025-04-10 11:30:25,"Nagpur, Maharashtra"
EVT-01590,CASE-024,P-0394,Location Ping,2024-12-18 17:11:13,"Ahmedabad, Gujarat"
EVT-01591,CASE-037,P-0022,Location Ping,2024-06-27 21:29:45,"Jaipur, Rajasthan"
EVT-01592,CASE-047,P-0340,Location Ping,2025-08-22 22:09:20,"Mysuru, Karnataka"
EVT-01593,CASE-012,P-0322,Location Ping,2025-11-09 17:39:07,"Kolkata, West Bengal"
EVT-01594,CASE-042,P-0100,Call Made,2025-10-09 05:13:10,"Kanpur, Uttar Pradesh"
EVT-01595,CASE-055,P-0172,Location Ping,2025-03-26 22:48:48,"Ahmedabad, Gujarat"
EVT-01596,CASE-030,P-0266,Call Made,2024-07-20 21:57:30,"Ahmedabad, Gujarat"
EVT-01597,CASE-055,P-0274,Call Made,2024-09-15 22:28:04,"Hyderabad, Telangana"
EVT-01598,CASE-056,P-0009,Call Made,2024-06-21 14:57:25,"Coimbatore, Tamil Nadu"
EVT-01599,CASE-040,P-0317,Call Made,2024-11-23 05:19:37,"Nagpur, Maharashtra"
EVT-01600,CASE-034,P-0333,Call Made,2024-07-05 03:19:25,"Kolkata, West Bengal"
EVT-01601,CASE-020,P-0244,Call Made,2024-11-27 18:10:07,"Mumbai, Maharashtra"
EVT-01602,CASE-009,P-0293,Call Made,2025-09-22 18:21:45,"New Delhi, Delhi"
EVT-01603,CASE-053,P-0275,Location Ping,2025-09-09 00:45:42,"Chennai, Tamil Nadu"
EVT-01604,CASE-028,P-0185,Location Ping,2024-06-01 11:17:00,"Pune, Maharashtra"
EVT-01605,CASE-007,P-0115,Location Ping,2024-05-22 21:09:36,"Surat, Gujarat"
EVT-01606,CASE-009,P-0074,Location Ping,2024-05-21 00:08:14,"Bengaluru Urban, Karnataka"
EVT-01607,CASE-003,P-0173,Location Ping,2024-11-13 08:44:19,"Surat, Gujarat"
EVT-01608,CASE-043,P-0167,Location Ping,2025-07-20 04:23:57,"Hyderabad, Telangana"
EVT-01609,CASE-017,P-0341,Call Made,2024-03-19 20:36:12,"Kolkata, West Bengal"
EVT-01610,CASE-030,P-0205,Location Ping,2024-11-25 23:53:08,"Patna, Bihar"
EVT-01611,CASE-015,P-0056,Location Ping,2024-08-04 20:58:10,"Jodhpur, Rajasthan"
EVT-01612,CASE-016,P-0278,Call Made,2025-07-25 01:30:23,"Patna, Bihar"
EVT-01613,CASE-006,P-0334,Location Ping,2025-12-26 01:59:15,"Chennai, Tamil Nadu"
EVT-01614,CASE-018,P-0232,Call Made,2024-08-29 02:07:10,"Hyderabad, Telangana"
EVT-01615,CASE-039,P-0382,Location Ping,2024-04-16 01:30:30,"Chandigarh, Punjab"
EVT-01616,CASE-042,P-0349,Location Ping,2025-05-03 15:22:00,"Lucknow, Uttar Pradesh"
EVT-01617,CASE-017,P-0289,Location Ping,2024-02-10 21:37:17,"Bhopal, Madhya Pradesh"
EVT-01618,CASE-024,P-0394,Call Made,2024-03-28 02:55:01,"Mumbai, Maharashtra"
EVT-01619,CASE-021,P-0011,Location Ping,2024-06-25 23:53:54,"Chandigarh, Punjab"
EVT-01620,CASE-011,P-0005,Call Made,2025-10-08 17:54:47,"Surat, Gujarat"
EVT-01621,CASE-037,P-0028,Call Made,2025-07-01 00:34:36,"Nagpur, Maharashtra"
EVT-01622,CASE-050,P-0174,Location Ping,2025-12-03 15:00:19,"Ahmedabad, Gujarat"
EVT-01623,CASE-029,P-0361,Location Ping,2024-10-29 19:33:45,"Warangal, Telangana"
EVT-01624,CASE-056,P-0090,Location Ping,2025-03-28 16:54:18,"Jaipur, Rajasthan"
EVT-01625,CASE-036,P-0149,Call Made,2025-03-11 18:32:37,"Jaipur, Rajasthan"
EVT-01626,CASE-013,P-0050,Location Ping,2025-05-08 07:17:53,"Chandigarh, Punjab"
EVT-01627,CASE-022,P-0387,Call Made,2025-02-06 14:02:58,"Bengaluru Urban, Karnataka"
EVT-01628,CASE-043,P-0021,Call Made,2024-04-21 10:16:25,"Nagpur, Maharashtra"
EVT-01629,CASE-042,P-0070,Location Ping,2025-07-21 21:12:54,"New Delhi, Delhi"
EVT-01630,CASE-048,P-0036,Call Made,2025-09-28 21:56:21,"Mysuru, Karnataka"
EVT-01631,CASE-060,P-0091,Call Made,2025-05-11 13:22:25,"Bhopal, Madhya Pradesh"
EVT-01632,CASE-042,P-0070,Call Made,2024-12-24 22:34:49,"Pune, Maharashtra"
EVT-01633,CASE-021,P-0320,Location Ping,2025-12-12 09:41:22,"Warangal, Telangana"
EVT-01634,CASE-016,P-0187,Call Made,2025-09-05 12:56:39,"Warangal, Telangana"
EVT-01635,CASE-013,P-0130,Location Ping,2025-01-20 12:26:36,"Chennai, Tamil Nadu"
EVT-01636,CASE-041,P-0099,Call Made,2024-03-05 11:14:07,"Chennai, Tamil Nadu"
EVT-01637,CASE-056,P-0389,Call Made,2024-06-12 01:11:35,"Kolkata, West Bengal"
EVT-01638,CASE-019,P-0337,Location Ping,2025-10-21 09:02:22,"New Delhi, Delhi"
EVT-01639,CASE-028,P-0235,Call Made,2025-03-25 00:58:47,"Hyderabad, Telangana"
EVT-01640,CASE-059,P-0338,Call Made,2024-08-01 16:16:38,"Surat, Gujarat"
EVT-01641,CASE-057,P-0042,Call Made,2025-07-27 03:14:18,"Bhopal, Madhya Pradesh"
EVT-01642,CASE-056,P-0369,Call Made,2024-12-11 20:53:54,"Kanpur, Uttar Pradesh"
EVT-01643,CASE-058,P-0134,Call Made,2024-10-14 16:52:41,"Surat, Gujarat"
EVT-01644,CASE-007,P-0283,Location Ping,2025-12-19 04:00:38,"Lucknow, Uttar Pradesh"
EVT-01645,CASE-041,P-0099,Call Made,2025-10-01 07:55:54,"Jaipur, Rajasthan"
EVT-01646,CASE-035,P-0034,Location Ping,2025-08-01 06:44:16,"Kolkata, West Bengal"
EVT-01647,CASE-044,P-0079,Location Ping,2025-08-04 18:24:50,"Pune, Maharashtra"
EVT-01648,CASE-009,P-0293,Call Made,2024-04-08 06:48:42,"Jodhpur, Rajasthan"
EVT-01649,CASE-005,P-0122,Call Made,2024-04-04 15:38:42,"Chandigarh, Punjab"
EVT-01650,CASE-037,P-0072,Call Made,2024-01-09 02:31:36,"Hyderabad, Telangana"
EVT-01651,CASE-032,P-0103,Location Ping,2024-08-26 17:51:44,"Mysuru, Karnataka"
EVT-01652,CASE-039,P-0382,Location Ping,2024-04-04 04:29:54,"Hyderabad, Telangana"
EVT-01653,CASE-057,P-0042,Call Made,2025-03-21 19:32:05,"Mumbai, Maharashtra"
EVT-01654,CASE-053,P-0096,Call Made,2025-10-26 13:15:54,"Kolkata, West Bengal"
EVT-01655,CASE-008,P-0004,Call Made,2024-08-08 03:05:26,"Surat, Gujarat"
EVT-01656,CASE-052,P-0041,Call Made,2024-08-20 12:02:36,"Coimbatore, Tamil Nadu"
EVT-01657,CASE-060,P-0091,Call Made,2024-11-07 01:07:57,"Nagpur, Maharashtra"
EVT-01658,CASE-016,P-0102,Location Ping,2024-06-08 17:26:12,"Jodhpur, Rajasthan"
EVT-01659,CASE-048,P-0135,Call Made,2025-12-11 17:04:16,"Kanpur, Uttar Pradesh"
EVT-01660,CASE-056,P-0350,Call Made,2025-06-20 02:23:35,"Jaipur, Rajasthan"
EVT-01661,CASE-005,P-0129,Call Made,2024-06-11 07:46:39,"Jaipur, Rajasthan"
EVT-01662,CASE-024,P-0145,Call Made,2025-07-01 01:22:26,"Pune, Maharashtra"
EVT-01663,CASE-022,P-0387,Location Ping,2025-11-09 17:05:40,"Lucknow, Uttar Pradesh"
EVT-01664,CASE-025,P-0083,Location Ping,2025-05-06 13:32:07,"Ahmedabad, Gujarat"
EVT-01665,CASE-058,P-0184,Call Made,2024-03-07 18:11:27,"Surat, Gujarat"
EVT-01666,CASE-031,P-0381,Location Ping,2024-07-04 22:54:11,"Chandigarh, Punjab"
EVT-01667,CASE-021,P-0246,Call Made,2024-10-04 08:14:11,"Jaipur, Rajasthan"
EVT-01668,CASE-043,P-0190,Call Made,2024-10-22 00:33:37,"Ahmedabad, Gujarat"
EVT-01669,CASE-018,P-0232,Location Ping,2025-06-11 06:32:40,"Bhopal, Madhya Pradesh"
EVT-01670,CASE-044,P-0079,Call Made,2025-10-13 03:24:06,"Kolkata, West Bengal"
EVT-01671,CASE-029,P-0073,Location Ping,2025-01-12 14:39:41,"Chennai, Tamil Nadu"
EVT-01672,CASE-027,P-0378,Call Made,2025-10-26 07:12:28,"Chennai, Tamil Nadu"
EVT-01673,CASE-029,P-0049,Location Ping,2024-11-14 08:19:47,"Pune, Maharashtra"
EVT-01674,CASE-056,P-0009,Call Made,2024-08-17 02:55:26,"Chennai, Tamil Nadu"
EVT-01675,CASE-034,P-0201,Location Ping,2025-09-19 00:00:20,"Warangal, Telangana"
EVT-01676,CASE-019,P-0311,Call Made,2025-09-26 13:59:16,"Lucknow, Uttar Pradesh"
EVT-01677,CASE-058,P-0371,Call Made,2025-11-24 20:20:38,"Bengaluru Urban, Karnataka"
EVT-01678,CASE-037,P-0256,Location Ping,2025-05-07 21:54:47,"Coimbatore, Tamil Nadu"
EVT-01679,CASE-056,P-0222,Location Ping,2024-11-14 03:23:57,"Warangal, Telangana"
EVT-01680,CASE-054,P-0158,Location Ping,2024-04-06 15:43:28,"Mumbai, Maharashtra"
EVT-01681,CASE-026,P-0324,Call Made,2024-04-15 03:27:34,"Patna, Bihar"
EVT-01682,CASE-010,P-0082,Call Made,2024-07-24 02:24:43,"Mysuru, Karnataka"
EVT-01683,CASE-001,P-0010,Location Ping,2024-06-10 23:17:33,"Lucknow, Uttar Pradesh"
EVT-01684,CASE-039,P-0229,Call Made,2024-07-23 12:12:50,"Warangal, Telangana"
EVT-01685,CASE-043,P-0190,Location Ping,2024-03-31 03:30:03,"Kolkata, West Bengal"
EVT-01686,CASE-048,P-0165,Call Made,2025-04-04 19:15:49,"Surat, Gujarat"
EVT-01687,CASE-046,P-0401,Call Made,2025-03-22 21:11:53,"Lucknow, Uttar Pradesh"
EVT-01688,CASE-026,P-0324,Location Ping,2025-01-19 17:00:26,"Jodhpur, Rajasthan"
EVT-01689,CASE-027,P-0309,Call Made,2025-03-18 11:22:39,"Chennai, Tamil Nadu"
EVT-01690,CASE-028,P-0373,Location Ping,2025-12-29 22:37:07,"Bhopal, Madhya Pradesh"
EVT-01691,CASE-007,P-0137,Location Ping,2025-11-07 15:45:46,"Surat, Gujarat"
EVT-01692,CASE-049,P-0035,Call Made,2025-10-26 15:00:20,"Hyderabad, Telangana"
EVT-01693,CASE-028,P-0249,Location Ping,2024-04-15 11:12:42,"Patna, Bihar"
EVT-01694,CASE-026,P-0161,Location Ping,2024-07-25 12:24:02,"Coimbatore, Tamil Nadu"
EVT-01695,CASE-032,P-0310,Location Ping,2025-09-18 01:45:03,"New Delhi, Delhi"
EVT-01696,CASE-053,P-0275,Call Made,2025-08-11 09:55:21,"Jodhpur, Rajasthan"
EVT-01697,CASE-044,P-0152,Call Made,2024-06-06 17:57:59,"Ahmedabad, Gujarat"
EVT-01698,CASE-037,P-0013,Call Made,2025-01-28 23:57:29,"Patna, Bihar"
EVT-01699,CASE-050,P-0015,Location Ping,2024-12-10 05:36:47,"Jaipur, Rajasthan"
EVT-01700,CASE-045,P-0234,Call Made,2024-06-15 13:37:12,"Jodhpur, Rajasthan"
EVT-01701,CASE-054,P-0142,Location Ping,2024-12-15 03:25:12,"Pune, Maharashtra"
EVT-01702,CASE-016,P-0102,Call Made,2024-06-29 15:00:43,"Pune, Maharashtra"
EVT-01703,CASE-037,P-0362,Call Made,2024-09-28 03:49:08,"Coimbatore, Tamil Nadu"
EVT-01704,CASE-019,P-0168,Call Made,2024-05-24 16:41:30,"New Delhi, Delhi"
EVT-01705,CASE-054,P-0314,Location Ping,2024-04-13 11:46:42,"Jaipur, Rajasthan"
EVT-01706,CASE-029,P-0390,Call Made,2024-01-31 16:41:30,"Warangal, Telangana"
EVT-01707,CASE-037,P-0072,Call Made,2025-10-31 19:29:21,"Hyderabad, Telangana"
EVT-01708,CASE-050,P-0078,Call Made,2025-07-16 11:20:33,"Jaipur, Rajasthan"
EVT-01709,CASE-038,P-0053,Location Ping,2024-04-14 01:01:06,"Pune, Maharashtra"
EVT-01710,CASE-052,P-0203,Location Ping,2024-02-21 11:38:14,"Pune, Maharashtra"
EVT-01711,CASE-002,P-0356,Location Ping,2025-06-19 12:35:50,"Chandigarh, Punjab"
EVT-01712,CASE-032,P-0080,Call Made,2025-03-14 20:51:03,"Coimbatore, Tamil Nadu"
EVT-01713,CASE-044,P-0281,Location Ping,2024-10-15 08:15:18,"Hyderabad, Telangana"
EVT-01714,CASE-014,P-0046,Call Made,2025-04-27 15:26:24,"Patna, Bihar"
EVT-01715,CASE-057,P-0388,Call Made,2025-05-07 16:03:20,"Mysuru, Karnataka"
EVT-01716,CASE-042,P-0325,Location Ping,2025-02-26 12:38:11,"Kanpur, Uttar Pradesh"
EVT-01717,CASE-021,P-0344,Location Ping,2024-04-27 07:16:45,"Jodhpur, Rajasthan"
EVT-01718,CASE-052,P-0203,Location Ping,2024-06-07 23:37:31,"Chennai, Tamil Nadu"
EVT-01719,CASE-008,P-0189,Location Ping,2024-03-01 16:25:22,"Patna, Bihar"
EVT-01720,CASE-019,P-0261,Call Made,2024-05-24 02:23:02,"Ahmedabad, Gujarat"
EVT-01721,CASE-036,P-0085,Location Ping,2025-10-08 12:43:12,"Coimbatore, Tamil Nadu"
EVT-01722,CASE-027,P-0204,Location Ping,2024-03-18 10:08:49,"Bengaluru Urban, Karnataka"
EVT-01723,CASE-004,P-0109,Call Made,2024-05-29 10:56:54,"Ahmedabad, Gujarat"
EVT-01724,CASE-037,P-0022,Location Ping,2024-03-18 01:32:04,"Jodhpur, Rajasthan"
EVT-01725,CASE-048,P-0199,Call Made,2025-01-03 20:36:45,"Pune, Maharashtra"
EVT-01726,CASE-051,P-0055,Location Ping,2024-12-14 11:27:26,"Chennai, Tamil Nadu"
EVT-01727,CASE-037,P-0013,Call Made,2025-08-28 02:17:03,"Mumbai, Maharashtra"
EVT-01728,CASE-049,P-0159,Location Ping,2025-08-28 09:40:49,"Hyderabad, Telangana"
EVT-01729,CASE-040,P-0007,Location Ping,2025-07-14 08:38:53,"Mysuru, Karnataka"
EVT-01730,CASE-019,P-0111,Location Ping,2024-06-01 16:46:31,"Lucknow, Uttar Pradesh"
EVT-01731,CASE-036,P-0093,Call Made,2024-09-20 06:44:59,"Kanpur, Uttar Pradesh"
EVT-01732,CASE-012,P-0141,Location Ping,2024-01-24 07:42:28,"Mumbai, Maharashtra"
EVT-01733,CASE-030,P-0001,Location Ping,2024-07-08 01:12:42,"Mysuru, Karnataka"
EVT-01734,CASE-005,P-0156,Call Made,2024-01-21 04:36:59,"Kanpur, Uttar Pradesh"
EVT-01735,CASE-060,P-0012,Location Ping,2024-03-10 11:56:21,"Coimbatore, Tamil Nadu"
EVT-01736,CASE-043,P-0153,Location Ping,2024-05-13 08:04:15,"Chennai, Tamil Nadu"
EVT-01737,CASE-029,P-0395,Call Made,2024-06-07 14:26:57,"New Delhi, Delhi"
EVT-01738,CASE-001,P-0018,Call Made,2025-07-31 07:04:47,"Kolkata, West Bengal"
EVT-01739,CASE-009,P-0062,Call Made,2025-05-23 19:41:15,"Jodhpur, Rajasthan"
EVT-01740,CASE-017,P-0289,Call Made,2024-05-24 04:32:26,"Bengaluru Urban, Karnataka"
EVT-01741,CASE-021,P-0246,Location Ping,2024-09-02 14:38:38,"Warangal, Telangana"
EVT-01742,CASE-046,P-0033,Call Made,2025-01-20 05:41:57,"Bengaluru Urban, Karnataka"
EVT-01743,CASE-033,P-0375,Call Made,2025-01-03 03:16:23,"Pune, Maharashtra"
EVT-01744,CASE-002,P-0355,Location Ping,2024-08-25 23:35:03,"Hyderabad, Telangana"
EVT-01745,CASE-035,P-0121,Call Made,2024-04-22 09:23:55,"Hyderabad, Telangana"
EVT-01746,CASE-009,P-0354,Location Ping,2025-10-27 12:26:30,"Mysuru, Karnataka"
EVT-01747,CASE-022,P-0230,Location Ping,2024-04-22 00:32:35,"Nagpur, Maharashtra"
EVT-01748,CASE-023,P-0084,Call Made,2024-04-21 21:40:23,"Surat, Gujarat"
EVT-01749,CASE-031,P-0192,Call Made,2025-12-08 21:09:31,"Chandigarh, Punjab"
EVT-01750,CASE-059,P-0338,Call Made,2024-04-20 05:30:26,"Pune, Maharashtra"
EVT-01751,CASE-058,P-0191,Location Ping,2025-07-30 06:09:50,"Kanpur, Uttar Pradesh"
EVT-01752,CASE-032,P-0372,Call Made,2024-10-18 21:56:04,"Bhopal, Madhya Pradesh"
EVT-01753,CASE-003,P-0331,Call Made,2025-06-07 19:46:55,"Chennai, Tamil Nadu"
EVT-01754,CASE-059,P-0239,Location Ping,2024-09-02 07:03:20,"Bengaluru Urban, Karnataka"
EVT-01755,CASE-016,P-0231,Call Made,2024-12-31 07:29:20,"Lucknow, Uttar Pradesh"
EVT-01756,CASE-008,P-0386,Location Ping,2025-04-13 02:43:48,"Ahmedabad, Gujarat"
EVT-01757,CASE-034,P-0257,Call Made,2024-07-28 23:39:33,"Jaipur, Rajasthan"
EVT-01758,CASE-030,P-0279,Location Ping,2024-03-27 22:50:19,"Jodhpur, Rajasthan"
EVT-01759,CASE-055,P-0022,Call Made,2024-03-23 03:40:17,"Bengaluru Urban, Karnataka"
